name,stored,kind,p3_evaluated,p3_any,files,p3_typeclass-instance,p3_recursor,p3_structure-projection,p3_generated,p3_internal-detail,p3_eq-machinery,p3_logic-core,p3_coercion
AddCancelCommMonoid,0,inductive,1,0,Algebra_Group_Basic,0,0,0,0,0,0,0,0
AddCancelCommMonoid.toAddCancelMonoid,0,def,1,1,Algebra_Group_Basic,1,0,0,0,0,0,0,0
AddCancelCommMonoid.toAddCommMonoid,0,def,1,1,Algebra_Group_Basic,1,0,1,0,0,0,0,0
AddCancelCommMonoid.toAddLeftCancelMonoid,0,def,1,1,Algebra_Group_Basic|Analysis_SpecialFunctions_Log_Basic,1,0,0,0,0,0,0,0
AddCancelMonoid.toAddLeftCancelMonoid,0,def,1,1,Algebra_Group_Basic,1,0,1,0,0,0,0,0
AddCancelMonoid.toAddRightCancelMonoid,0,def,1,1,Algebra_Group_Basic,1,0,0,0,0,0,0,0
AddCommGroup,0,inductive,1,0,Algebra_Group_Basic,0,0,0,0,0,0,0,0
AddCommGroup.add_comm,0,axiom,1,1,Algebra_Group_Basic,0,0,1,0,0,0,0,0
AddCommGroup.toAddCancelCommMonoid,0,def,1,1,Analysis_SpecialFunctions_Log_Basic,1,0,0,0,0,0,0,0
AddCommGroup.toAddCommMonoid,0,def,1,1,Algebra_Group_Basic,1,0,0,0,0,0,0,0
AddCommGroup.toAddGroup,0,def,1,1,Algebra_Group_Basic|Analysis_SpecialFunctions_Log_Basic,1,0,1,0,0,0,0,0
AddCommGroup.toDivisionAddCommMonoid,0,def,1,1,Algebra_Group_Basic|Analysis_SpecialFunctions_Log_Basic,1,0,0,0,0,0,0,0
AddCommGroup.toGrindIntModule,1,def,0,0,Algebra_Group_Basic,0,0,0,0,0,0,0,0
AddCommGroup.toGrindIntModule._proof_1,1,theorem,1,1,Algebra_Group_Basic,0,0,0,0,1,0,0,0
AddCommGroup.toGrindIntModule._proof_2,1,theorem,1,1,Algebra_Group_Basic,0,0,0,0,1,0,0,0
AddCommGroup.toGrindIntModule._proof_3,1,theorem,1,1,Algebra_Group_Basic,0,0,0,0,1,0,0,0
AddCommGroup.toGrindIntModule._proof_4,1,theorem,1,1,Algebra_Group_Basic,0,0,0,0,1,0,0,0
AddCommGroup.toGrindIntModule._proof_5,1,theorem,1,1,Algebra_Group_Basic,0,0,0,0,1,0,0,0
AddCommGroup.toGrindIntModule._proof_6,1,theorem,1,1,Algebra_Group_Basic,0,0,0,0,1,0,0,0
AddCommGroup.toGrindIntModule._proof_7,1,theorem,1,1,Algebra_Group_Basic,0,0,0,0,1,0,0,0
AddCommGroup.toGrindIntModule._proof_8,1,theorem,1,1,Algebra_Group_Basic,0,0,0,0,1,0,0,0
AddCommMagma.toAdd,0,def,1,1,Algebra_Group_Basic|Analysis_SpecialFunctions_Log_Basic|Data_Nat_GCD_Basic,1,0,1,0,0,0,0,0
AddCommMagma.to_isCommutative,0,axiom,1,1,Algebra_Group_Basic,1,0,0,0,0,0,0,0
AddCommMonoid,0,inductive,1,0,Algebra_Group_Basic,0,0,0,0,0,0,0,0
AddCommMonoid.add_comm,0,axiom,1,1,Algebra_Group_Basic,0,0,1,0,0,0,0,0
AddCommMonoid.toAddCommSemigroup,0,def,1,1,Algebra_Group_Basic,1,0,0,0,0,0,0,0
AddCommMonoid.toAddMonoid,0,def,1,1,Algebra_Group_Basic|Analysis_SpecialFunctions_Log_Basic,1,0,1,0,0,0,0,0
AddCommMonoid.toGrindNatModule,1,def,0,0,Algebra_Group_Basic,0,0,0,0,0,0,0,0
AddCommMonoid.toGrindNatModule._proof_1,1,theorem,1,1,Algebra_Group_Basic,0,0,0,0,1,0,0,0
AddCommMonoid.toGrindNatModule._proof_2,1,theorem,1,1,Algebra_Group_Basic,0,0,0,0,1,0,0,0
AddCommMonoid.toGrindNatModule._proof_3,1,theorem,1,1,Algebra_Group_Basic,0,0,0,0,1,0,0,0
AddCommMonoid.toGrindNatModule._proof_4,1,theorem,1,1,Algebra_Group_Basic,0,0,0,0,1,0,0,0
AddCommMonoidWithOne.toAddMonoidWithOne,0,def,1,1,Analysis_SpecialFunctions_Log_Basic,1,0,1,0,0,0,0,0
AddCommSemigroup,0,inductive,1,0,Algebra_Group_Basic,0,0,0,0,0,0,0,0
AddCommSemigroup.toAddCommMagma,0,def,1,1,Algebra_Group_Basic|Analysis_SpecialFunctions_Log_Basic|Data_Nat_GCD_Basic,1,0,0,0,0,0,0,0
AddCommSemigroup.toAddSemigroup,0,def,1,1,Algebra_Group_Basic,1,0,1,0,0,0,0,0
AddGroup,0,inductive,1,0,Algebra_Group_Basic,0,0,0,0,0,0,0,0
AddGroup.addLeftReflectLE_of_addLeftMono,0,axiom,1,1,Analysis_SpecialFunctions_Log_Basic,1,0,0,0,0,0,0,0
AddGroup.neg_add_cancel,0,axiom,1,1,Algebra_Group_Basic,0,0,1,0,0,0,0,0
AddGroup.toAddCancelMonoid,0,def,1,1,Algebra_Group_Basic,1,0,0,0,0,0,0,0
AddGroup.toOrderedSub,0,axiom,1,1,Analysis_SpecialFunctions_Log_Basic,1,0,0,0,0,0,0,0
AddGroup.toSubNegMonoid,0,def,1,1,Algebra_Group_Basic|Analysis_SpecialFunctions_Log_Basic,1,0,1,0,0,0,0,0
AddGroup.toSubtractionMonoid,0,def,1,1,Algebra_Group_Basic|Analysis_SpecialFunctions_Log_Basic,1,0,0,0,0,0,0,0
AddGroupWithOne.toAddGroup,0,def,1,1,Analysis_SpecialFunctions_Log_Basic,1,0,0,0,0,0,0,0
AddGroupWithOne.toAddMonoidWithOne,0,def,1,1,Analysis_SpecialFunctions_Log_Basic,1,0,1,0,0,0,0,0
AddGroupWithOne.toIntCast,0,def,1,1,Analysis_SpecialFunctions_Log_Basic,1,0,1,0,0,0,0,0
AddLeftCancelMonoid.toAddLeftCancelSemigroup,0,def,1,1,Algebra_Group_Basic|Analysis_SpecialFunctions_Log_Basic,1,0,0,0,0,0,0,0
AddLeftCancelSemigroup.toIsLeftCancelAdd,0,axiom,1,1,Algebra_Group_Basic|Analysis_SpecialFunctions_Log_Basic,1,0,1,0,0,0,0,0
AddMonoid,0,inductive,1,0,Algebra_Group_Basic,0,0,0,0,0,0,0,0
AddMonoid.add_zero,0,axiom,1,1,Algebra_Group_Basic,0,0,1,0,0,0,0,0
AddMonoid.nsmul_zero,0,axiom,1,1,Algebra_Group_Basic,0,0,1,0,0,0,0,0
AddMonoid.toAddSemigroup,0,def,1,1,Algebra_Group_Basic|Analysis_SpecialFunctions_Log_Basic,1,0,1,0,0,0,0,0
AddMonoid.toAddZeroClass,0,def,1,1,Algebra_Group_Basic|Analysis_SpecialFunctions_Log_Basic|Data_Nat_GCD_Basic,1,0,0,0,0,0,0,0
AddMonoid.toNSMul,0,def,1,1,Algebra_Group_Basic,1,0,1,0,0,0,0,0
AddMonoid.toZero,0,def,1,1,Algebra_Group_Basic,0,0,1,0,0,0,0,0
AddMonoidWithOne,0,inductive,1,0,Analysis_SpecialFunctions_Log_Basic,0,0,0,0,0,0,0,0
AddMonoidWithOne.toAddMonoid,0,def,1,1,Analysis_SpecialFunctions_Log_Basic,1,0,1,0,0,0,0,0
AddMonoidWithOne.toNatCast,0,def,1,1,Analysis_SpecialFunctions_Log_Basic,1,0,1,0,0,0,0,0
AddMonoidWithOne.toOne,0,def,1,1,Analysis_SpecialFunctions_Log_Basic,1,0,1,0,0,0,0,0
AddRightCancelMonoid.toAddRightCancelSemigroup,0,def,1,1,Algebra_Group_Basic,1,0,0,0,0,0,0,0
AddRightCancelSemigroup.toIsRightCancelAdd,0,axiom,1,1,Algebra_Group_Basic,1,0,1,0,0,0,0,0
AddSemigroup,0,inductive,1,0,Algebra_Group_Basic,0,0,0,0,0,0,0,0
AddSemigroup.add_assoc,0,axiom,1,1,Algebra_Group_Basic,0,0,1,0,0,0,0,0
AddSemigroup.toAdd,0,def,1,1,Algebra_Group_Basic|Analysis_SpecialFunctions_Log_Basic,1,0,1,0,0,0,0,0
AddSemigroup.to_isAssociative,1,theorem,1,1,Algebra_Group_Basic,1,0,0,0,0,0,0,0
AddSemigroup.to_isLawfulIdentity,1,theorem,0,0,Algebra_Group_Basic,0,0,0,0,0,0,0,0
AddZero.toAdd,0,def,1,1,Algebra_Group_Basic|Analysis_SpecialFunctions_Log_Basic|Data_Nat_GCD_Basic,1,0,1,0,0,0,0,0
AddZero.toZero,0,def,1,1,Algebra_Group_Basic|Analysis_SpecialFunctions_Log_Basic|Data_Nat_GCD_Basic,1,0,1,0,0,0,0,0
AddZeroClass,0,inductive,1,0,Algebra_Group_Basic,0,0,0,0,0,0,0,0
AddZeroClass.toAddZero,0,def,1,1,Algebra_Group_Basic|Analysis_SpecialFunctions_Log_Basic|Data_Nat_GCD_Basic,1,0,1,0,0,0,0,0
Aesop.BuiltinRules.not_intro,0,axiom,1,0,Algebra_Group_Basic,0,0,0,0,0,0,0,0
Alternative.failure,0,def,1,1,Analysis_SpecialFunctions_Log_Basic,0,0,1,0,0,0,0,0
And,0,inductive,1,0,Algebra_Group_Basic|Analysis_SpecialFunctions_Log_Basic|Data_Nat_GCD_Basic|Logic_Function_Basic|Order_Lattice|Topology_Basic,0,0,0,0,0,0,0,0
And.casesOn,0,def,1,1,Analysis_SpecialFunctions_Log_Basic|Logic_Function_Basic|Order_Lattice|Topology_Basic,0,0,0,1,0,0,0,0
And.elim,0,def,1,0,Logic_Function_Basic,0,0,0,0,0,0,0,0
And.intro,0,constructor,1,1,Algebra_Group_Basic|Analysis_SpecialFunctions_Log_Basic|Data_Nat_GCD_Basic|Logic_Function_Basic|Order_Lattice|Topology_Basic,0,0,0,0,0,0,1,0
And.left,0,axiom,1,1,Algebra_Group_Basic|Analysis_SpecialFunctions_Log_Basic|Data_Nat_GCD_Basic|Logic_Function_Basic|Order_Lattice|Topology_Basic,0,0,1,0,0,0,1,0
And.right,0,axiom,1,1,Algebra_Group_Basic|Data_Nat_GCD_Basic|Logic_Function_Basic|Order_Lattice|Topology_Basic,0,0,1,0,0,0,1,0
And.symm,0,axiom,1,0,Algebra_Group_Basic|Logic_Function_Basic,0,0,0,0,0,0,0,0
Antitone,0,def,1,0,Order_Lattice,0,0,0,0,0,0,0,0
Antitone._to_dual_cast_2,0,axiom,1,1,Order_Lattice,0,0,0,0,1,0,0,0
Antitone.dual_left,0,axiom,1,0,Order_Lattice,0,0,0,0,0,0,0,0
Antitone.dual_right,0,axiom,1,0,Order_Lattice,0,0,0,0,0,0,0,0
Antitone.inf,1,theorem,1,0,Order_Lattice,0,0,0,0,0,0,0,0
Antitone.le_map_inf,1,theorem,0,0,Order_Lattice,0,0,0,0,0,0,0,0
Antitone.map_inf,1,theorem,0,0,Order_Lattice,0,0,0,0,0,0,0,0
Antitone.map_sup,1,theorem,0,0,Order_Lattice,0,0,0,0,0,0,0,0
Antitone.map_sup_le,1,theorem,0,0,Order_Lattice,0,0,0,0,0,0,0,0
Antitone.max,1,theorem,0,0,Order_Lattice,0,0,0,0,0,0,0,0
Antitone.min,1,theorem,0,0,Order_Lattice,0,0,0,0,0,0,0,0
Antitone.sup,1,theorem,1,0,Order_Lattice,0,0,0,0,0,0,0,0
AntitoneOn,0,def,1,0,Order_Lattice,0,0,0,0,0,0,0,0
AntitoneOn._to_dual_cast_4,0,axiom,1,1,Order_Lattice,0,0,0,0,1,0,0,0
AntitoneOn.inf,1,theorem,1,0,Order_Lattice,0,0,0,0,0,0,0,0
AntitoneOn.map_inf,1,theorem,0,0,Order_Lattice,0,0,0,0,0,0,0,0
AntitoneOn.map_sup,1,theorem,0,0,Order_Lattice,0,0,0,0,0,0,0,0
AntitoneOn.max,1,theorem,0,0,Order_Lattice,0,0,0,0,0,0,0,0
AntitoneOn.min,1,theorem,0,0,Order_Lattice,0,0,0,0,0,0,0,0
AntitoneOn.of_map_inf,1,theorem,0,0,Order_Lattice,0,0,0,0,0,0,0,0
AntitoneOn.of_map_sup,1,theorem,0,0,Order_Lattice,0,0,0,0,0,0,0,0
AntitoneOn.sup,1,theorem,1,0,Order_Lattice,0,0,0,0,0,0,0,0
Applicative.toPure,0,def,1,1,Analysis_SpecialFunctions_Log_Basic|Logic_Function_Basic,1,0,1,0,0,0,0,0
Asymptotics.IsLittleO,0,def,1,0,Analysis_SpecialFunctions_Log_Basic,0,0,0,0,0,0,0,0
Asymptotics.IsLittleO.congr_left,0,axiom,1,0,Analysis_SpecialFunctions_Log_Basic,0,0,0,0,0,0,0,0
Asymptotics.isLittleO_iff_tendsto',0,axiom,1,0,Analysis_SpecialFunctions_Log_Basic,0,0,0,0,0,0,0,0
Asymptotics.isLittleO_of_tendsto',0,axiom,1,0,Analysis_SpecialFunctions_Log_Basic,0,0,0,0,0,0,0,0
Bind.bind,0,def,1,1,Analysis_SpecialFunctions_Log_Basic|Logic_Function_Basic,0,0,1,0,0,0,0,0
Bool,0,inductive,1,0,Algebra_Group_Basic|Analysis_SpecialFunctions_Log_Basic|Data_Nat_GCD_Basic|Logic_Function_Basic|Order_Lattice|Topology_Basic,0,0,0,0,0,0,0,0
Bool.false,0,constructor,1,0,Analysis_SpecialFunctions_Log_Basic|Logic_Function_Basic|Topology_Basic,0,0,0,0,0,0,0,0
Bool.forall_bool,0,axiom,1,0,Topology_Basic,0,0,0,0,0,0,0,0
Bool.instDistribLattice,1,def,0,0,Order_Lattice,0,0,0,0,0,0,0,0
Bool.instPartialOrder,1,def,0,0,Order_Lattice,0,0,0,0,0,0,0,0
Bool.involutive_not,1,theorem,0,0,Logic_Function_Basic,0,0,0,0,0,0,0,0
Bool.linearOrder,0,def,1,1,Order_Lattice,1,0,0,0,0,0,0,0
Bool.not,0,def,1,0,Logic_Function_Basic,0,0,0,0,0,0,0,0
Bool.not_not,0,axiom,1,0,Logic_Function_Basic,0,0,0,0,0,0,0,0
Bool.or,0,def,1,0,Logic_Function_Basic,0,0,0,0,0,0,0,0
Bool.true,0,constructor,1,0,Algebra_Group_Basic|Analysis_SpecialFunctions_Log_Basic|Data_Nat_GCD_Basic|Logic_Function_Basic|Topology_Basic,0,0,0,0,0,0,0,0
BooleanAlgebra.toCompl,0,def,1,1,Topology_Basic,1,0,1,0,0,0,0,0
CancelCommMonoid,0,inductive,1,0,Algebra_Group_Basic,0,0,0,0,0,0,0,0
CancelCommMonoid.toCancelMonoid,0,def,1,1,Algebra_Group_Basic,1,0,0,0,0,0,0,0
CancelCommMonoid.toCommMonoid,0,def,1,1,Algebra_Group_Basic,1,0,1,0,0,0,0,0
CancelCommMonoid.toLeftCancelMonoid,0,def,1,1,Algebra_Group_Basic,1,0,0,0,0,0,0,0
CancelMonoid.toLeftCancelMonoid,0,def,1,1,Algebra_Group_Basic,1,0,1,0,0,0,0,0
CancelMonoid.toRightCancelMonoid,0,def,1,1,Algebra_Group_Basic,1,0,0,0,0,0,0,0
CharP.cast_eq_zero,0,axiom,1,0,Analysis_SpecialFunctions_Log_Basic,0,0,0,0,0,0,0,0
CharP.ofCharZero,0,axiom,1,1,Analysis_SpecialFunctions_Log_Basic,1,0,0,0,0,0,0,0
CharZero,0,inductive,1,0,Analysis_SpecialFunctions_Log_Basic,0,0,0,0,0,0,0,0
CharZero.NeZero.two,0,axiom,1,1,Analysis_SpecialFunctions_Log_Basic,1,0,0,0,0,0,0,0
Classical.arbitrary,0,def,1,0,Logic_Function_Basic,0,0,0,0,0,0,0,0
Classical.arbitrary.congr_simp,1,theorem,0,0,Logic_Function_Basic,0,0,0,0,0,0,0,0
Classical.byContradiction,0,axiom,1,1,Algebra_Group_Basic|Analysis_SpecialFunctions_Log_Basic|Logic_Function_Basic|Order_Lattice,0,0,0,0,0,0,1,0
Classical.choice,0,axiom,1,0,Logic_Function_Basic|Topology_Basic,0,0,0,0,0,0,0,0
Classical.choose,0,def,1,0,Logic_Function_Basic,0,0,0,0,0,0,0,0
Classical.choose_spec,0,axiom,1,0,Logic_Function_Basic,0,0,0,0,0,0,0,0
Classical.decEq,0,def,1,0,Logic_Function_Basic,0,0,0,0,0,0,0,0
Classical.epsilon,0,def,1,0,Topology_Basic,0,0,0,0,0,0,0,0
Classical.epsilon.congr_simp,1,theorem,0,0,Topology_Basic,0,0,0,0,0,0,0,0
Classical.epsilon.eq_1,1,theorem,0,0,Topology_Basic,0,0,0,0,0,0,0,0
Classical.epsilon_spec,0,axiom,1,0,Topology_Basic,0,0,0,0,0,0,0,0
Classical.indefiniteDescription,0,def,1,0,Topology_Basic,0,0,0,0,0,0,0,0
Classical.indefiniteDescription.congr_simp,1,theorem,0,0,Topology_Basic,0,0,0,0,0,0,0,0
Classical.not_forall,0,axiom,1,0,Logic_Function_Basic,0,0,0,0,0,0,0,0
Classical.not_forall._simp_1,0,theorem,1,1,Logic_Function_Basic,0,0,0,0,1,0,0,0
Classical.not_imp._simp_1,0,theorem,1,1,Logic_Function_Basic,0,0,0,0,1,0,0,0
Classical.not_not,0,axiom,1,0,Logic_Function_Basic,0,0,0,0,0,0,0,0
Classical.not_not._simp_1,0,theorem,1,1,Logic_Function_Basic,0,0,0,0,1,0,0,0
Classical.propDecidable,0,def,1,0,Analysis_SpecialFunctions_Log_Basic|Logic_Function_Basic|Topology_Basic,0,0,0,0,0,0,0,0
Classical.strongIndefiniteDescription,0,def,1,0,Topology_Basic,0,0,0,0,0,0,0,0
Classical.strongIndefiniteDescription._proof_1,0,axiom,1,1,Topology_Basic,0,0,0,0,1,0,0,0
Classical.strongIndefiniteDescription._proof_2,0,axiom,1,1,Topology_Basic,0,0,0,0,1,0,0,0
Classical.strongIndefiniteDescription.congr_simp,1,theorem,0,0,Topology_Basic,0,0,0,0,0,0,0,0
Classical.strongIndefiniteDescription.eq_1,1,theorem,0,0,Topology_Basic,0,0,0,0,0,0,0,0
CommGroup,0,inductive,1,0,Algebra_Group_Basic,0,0,0,0,0,0,0,0
CommGroup.toCommMonoid,0,def,1,1,Algebra_Group_Basic,1,0,0,0,0,0,0,0
CommGroup.toDivisionCommMonoid,0,def,1,1,Algebra_Group_Basic,1,0,0,0,0,0,0,0
CommGroup.toGroup,0,def,1,1,Algebra_Group_Basic,1,0,1,0,0,0,0,0
CommGroupWithZero,0,inductive,1,0,Analysis_SpecialFunctions_Log_Basic,0,0,0,0,0,0,0,0
CommGroupWithZero.toDivisionCommMonoid,0,def,1,1,Analysis_SpecialFunctions_Log_Basic,1,0,0,0,0,0,0,0
CommGroupWithZero.toGroupWithZero,0,def,1,1,Analysis_SpecialFunctions_Log_Basic,1,0,0,0,0,0,0,0
CommMagma.toMul,0,def,1,1,Algebra_Group_Basic|Analysis_SpecialFunctions_Log_Basic|Data_Nat_GCD_Basic,1,0,1,0,0,0,0,0
CommMagma.to_isCommutative,0,axiom,1,1,Algebra_Group_Basic,1,0,0,0,0,0,0,0
CommMonoid,0,inductive,1,0,Algebra_Group_Basic|Data_Nat_GCD_Basic,0,0,0,0,0,0,0,0
CommMonoid.toCommSemigroup,0,def,1,1,Algebra_Group_Basic,1,0,0,0,0,0,0,0
CommMonoid.toMonoid,0,def,1,1,Algebra_Group_Basic|Analysis_SpecialFunctions_Log_Basic|Data_Nat_GCD_Basic,1,0,1,0,0,0,0,0
CommMonoidWithZero.toMonoidWithZero,0,def,1,1,Data_Nat_GCD_Basic,1,0,0,0,0,0,0,0
CommRing.toNonAssocCommRing,0,def,1,1,Analysis_SpecialFunctions_Log_Basic,1,0,0,0,0,0,0,0
CommRing.toNonUnitalCommRing,0,def,1,1,Analysis_SpecialFunctions_Log_Basic,1,0,0,0,0,0,0,0
CommRing.toRing,0,def,1,1,Analysis_SpecialFunctions_Log_Basic,1,0,1,0,0,0,0,0
CommSemigroup,0,inductive,1,0,Algebra_Group_Basic,0,0,0,0,0,0,0,0
CommSemigroup.toCommMagma,0,def,1,1,Algebra_Group_Basic|Data_Nat_GCD_Basic,1,0,0,0,0,0,0,0
CommSemigroup.toSemigroup,0,def,1,1,Algebra_Group_Basic,1,0,1,0,0,0,0,0
CommSemiring.toCommMonoid,0,def,1,1,Analysis_SpecialFunctions_Log_Basic,1,0,0,0,0,0,0,0
CommSemiring.toSemiring,0,def,1,1,Analysis_SpecialFunctions_Log_Basic,1,0,1,0,0,0,0,0
Compl.compl,0,def,1,1,Analysis_SpecialFunctions_Log_Basic|Topology_Basic,0,0,1,0,0,0,0,0
ConditionallyCompleteLattice.toConditionallyCompletePartialOrder,0,def,1,1,Analysis_SpecialFunctions_Log_Basic,1,0,0,0,0,0,0,0
ConditionallyCompleteLattice.toLattice,0,def,1,1,Analysis_SpecialFunctions_Log_Basic,1,0,1,0,0,0,0,0
ConditionallyCompleteLinearOrder.toConditionallyCompleteLattice,0,def,1,1,Analysis_SpecialFunctions_Log_Basic,1,0,1,0,0,0,0,0
ConditionallyCompletePartialOrder.toConditionallyCompletePartialOrderSup,0,def,1,1,Analysis_SpecialFunctions_Log_Basic,1,0,1,0,0,0,0,0
ConditionallyCompletePartialOrderSup.toPartialOrder,0,def,1,1,Analysis_SpecialFunctions_Log_Basic,1,0,1,0,0,0,0,0
Continuous,0,inductive,1,0,Analysis_SpecialFunctions_Log_Basic,0,0,0,0,0,0,0,0
Continuous.comp,0,axiom,1,0,Analysis_SpecialFunctions_Log_Basic,0,0,0,0,0,0,0,0
Continuous.log,1,theorem,0,0,Analysis_SpecialFunctions_Log_Basic,0,0,0,0,0,0,0,0
Continuous.norm,0,axiom,1,0,Analysis_SpecialFunctions_Log_Basic,0,0,0,0,0,0,0,0
Continuous.subtype_mk,0,axiom,1,0,Analysis_SpecialFunctions_Log_Basic,0,0,0,0,0,0,0,0
ContinuousAt,0,def,1,0,Analysis_SpecialFunctions_Log_Basic,0,0,0,0,0,0,0,0
ContinuousAt.continuousWithinAt,0,axiom,1,0,Analysis_SpecialFunctions_Log_Basic,0,0,0,0,0,0,0,0
ContinuousAt.log,1,theorem,0,0,Analysis_SpecialFunctions_Log_Basic,0,0,0,0,0,0,0,0
ContinuousAt.tendsto,0,axiom,1,0,Analysis_SpecialFunctions_Log_Basic,0,0,0,0,0,0,0,0
ContinuousMul.to_continuousSMul,0,axiom,1,1,Analysis_SpecialFunctions_Log_Basic,1,0,0,0,0,0,0,0
ContinuousOn,0,def,1,0,Analysis_SpecialFunctions_Log_Basic,0,0,0,0,0,0,0,0
ContinuousOn.comp_continuous,0,axiom,1,0,Analysis_SpecialFunctions_Log_Basic,0,0,0,0,0,0,0,0
ContinuousOn.image_Icc_of_monotoneOn,0,axiom,1,0,Analysis_SpecialFunctions_Log_Basic,0,0,0,0,0,0,0,0
ContinuousOn.image_Ici_of_monotoneOn,0,axiom,1,0,Analysis_SpecialFunctions_Log_Basic,0,0,0,0,0,0,0,0
ContinuousOn.image_Ico_of_strictMonoOn,0,axiom,1,0,Analysis_SpecialFunctions_Log_Basic,0,0,0,0,0,0,0,0
ContinuousOn.image_Ioc_of_strictMonoOn,0,axiom,1,0,Analysis_SpecialFunctions_Log_Basic,0,0,0,0,0,0,0,0
ContinuousOn.image_Ioi_of_strictMonoOn,0,axiom,1,0,Analysis_SpecialFunctions_Log_Basic,0,0,0,0,0,0,0,0
ContinuousOn.image_Ioo_of_strictMonoOn,0,axiom,1,0,Analysis_SpecialFunctions_Log_Basic,0,0,0,0,0,0,0,0
ContinuousOn.image_uIcc_of_monotoneOn,0,axiom,1,0,Analysis_SpecialFunctions_Log_Basic,0,0,0,0,0,0,0,0
ContinuousOn.log,1,theorem,0,0,Analysis_SpecialFunctions_Log_Basic,0,0,0,0,0,0,0,0
ContinuousOn.mono,0,axiom,1,0,Analysis_SpecialFunctions_Log_Basic,0,0,0,0,0,0,0,0
ContinuousWithinAt,0,def,1,0,Analysis_SpecialFunctions_Log_Basic,0,0,0,0,0,0,0,0
ContinuousWithinAt.continuousAt,0,axiom,1,0,Analysis_SpecialFunctions_Log_Basic,0,0,0,0,0,0,0,0
ContinuousWithinAt.log,1,theorem,1,0,Analysis_SpecialFunctions_Log_Basic,0,0,0,0,0,0,0,0
DFunLike,0,inductive,1,0,Analysis_SpecialFunctions_Log_Basic,0,0,0,0,0,0,0,0
DFunLike.coe,0,def,1,1,Analysis_SpecialFunctions_Log_Basic|Order_Lattice,0,0,1,0,0,0,0,0
Decidable,0,inductive,1,0,Algebra_Group_Basic|Logic_Function_Basic|Order_Lattice|Topology_Basic,0,0,0,0,0,0,0,0
Decidable.byContradiction,0,axiom,1,0,Data_Nat_GCD_Basic,0,0,0,0,0,0,0,0
Decidable.decide,0,def,1,0,Analysis_SpecialFunctions_Log_Basic|Data_Nat_GCD_Basic,0,0,0,0,0,0,0,0
Decidable.eq_or_ne,0,axiom,1,0,Logic_Function_Basic,0,0,0,0,0,0,0,0
DecidableEq,0,def,1,0,Logic_Function_Basic|Order_Lattice,0,0,0,0,0,0,0,0
DecidableLE,0,def,1,0,Order_Lattice,0,0,0,0,0,0,0,0
DecidableLT,0,def,1,0,Order_Lattice,0,0,0,0,0,0,0,0
DecidablePred,0,def,1,0,Logic_Function_Basic,0,0,0,0,0,0,0,0
Distrib.rightDistribClass,0,axiom,1,1,Analysis_SpecialFunctions_Log_Basic,1,0,0,0,0,0,0,0
Distrib.toAdd,0,def,1,1,Analysis_SpecialFunctions_Log_Basic,1,0,1,0,0,0,0,0
Distrib.toMul,0,def,1,1,Analysis_SpecialFunctions_Log_Basic,1,0,1,0,0,0,0,0
DistribLattice,1,inductive,1,0,Order_Lattice,0,0,0,0,0,0,0,0
DistribLattice.casesOn,1,def,1,1,Order_Lattice,0,0,0,1,0,0,0,0
DistribLattice.ctorIdx,1,def,0,0,Order_Lattice,0,0,0,0,0,0,0,0
DistribLattice.le_sup_inf,1,theorem,1,1,Order_Lattice,0,0,1,0,0,0,0,0
DistribLattice.lt._inherited_default,1,def,0,0,Order_Lattice,0,0,0,0,0,0,0,0
DistribLattice.mk,1,constructor,1,0,Order_Lattice,0,0,0,0,0,0,0,0
DistribLattice.mk._flat_ctor,1,def,0,0,Order_Lattice,0,0,0,0,0,0,0,0
DistribLattice.mk.noConfusion,1,def,0,0,Order_Lattice,0,0,0,0,0,0,0,0
DistribLattice.noConfusion,1,def,1,1,Order_Lattice,0,0,0,1,0,0,0,0
DistribLattice.noConfusionType,1,def,1,1,Order_Lattice,0,0,0,1,0,0,0,0
DistribLattice.ofInfSupLe,1,def,0,0,Order_Lattice,0,0,0,0,0,0,0,0
DistribLattice.ofInfSupLe._proof_1,1,theorem,1,1,Order_Lattice,0,0,0,0,1,0,0,0
DistribLattice.ofInfSupLe._proof_2,1,theorem,1,1,Order_Lattice,0,0,0,0,1,0,0,0
DistribLattice.ofInfSupLe._proof_3,1,theorem,1,1,Order_Lattice,0,0,0,0,1,0,0,0
DistribLattice.ofInfSupLe._proof_4,1,theorem,1,1,Order_Lattice,0,0,0,0,1,0,0,0
DistribLattice.rec,1,recursor,1,1,Order_Lattice,0,1,0,1,0,0,0,0
DistribLattice.recOn,1,def,0,0,Order_Lattice,0,0,0,0,0,0,0,0
DistribLattice.toLattice,1,def,1,1,Analysis_SpecialFunctions_Log_Basic|Order_Lattice,1,0,1,0,0,0,0,0
DivInvMonoid,0,inductive,1,0,Algebra_Group_Basic,0,0,0,0,0,0,0,0
DivInvMonoid.toDiv,0,def,1,1,Algebra_Group_Basic|Analysis_SpecialFunctions_Log_Basic,1,0,1,0,0,0,0,0
DivInvMonoid.toInv,0,def,1,1,Algebra_Group_Basic|Analysis_SpecialFunctions_Log_Basic,1,0,1,0,0,0,0,0
DivInvMonoid.toMonoid,0,def,1,1,Algebra_Group_Basic|Analysis_SpecialFunctions_Log_Basic,1,0,1,0,0,0,0,0
DivInvMonoid.toZPow,0,def,1,1,Algebra_Group_Basic|Analysis_SpecialFunctions_Log_Basic,1,0,1,0,0,0,0,0
DivInvMonoid.zpow_neg',0,axiom,1,1,Algebra_Group_Basic,0,0,1,0,0,0,0,0
DivInvOneMonoid,0,inductive,1,0,Algebra_Group_Basic,0,0,0,0,0,0,0,0
DivInvOneMonoid.mk,0,constructor,1,0,Algebra_Group_Basic,0,0,0,0,0,0,0,0
DivInvOneMonoid.toDivInvMonoid,0,def,1,1,Algebra_Group_Basic,1,0,1,0,0,0,0,0
DivInvOneMonoid.toInvOneClass,0,def,1,1,Algebra_Group_Basic|Analysis_SpecialFunctions_Log_Basic,1,0,0,0,0,0,0,0
DivisionCommMonoid,0,inductive,1,0,Algebra_Group_Basic,0,0,0,0,0,0,0,0
DivisionCommMonoid.toCommMonoid,0,def,1,1,Algebra_Group_Basic,1,0,0,0,0,0,0,0
DivisionCommMonoid.toDivisionMonoid,0,def,1,1,Algebra_Group_Basic|Analysis_SpecialFunctions_Log_Basic,1,0,1,0,0,0,0,0
DivisionMonoid,0,inductive,1,0,Algebra_Group_Basic,0,0,0,0,0,0,0,0
DivisionMonoid.toDivInvMonoid,0,def,1,1,Algebra_Group_Basic,1,0,1,0,0,0,0,0
DivisionMonoid.toDivInvOneMonoid,1,def,1,1,Algebra_Group_Basic|Analysis_SpecialFunctions_Log_Basic,1,0,0,0,0,0,0,0
DivisionMonoid.toDivInvOneMonoid._proof_1,1,theorem,1,1,Algebra_Group_Basic,0,0,0,0,1,0,0,0
DivisionMonoid.toDivInvOneMonoid.eq_1,1,theorem,0,0,Algebra_Group_Basic,0,0,0,0,0,0,0,0
DivisionMonoid.toInvolutiveInv,0,def,1,1,Algebra_Group_Basic,1,0,0,0,0,0,0,0
DivisionRing.toDivInvMonoid,0,def,1,1,Analysis_SpecialFunctions_Log_Basic,1,0,0,0,0,0,0,0
DivisionRing.toDivisionSemiring,0,def,1,1,Analysis_SpecialFunctions_Log_Basic,1,0,0,0,0,0,0,0
DivisionRing.toRatCast,0,def,1,1,Analysis_SpecialFunctions_Log_Basic,1,0,1,0,0,0,0,0
DivisionRing.toRing,0,def,1,1,Analysis_SpecialFunctions_Log_Basic,1,0,1,0,0,0,0,0
DivisionSemiring.toGroupWithZero,0,def,1,1,Analysis_SpecialFunctions_Log_Basic,1,0,0,0,0,0,0,0
DivisionSemiring.toSemiring,0,def,1,1,Analysis_SpecialFunctions_Log_Basic,1,0,1,0,0,0,0,0
Dvd.dvd,0,def,1,1,Data_Nat_GCD_Basic,0,0,1,0,0,0,0,0
Dvd.dvd.trans,0,axiom,1,0,Data_Nat_GCD_Basic,0,0,0,0,0,0,0,0
EStateM,0,def,1,0,Logic_Function_Basic,0,0,0,0,0,0,0,0
EStateM.instMonad,0,def,1,1,Logic_Function_Basic,1,0,0,0,0,0,0,0
EStateM.instMonadExceptOfOfBacktrackable,0,def,1,1,Logic_Function_Basic,1,0,0,0,0,0,0,0
EStateM.nonBacktrackable,0,def,1,1,Logic_Function_Basic,1,0,0,0,0,0,0,0
EmptyCollection.emptyCollection,0,def,1,1,Topology_Basic,0,0,1,0,0,0,0,0
Eq,0,inductive,1,0,Algebra_Group_Basic|Analysis_SpecialFunctions_Log_Basic|Data_Nat_GCD_Basic|Logic_Function_Basic|Order_Lattice|Topology_Basic,0,0,0,0,0,0,0,0
Eq.casesOn,0,def,1,1,Analysis_SpecialFunctions_Log_Basic|Data_Nat_GCD_Basic|Logic_Function_Basic|Order_Lattice|Topology_Basic,0,0,0,1,0,0,0,0
Eq.ge,0,axiom,1,0,Order_Lattice,0,0,0,0,0,0,0,0
Eq.le,0,axiom,1,0,Order_Lattice,0,0,0,0,0,0,0,0
Eq.mp,0,def,1,1,Algebra_Group_Basic|Analysis_SpecialFunctions_Log_Basic|Data_Nat_GCD_Basic|Logic_Function_Basic|Order_Lattice|Topology_Basic,0,0,0,0,0,1,0,0
Eq.mpr,0,def,1,1,Algebra_Group_Basic|Analysis_SpecialFunctions_Log_Basic|Data_Nat_GCD_Basic|Logic_Function_Basic|Order_Lattice|Topology_Basic,0,0,0,0,0,1,0,0
Eq.mpr_prop,0,axiom,1,0,Logic_Function_Basic,0,0,0,0,0,0,0,0
Eq.ndrec,0,def,1,1,Algebra_Group_Basic|Analysis_SpecialFunctions_Log_Basic|Data_Nat_GCD_Basic|Logic_Function_Basic|Order_Lattice|Topology_Basic,0,0,0,1,0,1,0,0
Eq.rec,0,recursor,1,1,Analysis_SpecialFunctions_Log_Basic|Data_Nat_GCD_Basic|Logic_Function_Basic|Order_Lattice|Topology_Basic,0,1,0,1,0,1,0,0
Eq.recOn,0,def,1,1,Logic_Function_Basic,0,0,0,1,0,0,0,0
Eq.refl,0,constructor,1,1,Algebra_Group_Basic|Analysis_SpecialFunctions_Log_Basic|Data_Nat_GCD_Basic|Logic_Function_Basic|Order_Lattice|Topology_Basic,0,0,0,0,0,1,0,0
Eq.symm,0,axiom,1,1,Algebra_Group_Basic|Analysis_SpecialFunctions_Log_Basic|Data_Nat_GCD_Basic|Logic_Function_Basic|Order_Lattice|Topology_Basic,0,0,0,0,0,1,0,0
Eq.trans,0,axiom,1,1,Algebra_Group_Basic|Analysis_SpecialFunctions_Log_Basic|Data_Nat_GCD_Basic|Logic_Function_Basic|Order_Lattice|Topology_Basic,0,0,0,0,0,1,0,0
Eq.trans_ge,0,axiom,1,0,Order_Lattice,0,0,0,0,0,0,0,0
Eq.trans_le,0,axiom,1,0,Order_Lattice,0,0,0,0,0,0,0,0
Equiv,0,inductive,1,0,Order_Lattice,0,0,0,0,0,0,0,0
Equiv.apply_symm_apply,0,axiom,1,0,Order_Lattice,0,0,0,0,0,0,0,0
Equiv.distribLattice,1,def,0,0,Order_Lattice,0,0,0,0,0,0,0,0
Equiv.distribLattice._proof_1,1,theorem,1,1,Order_Lattice,0,0,0,0,1,0,0,0
Equiv.distribLattice._proof_2,1,theorem,1,1,Order_Lattice,0,0,0,0,1,0,0,0
Equiv.distribLattice._proof_3,1,theorem,1,1,Order_Lattice,0,0,0,0,1,0,0,0
Equiv.distribLattice._proof_4,1,theorem,1,1,Order_Lattice,0,0,0,0,1,0,0,0
Equiv.injective,0,axiom,1,0,Order_Lattice,0,0,0,0,0,0,0,0
Equiv.instEquivLike,0,def,1,1,Order_Lattice,1,0,0,0,0,0,0,0
Equiv.lattice,1,def,1,0,Order_Lattice,0,0,0,0,0,0,0,0
Equiv.lattice._proof_1,1,theorem,1,1,Order_Lattice,0,0,0,0,1,0,0,0
Equiv.lattice._proof_2,1,theorem,1,1,Order_Lattice,0,0,0,0,1,0,0,0
Equiv.lattice._proof_3,1,theorem,1,1,Order_Lattice,0,0,0,0,1,0,0,0
Equiv.lattice._proof_4,1,theorem,1,1,Order_Lattice,0,0,0,0,1,0,0,0
Equiv.le,0,def,1,0,Order_Lattice,0,0,0,0,0,0,0,0
Equiv.linearOrder,1,def,0,0,Order_Lattice,0,0,0,0,0,0,0,0
Equiv.linearOrder._proof_1,1,theorem,1,1,Order_Lattice,0,0,0,0,1,0,0,0
Equiv.linearOrder._proof_2,1,theorem,1,1,Order_Lattice,0,0,0,0,1,0,0,0
Equiv.linearOrder._proof_3,1,theorem,1,1,Order_Lattice,0,0,0,0,1,0,0,0
Equiv.linearOrder._proof_4,1,theorem,1,1,Order_Lattice,0,0,0,0,1,0,0,0
Equiv.linearOrder._proof_5,1,theorem,1,1,Order_Lattice,0,0,0,0,1,0,0,0
Equiv.lt,0,def,1,0,Order_Lattice,0,0,0,0,0,0,0,0
Equiv.max,0,def,1,0,Order_Lattice,0,0,0,0,0,0,0,0
Equiv.min,0,def,1,0,Order_Lattice,0,0,0,0,0,0,0,0
Equiv.ord,0,def,1,0,Order_Lattice,0,0,0,0,0,0,0,0
Equiv.partialOrder,1,def,1,0,Order_Lattice,0,0,0,0,0,0,0,0
Equiv.partialOrder._proof_1,1,theorem,1,1,Order_Lattice,0,0,0,0,1,0,0,0
Equiv.partialOrder._proof_2,1,theorem,1,1,Order_Lattice,0,0,0,0,1,0,0,0
Equiv.preorder,1,def,1,0,Order_Lattice,0,0,0,0,0,0,0,0
Equiv.preorder._proof_1,1,theorem,1,1,Order_Lattice,0,0,0,0,1,0,0,0
Equiv.preorder._proof_2,1,theorem,1,1,Order_Lattice,0,0,0,0,1,0,0,0
Equiv.semilatticeInf,1,def,1,0,Order_Lattice,0,0,0,0,0,0,0,0
Equiv.semilatticeInf._proof_1,1,theorem,1,1,Order_Lattice,0,0,0,0,1,0,0,0
Equiv.semilatticeInf._proof_2,1,theorem,1,1,Order_Lattice,0,0,0,0,1,0,0,0
Equiv.semilatticeInf._proof_3,1,theorem,1,1,Order_Lattice,0,0,0,0,1,0,0,0
Equiv.semilatticeSup,1,def,1,0,Order_Lattice,0,0,0,0,0,0,0,0
Equiv.semilatticeSup._proof_1,1,theorem,1,1,Order_Lattice,0,0,0,0,1,0,0,0
Equiv.semilatticeSup._proof_2,1,theorem,1,1,Order_Lattice,0,0,0,0,1,0,0,0
Equiv.semilatticeSup._proof_3,1,theorem,1,1,Order_Lattice,0,0,0,0,1,0,0,0
Equiv.symm,0,def,1,0,Order_Lattice,0,0,0,0,0,0,0,0
EquivLike.toFunLike,0,def,1,1,Order_Lattice,1,0,0,0,0,0,0,0
Equivalence,0,inductive,1,0,Logic_Function_Basic,0,0,0,0,0,0,0,0
Equivalence.mk,0,constructor,1,0,Logic_Function_Basic,0,0,0,0,0,0,0,0
Equivalence.refl,0,axiom,1,1,Logic_Function_Basic,0,0,1,0,0,0,0,0
Equivalence.symm,0,axiom,1,1,Logic_Function_Basic,0,0,1,0,0,0,0,0
Equivalence.trans,0,axiom,1,1,Logic_Function_Basic,0,0,1,0,0,0,0,0
Exists,0,inductive,1,0,Analysis_SpecialFunctions_Log_Basic|Data_Nat_GCD_Basic|Logic_Function_Basic|Order_Lattice|Topology_Basic,0,0,0,0,0,0,0,0
Exists.casesOn,0,def,1,1,Analysis_SpecialFunctions_Log_Basic|Data_Nat_GCD_Basic|Logic_Function_Basic|Order_Lattice|Topology_Basic,0,0,0,1,0,0,0,0
Exists.choose,0,def,1,0,Logic_Function_Basic,0,0,0,0,0,0,0,0
Exists.choose_spec,0,axiom,1,0,Logic_Function_Basic,0,0,0,0,0,0,0,0
Exists.imp,0,axiom,1,0,Order_Lattice,0,0,0,0,0,0,0,0
Exists.intro,0,constructor,1,1,Algebra_Group_Basic|Analysis_SpecialFunctions_Log_Basic|Data_Nat_GCD_Basic|Logic_Function_Basic|Order_Lattice|Topology_Basic,0,0,0,0,0,0,1,0
Exists.nonempty,0,axiom,1,0,Topology_Basic,0,0,0,0,0,0,0,0
ExistsUnique,0,def,1,0,Logic_Function_Basic,0,0,0,0,0,0,0,0
ExistsUnique.exists,0,axiom,1,0,Logic_Function_Basic,0,0,0,0,0,0,0,0
ExistsUnique.unique,0,axiom,1,0,Logic_Function_Basic,0,0,0,0,0,0,0,0
False,0,inductive,1,0,Algebra_Group_Basic|Analysis_SpecialFunctions_Log_Basic|Data_Nat_GCD_Basic|Logic_Function_Basic|Order_Lattice|Topology_Basic,0,0,0,0,0,0,0,0
False.elim,0,def,1,1,Algebra_Group_Basic|Analysis_SpecialFunctions_Log_Basic|Logic_Function_Basic|Topology_Basic,0,0,0,0,0,0,1,0
Field.toDivisionRing,0,def,1,1,Analysis_SpecialFunctions_Log_Basic,1,0,0,0,0,0,0,0
Field.toGrindField,0,def,1,1,Analysis_SpecialFunctions_Log_Basic,1,0,0,0,0,0,0,0
Field.toSemifield,0,def,1,1,Analysis_SpecialFunctions_Log_Basic,1,0,0,0,0,0,0,0
Filter,0,inductive,1,0,Analysis_SpecialFunctions_Log_Basic|Topology_Basic,0,0,0,0,0,0,0,0
Filter.Tendsto,0,def,1,0,Analysis_SpecialFunctions_Log_Basic|Topology_Basic,0,0,0,0,0,0,0,0
Filter.Tendsto.add,0,axiom,1,0,Analysis_SpecialFunctions_Log_Basic,0,0,0,0,0,0,0,0
Filter.Tendsto.comp,0,axiom,1,0,Analysis_SpecialFunctions_Log_Basic,0,0,0,0,0,0,0,0
Filter.Tendsto.congr',0,axiom,1,0,Analysis_SpecialFunctions_Log_Basic,0,0,0,0,0,0,0,0
Filter.Tendsto.div_atTop,0,axiom,1,0,Analysis_SpecialFunctions_Log_Basic,0,0,0,0,0,0,0,0
Filter.Tendsto.eq_1,1,theorem,0,0,Topology_Basic,0,0,0,0,0,0,0,0
Filter.Tendsto.log,1,theorem,1,0,Analysis_SpecialFunctions_Log_Basic,0,0,0,0,0,0,0,0
Filter.Tendsto.mono_left,0,axiom,1,0,Analysis_SpecialFunctions_Log_Basic,0,0,0,0,0,0,0,0
Filter.atBot,0,def,1,0,Analysis_SpecialFunctions_Log_Basic,0,0,0,0,0,0,0,0
Filter.atTop,0,def,1,0,Analysis_SpecialFunctions_Log_Basic,0,0,0,0,0,0,0,0
Filter.atTop_neBot,0,axiom,1,1,Analysis_SpecialFunctions_Log_Basic,1,0,0,0,0,0,0,0
Filter.comap,0,def,1,0,Analysis_SpecialFunctions_Log_Basic,0,0,0,0,0,0,0,0
Filter.eventually_gt_atTop,0,axiom,1,0,Analysis_SpecialFunctions_Log_Basic,0,0,0,0,0,0,0,0
Filter.eventually_ne_atTop,0,axiom,1,0,Analysis_SpecialFunctions_Log_Basic,0,0,0,0,0,0,0,0
Filter.instPartialOrder,0,def,1,1,Topology_Basic,1,0,0,0,0,0,0,0
Filter.lim,0,def,1,0,Topology_Basic,0,0,0,0,0,0,0,0
Filter.lim.congr_simp,1,theorem,0,0,Topology_Basic,0,0,0,0,0,0,0,0
Filter.lim.eq_1,1,theorem,0,0,Topology_Basic,0,0,0,0,0,0,0,0
Filter.limUnder,0,def,1,0,Topology_Basic,0,0,0,0,0,0,0,0
Filter.limUnder.congr_simp,1,theorem,0,0,Topology_Basic,0,0,0,0,0,0,0,0
Filter.limUnder.eq_1,1,theorem,0,0,Topology_Basic,0,0,0,0,0,0,0,0
Filter.map,0,def,1,0,Topology_Basic,0,0,0,0,0,0,0,0
Filter.mp_mem,0,axiom,1,0,Analysis_SpecialFunctions_Log_Basic,0,0,0,0,0,0,0,0
Filter.tendsto_comap_iff,0,axiom,1,0,Analysis_SpecialFunctions_Log_Basic,0,0,0,0,0,0,0,0
Filter.tendsto_id,0,axiom,1,0,Analysis_SpecialFunctions_Log_Basic,0,0,0,0,0,0,0,0
Filter.univ_mem',0,axiom,1,0,Analysis_SpecialFunctions_Log_Basic,0,0,0,0,0,0,0,0
Finite,0,inductive,1,0,Topology_Basic,0,0,0,0,0,0,0,0
Finset,0,inductive,1,0,Analysis_SpecialFunctions_Log_Basic|Topology_Basic,0,0,0,0,0,0,0,0
Finset.finite_toSet,0,axiom,1,0,Topology_Basic,0,0,0,0,0,0,0,0
Finset.instSetLike,0,def,1,1,Analysis_SpecialFunctions_Log_Basic|Topology_Basic,1,0,0,0,0,0,0,0
Finset.mem_toList._simp_1,0,theorem,1,1,Analysis_SpecialFunctions_Log_Basic,0,0,0,0,1,0,0,0
Finset.prod,0,def,1,0,Analysis_SpecialFunctions_Log_Basic,0,0,0,0,0,0,0,0
Finset.prod_map_toList,0,axiom,1,0,Analysis_SpecialFunctions_Log_Basic,0,0,0,0,0,0,0,0
Finset.sum,0,def,1,0,Analysis_SpecialFunctions_Log_Basic,0,0,0,0,0,0,0,0
Finset.sum_congr,0,axiom,1,0,Analysis_SpecialFunctions_Log_Basic,0,0,0,0,0,0,0,0
Finset.sum_map_toList,0,axiom,1,0,Analysis_SpecialFunctions_Log_Basic,0,0,0,0,0,0,0,0
Finset.toList,0,def,1,0,Analysis_SpecialFunctions_Log_Basic,0,0,0,0,0,0,0,0
Finsupp,0,inductive,1,0,Analysis_SpecialFunctions_Log_Basic,0,0,0,0,0,0,0,0
Finsupp.instFunLike,0,def,1,1,Analysis_SpecialFunctions_Log_Basic,1,0,0,0,0,0,0,0
Finsupp.instZero,0,def,1,1,Analysis_SpecialFunctions_Log_Basic,1,0,0,0,0,0,0,0
Finsupp.log_prod,1,theorem,1,0,Analysis_SpecialFunctions_Log_Basic,0,0,0,0,0,0,0,0
Finsupp.log_prod._simp_1,1,theorem,0,0,Analysis_SpecialFunctions_Log_Basic,0,0,0,0,0,0,0,0
Finsupp.mem_support_iff,0,axiom,1,0,Analysis_SpecialFunctions_Log_Basic,0,0,0,0,0,0,0,0
Finsupp.prod,0,def,1,0,Analysis_SpecialFunctions_Log_Basic,0,0,0,0,0,0,0,0
Finsupp.sum,0,def,1,0,Analysis_SpecialFunctions_Log_Basic,0,0,0,0,0,0,0,0
Finsupp.support,0,def,1,1,Analysis_SpecialFunctions_Log_Basic,0,0,1,0,0,0,0,0
FloorRing.toFloorSemiring,0,def,1,1,Analysis_SpecialFunctions_Log_Basic,1,0,0,0,0,0,0,0
FloorSemiring.instCharZero,0,axiom,1,1,Analysis_SpecialFunctions_Log_Basic,1,0,0,0,0,0,0,0
Function.Bijective,0,def,1,0,Algebra_Group_Basic|Logic_Function_Basic,0,0,0,0,0,0,0,0
Function.Bijective.comp_left,1,theorem,0,0,Logic_Function_Basic,0,0,0,0,0,0,0,0
Function.Bijective.comp_right,1,theorem,0,0,Logic_Function_Basic,0,0,0,0,0,0,0,0
Function.Bijective.existsUnique,1,theorem,0,0,Logic_Function_Basic,0,0,0,0,0,0,0,0
Function.Bijective.existsUnique_iff,1,theorem,0,0,Logic_Function_Basic,0,0,0,0,0,0,0,0
Function.Bijective.injective,1,theorem,1,0,Logic_Function_Basic,0,0,0,0,0,0,0,0
Function.Bijective.of_comp_iff,1,theorem,0,0,Logic_Function_Basic,0,0,0,0,0,0,0,0
Function.Bijective.of_comp_iff',1,theorem,0,0,Logic_Function_Basic,0,0,0,0,0,0,0,0
Function.Bijective.of_comp_left,1,theorem,0,0,Logic_Function_Basic,0,0,0,0,0,0,0,0
Function.Bijective.piMap,1,theorem,0,0,Logic_Function_Basic,0,0,0,0,0,0,0,0
Function.Bijective.surjective,1,theorem,1,0,Logic_Function_Basic,0,0,0,0,0,0,0,0
Function.FactorsThrough,1,def,1,0,Logic_Function_Basic,0,0,0,0,0,0,0,0
Function.FactorsThrough.comp_left,1,theorem,0,0,Logic_Function_Basic,0,0,0,0,0,0,0,0
Function.FactorsThrough.comp_right,1,theorem,0,0,Logic_Function_Basic,0,0,0,0,0,0,0,0
Function.FactorsThrough.extend_apply,1,theorem,1,0,Logic_Function_Basic,0,0,0,0,0,0,0,0
Function.FactorsThrough.extend_comp,1,theorem,0,0,Logic_Function_Basic,0,0,0,0,0,0,0,0
Function.FactorsThrough.rfl,1,theorem,0,0,Logic_Function_Basic,0,0,0,0,0,0,0,0
Function.HasFiniteMulSupport,0,def,1,0,Analysis_SpecialFunctions_Log_Basic,0,0,0,0,0,0,0,0
Function.HasFiniteSupport,0,def,1,0,Analysis_SpecialFunctions_Log_Basic,0,0,0,0,0,0,0,0
Function.HasLeftInverse,0,def,1,0,Logic_Function_Basic,0,0,0,0,0,0,0,0
Function.HasLeftInverse.injective,0,axiom,1,0,Logic_Function_Basic,0,0,0,0,0,0,0,0
Function.HasRightInverse,0,def,1,0,Logic_Function_Basic,0,0,0,0,0,0,0,0
Function.HasRightInverse.surjective,0,axiom,1,0,Logic_Function_Basic,0,0,0,0,0,0,0,0
Function.HasUncurry,1,inductive,1,0,Logic_Function_Basic,0,0,0,0,0,0,0,0
Function.HasUncurry.casesOn,1,def,1,1,Logic_Function_Basic,0,0,0,1,0,0,0,0
Function.HasUncurry.ctorIdx,1,def,0,0,Logic_Function_Basic,0,0,0,0,0,0,0,0
Function.HasUncurry.mk,1,constructor,1,0,Logic_Function_Basic,0,0,0,0,0,0,0,0
Function.HasUncurry.mk._flat_ctor,1,def,0,0,Logic_Function_Basic,0,0,0,0,0,0,0,0
Function.HasUncurry.mk.noConfusion,1,def,0,0,Logic_Function_Basic,0,0,0,0,0,0,0,0
Function.HasUncurry.noConfusion,1,def,1,1,Logic_Function_Basic,0,0,0,1,0,0,0,0
Function.HasUncurry.noConfusionType,1,def,1,1,Logic_Function_Basic,0,0,0,1,0,0,0,0
Function.HasUncurry.rec,1,recursor,1,1,Logic_Function_Basic,0,1,0,1,0,0,0,0
Function.HasUncurry.recOn,1,def,0,0,Logic_Function_Basic,0,0,0,0,0,0,0,0
Function.HasUncurry.uncurry,1,def,1,1,Logic_Function_Basic,0,0,1,0,0,0,0,0
Function.Injective,0,def,1,0,Algebra_Group_Basic|Logic_Function_Basic|Order_Lattice,0,0,0,0,0,0,0,0
Function.Injective.antisymm_onFun,1,theorem,1,0,Logic_Function_Basic,0,0,0,0,0,0,0,0
Function.Injective.bijective₂_of_surjective,1,theorem,0,0,Logic_Function_Basic,0,0,0,0,0,0,0,0
Function.Injective.comp,0,axiom,1,0,Logic_Function_Basic,0,0,0,0,0,0,0,0
Function.Injective.comp_left,1,theorem,1,0,Logic_Function_Basic,0,0,0,0,0,0,0,0
Function.Injective.decidableEq,1,def,0,0,Logic_Function_Basic,0,0,0,0,0,0,0,0
Function.Injective.distribLattice,1,def,1,0,Order_Lattice,0,0,0,0,0,0,0,0
Function.Injective.distribLattice._proof_1,1,theorem,1,1,Order_Lattice,0,0,0,0,1,0,0,0
Function.Injective.dite,1,theorem,0,0,Logic_Function_Basic,0,0,0,0,0,0,0,0
Function.Injective.eq_1,1,theorem,0,0,Logic_Function_Basic,0,0,0,0,0,0,0,0
Function.Injective.eq_iff,0,axiom,1,0,Algebra_Group_Basic|Logic_Function_Basic,0,0,0,0,0,0,0,0
Function.Injective.eq_iff',0,axiom,1,0,Algebra_Group_Basic|Logic_Function_Basic,0,0,0,0,0,0,0,0
Function.Injective.extend_apply,1,theorem,1,0,Logic_Function_Basic,0,0,0,0,0,0,0,0
Function.Injective.extend_comp,1,theorem,0,0,Logic_Function_Basic,0,0,0,0,0,0,0,0
Function.Injective.factorsThrough,1,theorem,1,0,Logic_Function_Basic,0,0,0,0,0,0,0,0
Function.Injective.hasLeftInverse,1,theorem,1,0,Logic_Function_Basic,0,0,0,0,0,0,0,0
Function.Injective.isLinearOrder_onFun,1,theorem,0,0,Logic_Function_Basic,0,0,0,0,0,0,0,0
Function.Injective.isPartialInv,1,theorem,1,0,Logic_Function_Basic,0,0,0,0,0,0,0,0
Function.Injective.isPartialOrder_onFun,1,theorem,1,0,Logic_Function_Basic,0,0,0,0,0,0,0,0
Function.Injective.isStrictTotalOrder_onFun,1,theorem,0,0,Logic_Function_Basic,0,0,0,0,0,0,0,0
Function.Injective.lattice,1,def,1,0,Order_Lattice,0,0,0,0,0,0,0,0
Function.Injective.linearOrder,0,def,1,0,Order_Lattice,0,0,0,0,0,0,0,0
Function.Injective.ne,0,axiom,1,0,Logic_Function_Basic,0,0,0,0,0,0,0,0
Function.Injective.of_comp,1,theorem,1,0,Logic_Function_Basic,0,0,0,0,0,0,0,0
Function.Injective.of_comp_iff,1,theorem,1,0,Logic_Function_Basic,0,0,0,0,0,0,0,0
Function.Injective.of_comp_iff',1,theorem,1,0,Logic_Function_Basic,0,0,0,0,0,0,0,0
Function.Injective.of_comp_iff'._simp_1,1,theorem,0,0,Logic_Function_Basic,0,0,0,0,0,0,0,0
Function.Injective.of_comp_iff._simp_1,1,theorem,0,0,Logic_Function_Basic,0,0,0,0,0,0,0,0
Function.Injective.of_comp_right,1,theorem,1,0,Logic_Function_Basic,0,0,0,0,0,0,0,0
Function.Injective.partialOrder,0,def,1,0,Order_Lattice,0,0,0,0,0,0,0,0
Function.Injective.piMap,1,theorem,1,0,Logic_Function_Basic,0,0,0,0,0,0,0,0
Function.Injective.preorder,0,def,1,0,Order_Lattice,0,0,0,0,0,0,0,0
Function.Injective.semilatticeInf,1,def,1,0,Order_Lattice,0,0,0,0,0,0,0,0
Function.Injective.semilatticeInf._proof_1,1,theorem,1,1,Order_Lattice,0,0,0,0,1,0,0,0
Function.Injective.semilatticeInf._proof_2,1,theorem,1,1,Order_Lattice,0,0,0,0,1,0,0,0
Function.Injective.semilatticeInf._proof_3,1,theorem,1,1,Order_Lattice,0,0,0,0,1,0,0,0
Function.Injective.semilatticeInf.eq_1,1,theorem,0,0,Order_Lattice,0,0,0,0,0,0,0,0
Function.Injective.semilatticeSup,1,def,1,0,Order_Lattice,0,0,0,0,0,0,0,0
Function.Injective.semilatticeSup._proof_1,1,theorem,1,1,Order_Lattice,0,0,0,0,1,0,0,0
Function.Injective.semilatticeSup._proof_2,1,theorem,1,1,Order_Lattice,0,0,0,0,1,0,0,0
Function.Injective.semilatticeSup._proof_3,1,theorem,1,1,Order_Lattice,0,0,0,0,1,0,0,0
Function.Injective.semilatticeSup.eq_1,1,theorem,0,0,Order_Lattice,0,0,0,0,0,0,0,0
Function.Injective.surjective_comp_right,1,theorem,1,0,Logic_Function_Basic,0,0,0,0,0,0,0,0
Function.Injective.surjective_comp_right',1,theorem,1,0,Logic_Function_Basic,0,0,0,0,0,0,0,0
Function.Injective.trichotomous_onFun,1,theorem,1,0,Logic_Function_Basic,0,0,0,0,0,0,0,0
Function.Injective2,1,def,1,0,Logic_Function_Basic,0,0,0,0,0,0,0,0
Function.Injective2.eq_iff,1,theorem,0,0,Logic_Function_Basic,0,0,0,0,0,0,0,0
Function.Injective2.left,1,theorem,1,0,Logic_Function_Basic,0,0,0,0,0,0,0,0
Function.Injective2.left',1,theorem,0,0,Logic_Function_Basic,0,0,0,0,0,0,0,0
Function.Injective2.right,1,theorem,1,0,Logic_Function_Basic,0,0,0,0,0,0,0,0
Function.Injective2.right',1,theorem,0,0,Logic_Function_Basic,0,0,0,0,0,0,0,0
Function.Injective2.uncurry,1,theorem,0,0,Logic_Function_Basic,0,0,0,0,0,0,0,0
Function.Involutive,1,def,1,0,Algebra_Group_Basic|Logic_Function_Basic,0,0,0,0,0,0,0,0
Function.Involutive.bijective,1,theorem,1,0,Algebra_Group_Basic|Logic_Function_Basic,0,0,0,0,0,0,0,0
Function.Involutive.comp_self,1,theorem,1,0,Algebra_Group_Basic|Logic_Function_Basic,0,0,0,0,0,0,0,0
Function.Involutive.eq_1,1,theorem,0,0,Logic_Function_Basic,0,0,0,0,0,0,0,0
Function.Involutive.eq_iff,1,theorem,1,0,Algebra_Group_Basic|Logic_Function_Basic,0,0,0,0,0,0,0,0
Function.Involutive.injective,1,theorem,1,0,Algebra_Group_Basic|Logic_Function_Basic,0,0,0,0,0,0,0,0
Function.Involutive.ite_not,1,theorem,0,0,Logic_Function_Basic,0,0,0,0,0,0,0,0
Function.Involutive.leftInverse,1,theorem,1,0,Logic_Function_Basic,0,0,0,0,0,0,0,0
Function.Involutive.leftInverse_iff,1,theorem,0,0,Logic_Function_Basic,0,0,0,0,0,0,0,0
Function.Involutive.rightInverse,1,theorem,0,0,Logic_Function_Basic,0,0,0,0,0,0,0,0
Function.Involutive.surjective,1,theorem,1,0,Algebra_Group_Basic|Logic_Function_Basic,0,0,0,0,0,0,0,0
Function.IsPartialInv,1,def,1,0,Logic_Function_Basic,0,0,0,0,0,0,0,0
Function.IsPartialInv.comp,1,theorem,0,0,Logic_Function_Basic,0,0,0,0,0,0,0,0
Function.IsPartialInv.eq,1,theorem,1,0,Logic_Function_Basic,0,0,0,0,0,0,0,0
Function.IsPartialInv.get_eq,1,theorem,0,0,Logic_Function_Basic,0,0,0,0,0,0,0,0
Function.IsPartialInv.injective,1,theorem,1,0,Logic_Function_Basic,0,0,0,0,0,0,0,0
Function.IsPartialInv.surjective_getD,1,theorem,0,0,Logic_Function_Basic,0,0,0,0,0,0,0,0
Function.LeftInverse,0,def,1,0,Algebra_Group_Basic|Logic_Function_Basic,0,0,0,0,0,0,0,0
Function.LeftInverse.cast_eq,1,theorem,0,0,Logic_Function_Basic,0,0,0,0,0,0,0,0
Function.LeftInverse.comp,1,theorem,1,0,Logic_Function_Basic,0,0,0,0,0,0,0,0
Function.LeftInverse.comp_eq_id,1,theorem,1,0,Logic_Function_Basic,0,0,0,0,0,0,0,0
Function.LeftInverse.eq,1,theorem,0,0,Logic_Function_Basic,0,0,0,0,0,0,0,0
Function.LeftInverse.eq_1,0,axiom,1,1,Logic_Function_Basic,0,0,0,1,1,0,0,0
Function.LeftInverse.eq_rec_eq,1,theorem,1,0,Logic_Function_Basic,0,0,0,0,0,0,0,0
Function.LeftInverse.eq_rec_on_eq,1,theorem,0,0,Logic_Function_Basic,0,0,0,0,0,0,0,0
Function.LeftInverse.eq_rightInverse,1,theorem,0,0,Logic_Function_Basic,0,0,0,0,0,0,0,0
Function.LeftInverse.injective,0,axiom,1,0,Logic_Function_Basic,0,0,0,0,0,0,0,0
Function.LeftInverse.rightInverse,1,theorem,1,0,Logic_Function_Basic,0,0,0,0,0,0,0,0
Function.LeftInverse.rightInverse_of_injective,1,theorem,1,0,Logic_Function_Basic,0,0,0,0,0,0,0,0
Function.LeftInverse.rightInverse_of_surjective,1,theorem,1,0,Logic_Function_Basic,0,0,0,0,0,0,0,0
Function.LeftInverse.surjective,1,theorem,1,0,Logic_Function_Basic,0,0,0,0,0,0,0,0
Function.RightInverse,0,def,1,0,Algebra_Group_Basic|Logic_Function_Basic,0,0,0,0,0,0,0,0
Function.RightInverse.comp,1,theorem,0,0,Logic_Function_Basic,0,0,0,0,0,0,0,0
Function.RightInverse.comp_eq_id,1,theorem,1,0,Logic_Function_Basic,0,0,0,0,0,0,0,0
Function.RightInverse.eq,1,theorem,0,0,Logic_Function_Basic,0,0,0,0,0,0,0,0
Function.RightInverse.injective,1,theorem,1,0,Logic_Function_Basic,0,0,0,0,0,0,0,0
Function.RightInverse.leftInverse,1,theorem,1,0,Logic_Function_Basic,0,0,0,0,0,0,0,0
Function.RightInverse.leftInverse_of_injective,1,theorem,0,0,Logic_Function_Basic,0,0,0,0,0,0,0,0
Function.RightInverse.leftInverse_of_surjective,1,theorem,0,0,Logic_Function_Basic,0,0,0,0,0,0,0,0
Function.RightInverse.surjective,0,axiom,1,0,Logic_Function_Basic,0,0,0,0,0,0,0,0
Function.Surjective,0,def,1,0,Algebra_Group_Basic|Analysis_SpecialFunctions_Log_Basic|Logic_Function_Basic,0,0,0,0,0,0,0,0
Function.Surjective.bijective₂_of_injective,1,theorem,0,0,Logic_Function_Basic,0,0,0,0,0,0,0,0
Function.Surjective.comp,0,axiom,1,0,Logic_Function_Basic,0,0,0,0,0,0,0,0
Function.Surjective.comp_left,1,theorem,1,0,Logic_Function_Basic,0,0,0,0,0,0,0,0
Function.Surjective.exists,1,theorem,1,0,Logic_Function_Basic,0,0,0,0,0,0,0,0
Function.Surjective.exists₂,1,theorem,1,0,Logic_Function_Basic,0,0,0,0,0,0,0,0
Function.Surjective.exists₃,1,theorem,0,0,Logic_Function_Basic,0,0,0,0,0,0,0,0
Function.Surjective.forall,1,theorem,1,0,Logic_Function_Basic|Topology_Basic,0,0,0,0,0,0,0,0
Function.Surjective.forall₂,1,theorem,1,0,Logic_Function_Basic,0,0,0,0,0,0,0,0
Function.Surjective.forall₃,1,theorem,0,0,Logic_Function_Basic,0,0,0,0,0,0,0,0
Function.Surjective.hasRightInverse,1,theorem,1,0,Logic_Function_Basic,0,0,0,0,0,0,0,0
Function.Surjective.injective_comp_right,1,theorem,1,0,Logic_Function_Basic,0,0,0,0,0,0,0,0
Function.Surjective.of_comp,1,theorem,1,0,Logic_Function_Basic,0,0,0,0,0,0,0,0
Function.Surjective.of_comp_iff,1,theorem,1,0,Logic_Function_Basic,0,0,0,0,0,0,0,0
Function.Surjective.of_comp_iff',1,theorem,1,0,Logic_Function_Basic,0,0,0,0,0,0,0,0
Function.Surjective.of_comp_iff'._simp_1,1,theorem,0,0,Logic_Function_Basic,0,0,0,0,0,0,0,0
Function.Surjective.of_comp_iff._simp_1,1,theorem,0,0,Logic_Function_Basic,0,0,0,0,0,0,0,0
Function.Surjective.of_comp_left,1,theorem,1,0,Logic_Function_Basic,0,0,0,0,0,0,0,0
Function.Surjective.piMap,1,theorem,1,0,Logic_Function_Basic,0,0,0,0,0,0,0,0
Function.Surjective.range_eq,0,axiom,1,0,Analysis_SpecialFunctions_Log_Basic,0,0,0,0,0,0,0,0
Function.Surjective.right_cancellable,1,theorem,0,0,Logic_Function_Basic,0,0,0,0,0,0,0,0
Function._aux_Basic___unexpand_Function_HasUncurry_uncurry_1,1,def,0,0,Logic_Function_Basic,0,0,0,0,0,0,0,0
Function.apply_extend,1,theorem,0,0,Logic_Function_Basic,0,0,0,0,0,0,0,0
Function.apply_invFun_apply,1,theorem,0,0,Logic_Function_Basic,0,0,0,0,0,0,0,0
Function.apply_update,1,theorem,1,0,Logic_Function_Basic,0,0,0,0,0,0,0,0
Function.apply_update₂,1,theorem,0,0,Logic_Function_Basic,0,0,0,0,0,0,0,0
Function.bijective_iff_existsUnique,1,theorem,1,0,Logic_Function_Basic,0,0,0,0,0,0,0,0
Function.bijective_iff_has_inverse,1,theorem,0,0,Logic_Function_Basic,0,0,0,0,0,0,0,0
Function.bijective_of_subsingleton,1,theorem,1,0,Logic_Function_Basic,0,0,0,0,0,0,0,0
Function.bijective_of_subsingleton._simp_1,1,theorem,0,0,Logic_Function_Basic,0,0,0,0,0,0,0,0
Function.cantor_injective,1,theorem,1,0,Logic_Function_Basic,0,0,0,0,0,0,0,0
Function.cantor_surjective,1,theorem,1,0,Logic_Function_Basic,0,0,0,0,0,0,0,0
Function.comp,0,def,1,0,Algebra_Group_Basic|Analysis_SpecialFunctions_Log_Basic|Logic_Function_Basic|Order_Lattice,0,0,0,0,0,0,0,0
Function.comp_apply,0,axiom,1,0,Analysis_SpecialFunctions_Log_Basic|Logic_Function_Basic,0,0,0,0,0,0,0,0
Function.comp_assoc,0,axiom,1,0,Logic_Function_Basic,0,0,0,0,0,0,0,0
Function.comp_id,0,axiom,1,0,Logic_Function_Basic,0,0,0,0,0,0,0,0
Function.comp_surjInv,1,theorem,0,0,Logic_Function_Basic,0,0,0,0,0,0,0,0
Function.comp_update,1,theorem,0,0,Logic_Function_Basic,0,0,0,0,0,0,0,0
Function.const,0,def,1,0,Logic_Function_Basic,0,0,0,0,0,0,0,0
Function.const_def,1,theorem,0,0,Logic_Function_Basic,0,0,0,0,0,0,0,0
Function.const_inj,1,theorem,1,0,Logic_Function_Basic,0,0,0,0,0,0,0,0
Function.const_inj._simp_1,1,theorem,0,0,Logic_Function_Basic,0,0,0,0,0,0,0,0
Function.const_injective,1,theorem,1,0,Logic_Function_Basic,0,0,0,0,0,0,0,0
Function.curry,0,def,1,0,Logic_Function_Basic,0,0,0,0,0,0,0,0
Function.curry_injective,1,theorem,1,0,Logic_Function_Basic,0,0,0,0,0,0,0,0
Function.curry_uncurry,0,axiom,1,0,Logic_Function_Basic,0,0,0,0,0,0,0,0
Function.curry_update,1,theorem,1,0,Logic_Function_Basic,0,0,0,0,0,0,0,0
Function.decidableEqPFun,1,def,0,0,Logic_Function_Basic,0,0,0,0,0,0,0,0
Function.decidableEqPFun._proof_1,1,theorem,1,1,Logic_Function_Basic,0,0,0,0,1,0,0,0
Function.decidableEqPFun.match_1,1,def,1,1,Logic_Function_Basic,0,0,0,1,1,0,0,0
Function.eq_update_iff,1,theorem,1,0,Logic_Function_Basic,0,0,0,0,0,0,0,0
Function.eq_update_self_iff,1,theorem,1,0,Logic_Function_Basic,0,0,0,0,0,0,0,0
Function.eq_update_self_iff._simp_1,1,theorem,0,0,Logic_Function_Basic,0,0,0,0,0,0,0,0
Function.eval,1,def,1,0,Logic_Function_Basic,0,0,0,0,0,0,0,0
Function.eval_apply,1,theorem,0,0,Logic_Function_Basic,0,0,0,0,0,0,0,0
Function.exists_fixed_point_of_surjective,1,theorem,0,0,Logic_Function_Basic,0,0,0,0,0,0,0,0
Function.exists_update_iff,1,theorem,0,0,Logic_Function_Basic,0,0,0,0,0,0,0,0
Function.extend,1,def,1,0,Logic_Function_Basic,0,0,0,0,0,0,0,0
Function.extend_apply',1,theorem,1,0,Logic_Function_Basic,0,0,0,0,0,0,0,0
Function.extend_comp,1,theorem,1,0,Logic_Function_Basic,0,0,0,0,0,0,0,0
Function.extend_const,1,theorem,0,0,Logic_Function_Basic,0,0,0,0,0,0,0,0
Function.extend_def,1,theorem,1,0,Logic_Function_Basic,0,0,0,0,0,0,0,0
Function.extend_id,1,theorem,0,0,Logic_Function_Basic,0,0,0,0,0,0,0,0
Function.extend_injective,1,theorem,0,0,Logic_Function_Basic,0,0,0,0,0,0,0,0
Function.factorsThrough_iff,1,theorem,0,0,Logic_Function_Basic,0,0,0,0,0,0,0,0
Function.flip_curry,1,theorem,0,0,Logic_Function_Basic,0,0,0,0,0,0,0,0
Function.forall_update_iff,1,theorem,1,0,Logic_Function_Basic,0,0,0,0,0,0,0,0
Function.funext_iff_of_subsingleton,1,theorem,0,0,Logic_Function_Basic,0,0,0,0,0,0,0,0
Function.hasUncurryBase,1,def,0,0,Logic_Function_Basic,0,0,0,0,0,0,0,0
Function.hasUncurryInduction,1,def,0,0,Logic_Function_Basic,0,0,0,0,0,0,0,0
Function.hfunext,1,theorem,0,0,Logic_Function_Basic,0,0,0,0,0,0,0,0
Function.id_comp,0,axiom,1,0,Logic_Function_Basic,0,0,0,0,0,0,0,0
Function.injective_comp_left_iff,1,theorem,0,0,Logic_Function_Basic,0,0,0,0,0,0,0,0
Function.injective_comp_right_iff_surjective,1,theorem,1,0,Logic_Function_Basic,0,0,0,0,0,0,0,0
Function.injective_id,0,axiom,1,0,Logic_Function_Basic,0,0,0,0,0,0,0,0
Function.injective_iff_hasLeftInverse,1,theorem,0,0,Logic_Function_Basic,0,0,0,0,0,0,0,0
Function.injective_of_isPartialInv,1,theorem,0,0,Logic_Function_Basic,0,0,0,0,0,0,0,0
Function.injective_of_isPartialInv_right,1,theorem,0,0,Logic_Function_Basic,0,0,0,0,0,0,0,0
Function.injective_of_subsingleton,1,theorem,1,0,Logic_Function_Basic,0,0,0,0,0,0,0,0
Function.injective_of_subsingleton._simp_1,1,theorem,0,0,Logic_Function_Basic,0,0,0,0,0,0,0,0
Function.injective_surjInv,1,theorem,0,0,Logic_Function_Basic,0,0,0,0,0,0,0,0
Function.instAntisymmSwapProp_basic,1,theorem,1,1,Logic_Function_Basic,1,0,0,0,0,0,0,0
Function.instAsymmOnFun_basic,1,theorem,0,0,Logic_Function_Basic,0,0,0,0,0,0,0,0
Function.instAsymmSwapProp_basic,1,theorem,0,0,Logic_Function_Basic,0,0,0,0,0,0,0,0
Function.instIrreflOnFun_basic,1,theorem,1,1,Logic_Function_Basic,1,0,0,0,0,0,0,0
Function.instIrreflSwapProp_basic,1,theorem,1,1,Logic_Function_Basic,1,0,0,0,0,0,0,0
Function.instIsEquivOnFun_basic,1,theorem,0,0,Logic_Function_Basic,0,0,0,0,0,0,0,0
Function.instIsEquivSwapProp_basic,1,theorem,0,0,Logic_Function_Basic,0,0,0,0,0,0,0,0
Function.instIsLinearOrderSwapProp_basic,1,theorem,0,0,Logic_Function_Basic,0,0,0,0,0,0,0,0
Function.instIsPartialOrderSwapProp_basic,1,theorem,1,1,Logic_Function_Basic,1,0,0,0,0,0,0,0
Function.instIsPreorderOnFun_basic,1,theorem,1,1,Logic_Function_Basic,1,0,0,0,0,0,0,0
Function.instIsPreorderSwapProp_basic,1,theorem,1,1,Logic_Function_Basic,1,0,0,0,0,0,0,0
Function.instIsStrictOrderOnFun_basic,1,theorem,1,1,Logic_Function_Basic,1,0,0,0,0,0,0,0
Function.instIsStrictOrderSwapProp_basic,1,theorem,1,1,Logic_Function_Basic,1,0,0,0,0,0,0,0
Function.instIsStrictTotalOrderSwapProp_basic,1,theorem,0,0,Logic_Function_Basic,0,0,0,0,0,0,0,0
Function.instIsStrictWeakOrderOnFun_basic,1,theorem,0,0,Logic_Function_Basic,0,0,0,0,0,0,0,0
Function.instIsStrictWeakOrderSwapProp_basic,1,theorem,0,0,Logic_Function_Basic,0,0,0,0,0,0,0,0
Function.instIsTransOnFun_basic,1,theorem,1,1,Logic_Function_Basic,1,0,0,0,0,0,0,0
Function.instIsTransSwapProp_basic,1,theorem,1,1,Logic_Function_Basic,1,0,0,0,0,0,0,0
Function.instReflOnFun_basic,1,theorem,1,1,Logic_Function_Basic,1,0,0,0,0,0,0,0
Function.instReflSwapProp_basic,1,theorem,1,1,Logic_Function_Basic,1,0,0,0,0,0,0,0
Function.instSymmOnFun_basic,1,theorem,1,1,Logic_Function_Basic,1,0,0,0,0,0,0,0
Function.instSymmSwapProp_basic,1,theorem,1,1,Logic_Function_Basic,1,0,0,0,0,0,0,0
Function.instTotalOnFun_basic,1,theorem,1,1,Logic_Function_Basic,1,0,0,0,0,0,0,0
Function.instTotalSwapProp_basic,1,theorem,1,1,Logic_Function_Basic,1,0,0,0,0,0,0,0
Function.instTrichotomousSwapProp_basic,1,theorem,1,1,Logic_Function_Basic,1,0,0,0,0,0,0,0
Function.invFun,1,def,1,0,Logic_Function_Basic,0,0,0,0,0,0,0,0
Function.invFun.eq_1,1,theorem,0,0,Logic_Function_Basic,0,0,0,0,0,0,0,0
Function.invFun_comp,1,theorem,0,0,Logic_Function_Basic,0,0,0,0,0,0,0,0
Function.invFun_eq,1,theorem,1,0,Logic_Function_Basic,0,0,0,0,0,0,0,0
Function.invFun_eq_of_injective_of_rightInverse,1,theorem,0,0,Logic_Function_Basic,0,0,0,0,0,0,0,0
Function.invFun_neg,1,theorem,0,0,Logic_Function_Basic,0,0,0,0,0,0,0,0
Function.invFun_surjective,1,theorem,0,0,Logic_Function_Basic,0,0,0,0,0,0,0,0
Function.isPartialInv_left,1,theorem,0,0,Logic_Function_Basic,0,0,0,0,0,0,0,0
Function.iterate_succ,0,axiom,1,0,Algebra_Group_Basic,0,0,0,0,0,0,0,0
Function.leftInverse_iff_comp,1,theorem,0,0,Logic_Function_Basic,0,0,0,0,0,0,0,0
Function.leftInverse_invFun,1,theorem,1,0,Logic_Function_Basic,0,0,0,0,0,0,0,0
Function.leftInverse_surjInv,1,theorem,1,0,Logic_Function_Basic,0,0,0,0,0,0,0,0
Function.mem_mulSupport,0,axiom,1,0,Analysis_SpecialFunctions_Log_Basic,0,0,0,0,0,0,0,0
Function.mem_support,0,axiom,1,0,Analysis_SpecialFunctions_Log_Basic,0,0,0,0,0,0,0,0
Function.mulSupport,0,def,1,0,Analysis_SpecialFunctions_Log_Basic,0,0,0,0,0,0,0,0
Function.ne_iff,1,theorem,0,0,Logic_Function_Basic,0,0,0,0,0,0,0,0
Function.ne_update_self_iff,1,theorem,0,0,Logic_Function_Basic,0,0,0,0,0,0,0,0
Function.not_bijective,1,theorem,0,0,Logic_Function_Basic,0,0,0,0,0,0,0,0
Function.not_injective,1,theorem,0,0,Logic_Function_Basic,0,0,0,0,0,0,0,0
Function.not_injective_const,1,theorem,1,0,Logic_Function_Basic,0,0,0,0,0,0,0,0
Function.not_injective_const._simp_1,1,theorem,0,0,Logic_Function_Basic,0,0,0,0,0,0,0,0
Function.not_injective_iff,1,theorem,1,0,Logic_Function_Basic,0,0,0,0,0,0,0,0
Function.not_involutive,1,theorem,1,0,Logic_Function_Basic,0,0,0,0,0,0,0,0
Function.not_surjective,1,theorem,0,0,Logic_Function_Basic,0,0,0,0,0,0,0,0
Function.not_surjective_Type,1,theorem,0,0,Logic_Function_Basic,0,0,0,0,0,0,0,0
Function.onFun,0,def,1,0,Logic_Function_Basic,0,0,0,0,0,0,0,0
Function.onFun_apply,1,theorem,0,0,Logic_Function_Basic,0,0,0,0,0,0,0,0
Function.onFun_comp_eq,1,theorem,0,0,Logic_Function_Basic,0,0,0,0,0,0,0,0
Function.onFun_onFun_eq,1,theorem,0,0,Logic_Function_Basic,0,0,0,0,0,0,0,0
Function.partialInv,1,def,1,0,Logic_Function_Basic,0,0,0,0,0,0,0,0
Function.partialInv_left,1,theorem,0,0,Logic_Function_Basic,0,0,0,0,0,0,0,0
Function.partialInv_of_injective,1,theorem,0,0,Logic_Function_Basic,0,0,0,0,0,0,0,0
Function.pred_update,1,theorem,0,0,Logic_Function_Basic,0,0,0,0,0,0,0,0
Function.rec_update,1,theorem,1,0,Logic_Function_Basic,0,0,0,0,0,0,0,0
Function.rightInverse_iff_comp,1,theorem,0,0,Logic_Function_Basic,0,0,0,0,0,0,0,0
Function.rightInverse_invFun,1,theorem,0,0,Logic_Function_Basic,0,0,0,0,0,0,0,0
Function.rightInverse_of_injective_of_leftInverse,0,axiom,1,0,Logic_Function_Basic,0,0,0,0,0,0,0,0
Function.rightInverse_surjInv,1,theorem,1,0,Logic_Function_Basic,0,0,0,0,0,0,0,0
Function.sometimes,1,def,1,0,Logic_Function_Basic,0,0,0,0,0,0,0,0
Function.sometimes_eq,1,theorem,1,0,Logic_Function_Basic,0,0,0,0,0,0,0,0
Function.sometimes_spec,1,theorem,0,0,Logic_Function_Basic,0,0,0,0,0,0,0,0
Function.support,0,def,1,0,Analysis_SpecialFunctions_Log_Basic,0,0,0,0,0,0,0,0
Function.surjInv,1,def,1,0,Logic_Function_Basic,0,0,0,0,0,0,0,0
Function.surjInv.congr_simp,1,theorem,0,0,Logic_Function_Basic,0,0,0,0,0,0,0,0
Function.surjInv_eq,1,theorem,1,0,Logic_Function_Basic,0,0,0,0,0,0,0,0
Function.surjective_comp_left_iff,1,theorem,0,0,Logic_Function_Basic,0,0,0,0,0,0,0,0
Function.surjective_comp_right_iff_injective,1,theorem,0,0,Logic_Function_Basic,0,0,0,0,0,0,0,0
Function.surjective_eval,1,theorem,0,0,Logic_Function_Basic,0,0,0,0,0,0,0,0
Function.surjective_iff_hasRightInverse,1,theorem,0,0,Logic_Function_Basic,0,0,0,0,0,0,0,0
Function.surjective_of_right_cancellable_Prop,1,theorem,0,0,Logic_Function_Basic,0,0,0,0,0,0,0,0
Function.surjective_to_subsingleton,1,theorem,0,0,Logic_Function_Basic,0,0,0,0,0,0,0,0
Function.swap,0,def,1,0,Logic_Function_Basic,0,0,0,0,0,0,0,0
Function.swap_ge,1,theorem,0,0,Logic_Function_Basic,0,0,0,0,0,0,0,0
Function.swap_gt,1,theorem,0,0,Logic_Function_Basic,0,0,0,0,0,0,0,0
Function.swap_le,1,theorem,0,0,Logic_Function_Basic,0,0,0,0,0,0,0,0
Function.swap_lt,1,theorem,0,0,Logic_Function_Basic,0,0,0,0,0,0,0,0
Function.symm_apply_eq_iff,1,theorem,1,0,Logic_Function_Basic,0,0,0,0,0,0,0,0
Function.symm_apply_eq_iff._simp_2,1,theorem,0,0,Logic_Function_Basic,0,0,0,0,0,0,0,0
Function.symmetric_apply_eq_iff,1,theorem,0,0,Logic_Function_Basic,0,0,0,0,0,0,0,0
Function.uncurry,0,def,1,0,Logic_Function_Basic,0,0,0,0,0,0,0,0
Function.uncurry_curry,0,axiom,1,0,Logic_Function_Basic,0,0,0,0,0,0,0,0
Function.uncurry_def,1,theorem,0,0,Logic_Function_Basic,0,0,0,0,0,0,0,0
Function.uncurry_flip,1,theorem,0,0,Logic_Function_Basic,0,0,0,0,0,0,0,0
Function.uncurry_injective,1,theorem,0,0,Logic_Function_Basic,0,0,0,0,0,0,0,0
Function.uncurry_update_update,1,theorem,0,0,Logic_Function_Basic,0,0,0,0,0,0,0,0
Function.update,1,def,1,0,Logic_Function_Basic|Order_Lattice,0,0,0,0,0,0,0,0
Function.update.congr_simp,1,theorem,0,0,Logic_Function_Basic,0,0,0,0,0,0,0,0
Function.update.eq_1,1,theorem,1,1,Logic_Function_Basic,0,0,0,1,1,0,0,0
Function.update_apply,1,theorem,0,0,Logic_Function_Basic,0,0,0,0,0,0,0,0
Function.update_apply_of_injective,1,theorem,0,0,Logic_Function_Basic,0,0,0,0,0,0,0,0
Function.update_comm,1,theorem,0,0,Logic_Function_Basic,0,0,0,0,0,0,0,0
Function.update_comp_eq_of_forall_ne,1,theorem,0,0,Logic_Function_Basic,0,0,0,0,0,0,0,0
Function.update_comp_eq_of_forall_ne',1,theorem,1,0,Logic_Function_Basic,0,0,0,0,0,0,0,0
Function.update_comp_eq_of_injective,1,theorem,0,0,Logic_Function_Basic,0,0,0,0,0,0,0,0
Function.update_comp_eq_of_injective',1,theorem,1,0,Logic_Function_Basic,0,0,0,0,0,0,0,0
Function.update_congr,1,theorem,0,0,Logic_Function_Basic,0,0,0,0,0,0,0,0
Function.update_eq_const_of_subsingleton,1,theorem,0,0,Logic_Function_Basic,0,0,0,0,0,0,0,0
Function.update_eq_iff,1,theorem,1,0,Logic_Function_Basic,0,0,0,0,0,0,0,0
Function.update_eq_self,1,theorem,0,0,Logic_Function_Basic,0,0,0,0,0,0,0,0
Function.update_eq_self_iff,1,theorem,1,0,Logic_Function_Basic,0,0,0,0,0,0,0,0
Function.update_eq_self_iff._simp_2,1,theorem,1,1,Logic_Function_Basic,0,0,0,0,1,0,0,0
Function.update_idem,1,theorem,0,0,Logic_Function_Basic,0,0,0,0,0,0,0,0
Function.update_inf,1,theorem,0,0,Order_Lattice,0,0,0,0,0,0,0,0
Function.update_injective,1,theorem,0,0,Logic_Function_Basic,0,0,0,0,0,0,0,0
Function.update_ne_self_iff,1,theorem,0,0,Logic_Function_Basic,0,0,0,0,0,0,0,0
Function.update_of_ne,1,theorem,1,0,Logic_Function_Basic|Order_Lattice,0,0,0,0,0,0,0,0
Function.update_self,1,theorem,1,0,Logic_Function_Basic|Order_Lattice,0,0,0,0,0,0,0,0
Function.update_sup,1,theorem,0,0,Order_Lattice,0,0,0,0,0,0,0,0
Function.«_aux_Basic___macroRules_Function_term↿__1»,1,def,0,0,Logic_Function_Basic,0,0,0,0,0,0,0,0
Function.«term↿_»,1,def,0,0,Logic_Function_Basic,0,0,0,0,0,0,0,0
GE.ge,0,def,1,0,Logic_Function_Basic,0,0,0,0,0,0,0,0
GT.gt,0,def,1,0,Data_Nat_GCD_Basic|Logic_Function_Basic,0,0,0,0,0,0,0,0
Group,0,inductive,1,0,Algebra_Group_Basic,0,0,0,0,0,0,0,0
Group.toCancelMonoid,0,def,1,1,Algebra_Group_Basic,1,0,0,0,0,0,0,0
Group.toDivInvMonoid,0,def,1,1,Algebra_Group_Basic,1,0,1,0,0,0,0,0
Group.toDivisionMonoid,0,def,1,1,Algebra_Group_Basic,1,0,0,0,0,0,0,0
GroupWithZero,0,inductive,1,0,Analysis_SpecialFunctions_Log_Basic,0,0,0,0,0,0,0,0
GroupWithZero.toDivInvMonoid,0,def,1,1,Analysis_SpecialFunctions_Log_Basic,1,0,0,0,0,0,0,0
GroupWithZero.toDivisionMonoid,0,def,1,1,Analysis_SpecialFunctions_Log_Basic,1,0,0,0,0,0,0,0
GroupWithZero.toMonoidWithZero,0,def,1,1,Analysis_SpecialFunctions_Log_Basic,1,0,1,0,0,0,0,0
GroupWithZero.toNontrivial,0,axiom,1,1,Analysis_SpecialFunctions_Log_Basic,1,0,1,0,0,0,0,0
HAdd.hAdd,0,def,1,1,Algebra_Group_Basic|Analysis_SpecialFunctions_Log_Basic|Data_Nat_GCD_Basic,0,0,1,0,0,0,0,0
HDiv.hDiv,0,def,1,1,Algebra_Group_Basic|Analysis_SpecialFunctions_Log_Basic|Data_Nat_GCD_Basic,0,0,1,0,0,0,0,0
HEq,0,inductive,1,0,Analysis_SpecialFunctions_Log_Basic|Data_Nat_GCD_Basic|Logic_Function_Basic|Order_Lattice|Topology_Basic,0,0,0,0,0,0,0,0
HEq.refl,0,constructor,1,0,Analysis_SpecialFunctions_Log_Basic|Data_Nat_GCD_Basic|Logic_Function_Basic|Order_Lattice|Topology_Basic,0,0,0,0,0,0,0,0
HEq.rfl,0,def,1,0,Logic_Function_Basic,0,0,0,0,0,0,0,0
HEq.symm,0,axiom,1,0,Logic_Function_Basic,0,0,0,0,0,0,0,0
HEq.trans,0,axiom,1,0,Logic_Function_Basic,0,0,0,0,0,0,0,0
HMod.hMod,0,def,1,1,Algebra_Group_Basic|Data_Nat_GCD_Basic,0,0,1,0,0,0,0,0
HMul,0,inductive,1,0,Data_Nat_GCD_Basic,0,0,0,0,0,0,0,0
HMul.hMul,0,def,1,1,Algebra_Group_Basic|Analysis_SpecialFunctions_Log_Basic|Data_Nat_GCD_Basic,0,0,1,0,0,0,0,0
HPow.hPow,0,def,1,1,Algebra_Group_Basic|Analysis_SpecialFunctions_Log_Basic|Data_Nat_GCD_Basic,0,0,1,0,0,0,0,0
HSMul.hSMul,0,def,1,1,Algebra_Group_Basic,0,0,1,0,0,0,0,0
HSub.hSub,0,def,1,1,Algebra_Group_Basic|Analysis_SpecialFunctions_Log_Basic|Data_Nat_GCD_Basic,0,0,1,0,0,0,0,0
HVAdd.hVAdd,0,def,1,1,Algebra_Group_Basic,0,0,1,0,0,0,0,0
HasDistribNeg.toInvolutiveNeg,0,def,1,1,Analysis_SpecialFunctions_Log_Basic,1,0,1,0,0,0,0,0
HasSolidNorm.orderClosedTopology,0,axiom,1,1,Analysis_SpecialFunctions_Log_Basic,1,0,0,0,0,0,0,0
IO.RealWorld,0,def,1,0,Analysis_SpecialFunctions_Log_Basic,0,0,0,0,0,0,0,0
Iff,0,inductive,1,0,Algebra_Group_Basic|Analysis_SpecialFunctions_Log_Basic|Data_Nat_GCD_Basic|Logic_Function_Basic|Order_Lattice|Topology_Basic,0,0,0,0,0,0,0,0
Iff.intro,0,constructor,1,1,Algebra_Group_Basic|Analysis_SpecialFunctions_Log_Basic|Data_Nat_GCD_Basic|Logic_Function_Basic|Order_Lattice|Topology_Basic,0,0,0,0,0,0,1,0
Iff.mp,0,axiom,1,1,Analysis_SpecialFunctions_Log_Basic|Data_Nat_GCD_Basic|Logic_Function_Basic|Order_Lattice,0,0,1,0,0,0,1,0
Iff.mpr,0,axiom,1,1,Algebra_Group_Basic|Analysis_SpecialFunctions_Log_Basic|Data_Nat_GCD_Basic|Logic_Function_Basic|Order_Lattice|Topology_Basic,0,0,1,0,0,0,1,0
Iff.not,0,axiom,1,0,Algebra_Group_Basic|Analysis_SpecialFunctions_Log_Basic|Logic_Function_Basic,0,0,0,0,0,0,0,0
Iff.of_eq,0,axiom,1,0,Logic_Function_Basic,0,0,0,0,0,0,0,0
Iff.rfl,0,axiom,1,1,Algebra_Group_Basic|Analysis_SpecialFunctions_Log_Basic|Data_Nat_GCD_Basic|Order_Lattice|Topology_Basic,0,0,0,0,0,0,1,0
Iff.symm,0,axiom,1,0,Algebra_Group_Basic|Logic_Function_Basic,0,0,0,0,0,0,0,0
Iff.trans,0,axiom,1,0,Algebra_Group_Basic|Logic_Function_Basic|Order_Lattice,0,0,0,0,0,0,0,0
Inhabited,0,inductive,1,0,Logic_Function_Basic,0,0,0,0,0,0,0,0
Inhabited.default,0,def,1,1,Logic_Function_Basic,0,0,1,0,0,0,0,0
Inhabited.mk,0,constructor,1,0,Logic_Function_Basic,0,0,0,0,0,0,0,0
Insert.insert,0,def,1,1,Topology_Basic,0,0,1,0,0,0,0,0
Int,0,inductive,1,0,Algebra_Group_Basic|Analysis_SpecialFunctions_Log_Basic|Data_Nat_GCD_Basic|Order_Lattice,0,0,0,0,0,0,0,0
Int.add_assoc,0,axiom,1,0,Algebra_Group_Basic,0,0,0,0,0,0,0,0
Int.add_comm,0,axiom,1,0,Algebra_Group_Basic,0,0,0,0,0,0,0,0
Int.add_left_neg,0,axiom,1,0,Algebra_Group_Basic,0,0,0,0,0,0,0,0
Int.add_one_le_of_lt,0,axiom,1,0,Data_Nat_GCD_Basic,0,0,0,0,0,0,0,0
Int.add_sub_assoc,0,axiom,1,0,Algebra_Group_Basic,0,0,0,0,0,0,0,0
Int.add_zero,0,axiom,1,0,Algebra_Group_Basic,0,0,0,0,0,0,0,0
Int.casesOn,0,def,1,1,Algebra_Group_Basic|Analysis_SpecialFunctions_Log_Basic,0,0,0,1,0,0,0,0
Int.cast,0,def,1,0,Analysis_SpecialFunctions_Log_Basic,0,0,0,0,0,0,0,0
Int.cast_le._simp_1,0,theorem,1,1,Analysis_SpecialFunctions_Log_Basic,0,0,0,0,1,0,0,0
Int.cast_natCast,0,axiom,1,0,Analysis_SpecialFunctions_Log_Basic,0,0,0,0,0,0,0,0
Int.cast_neg._simp_1,0,theorem,1,1,Analysis_SpecialFunctions_Log_Basic,0,0,0,0,1,0,0,0
Int.cast_negSucc,0,axiom,1,0,Analysis_SpecialFunctions_Log_Basic,0,0,0,0,0,0,0,0
Int.cast_negSucc._simp_1,0,theorem,1,1,Analysis_SpecialFunctions_Log_Basic,0,0,0,0,1,0,0,0
Int.cast_one,0,axiom,1,0,Analysis_SpecialFunctions_Log_Basic,0,0,0,0,0,0,0,0
Int.cast_zero,0,axiom,1,0,Analysis_SpecialFunctions_Log_Basic,0,0,0,0,0,0,0,0
Int.emod_add_mul_ediv,0,axiom,1,0,Algebra_Group_Basic,0,0,0,0,0,0,0,0
Int.induction_on,0,axiom,1,0,Algebra_Group_Basic,0,0,0,0,0,0,0,0
Int.instAdd,0,def,1,1,Algebra_Group_Basic|Data_Nat_GCD_Basic,1,0,0,0,0,0,0,0
Int.instAddCommGroup,0,def,1,1,Analysis_SpecialFunctions_Log_Basic,1,0,0,0,0,0,0,0
Int.instAddCommSemigroup,0,def,1,1,Analysis_SpecialFunctions_Log_Basic,1,0,0,0,0,0,0,0
Int.instAddGroup,0,def,1,1,Analysis_SpecialFunctions_Log_Basic,1,0,0,0,0,0,0,0
Int.instAddLeftMono,0,axiom,1,1,Analysis_SpecialFunctions_Log_Basic,1,0,0,0,0,0,0,0
Int.instConditionallyCompleteLinearOrder,0,def,1,1,Analysis_SpecialFunctions_Log_Basic,1,0,0,0,0,0,0,0
Int.instDecidableEq,0,def,1,1,Analysis_SpecialFunctions_Log_Basic,1,0,0,0,0,0,0,0
Int.instDiv,0,def,1,1,Algebra_Group_Basic,1,0,0,0,0,0,0,0
Int.instLEInt,0,def,1,1,Analysis_SpecialFunctions_Log_Basic|Data_Nat_GCD_Basic,1,0,0,0,0,0,0,0
Int.instLinearOrder,0,def,1,1,Analysis_SpecialFunctions_Log_Basic|Order_Lattice,1,0,0,0,0,0,0,0
Int.instMod,0,def,1,1,Algebra_Group_Basic,1,0,0,0,0,0,0,0
Int.instMul,0,def,1,1,Algebra_Group_Basic|Data_Nat_GCD_Basic,1,0,0,0,0,0,0,0
Int.instNatPow,0,def,1,1,Algebra_Group_Basic,1,0,0,0,0,0,0,0
Int.instNegInt,0,def,1,1,Algebra_Group_Basic|Analysis_SpecialFunctions_Log_Basic|Data_Nat_GCD_Basic,1,0,0,0,0,0,0,0
Int.instRing,0,def,1,1,Analysis_SpecialFunctions_Log_Basic,1,0,0,0,0,0,0,0
Int.instSub,0,def,1,1,Algebra_Group_Basic|Data_Nat_GCD_Basic,1,0,0,0,0,0,0,0
Int.mul_comm,0,axiom,1,0,Algebra_Group_Basic,0,0,0,0,0,0,0,0
Int.natAbs,0,def,1,0,Algebra_Group_Basic,0,0,0,0,0,0,0,0
Int.natCast_succ,0,axiom,1,0,Algebra_Group_Basic,0,0,0,0,0,0,0,0
Int.negOfNat,0,def,1,0,Analysis_SpecialFunctions_Log_Basic,0,0,0,0,0,0,0,0
Int.negSucc,0,constructor,1,0,Algebra_Group_Basic|Analysis_SpecialFunctions_Log_Basic,0,0,0,0,0,0,0,0
Int.negSucc_eq,0,axiom,1,0,Algebra_Group_Basic,0,0,0,0,0,0,0,0
Int.negSucc_mul_negSucc,0,axiom,1,0,Algebra_Group_Basic,0,0,0,0,0,0,0,0
Int.negSucc_mul_ofNat,0,axiom,1,0,Algebra_Group_Basic,0,0,0,0,0,0,0,0
Int.neg_add,0,axiom,1,0,Algebra_Group_Basic,0,0,0,0,0,0,0,0
Int.neg_add_cancel_right,0,axiom,1,0,Algebra_Group_Basic,0,0,0,0,0,0,0,0
Int.ofNat,0,constructor,1,0,Algebra_Group_Basic|Analysis_SpecialFunctions_Log_Basic,0,0,0,0,0,0,0,0
Int.ofNat_eq_natCast,0,axiom,1,0,Analysis_SpecialFunctions_Log_Basic,0,0,0,0,0,0,0,0
Int.ofNat_mul_negSucc,0,axiom,1,0,Algebra_Group_Basic,0,0,0,0,0,0,0,0
Int.pow_succ',0,axiom,1,0,Algebra_Group_Basic,0,0,0,0,0,0,0,0
Int.pow_zero,0,axiom,1,0,Algebra_Group_Basic,0,0,0,0,0,0,0,0
Int.rawCast,0,def,1,0,Analysis_SpecialFunctions_Log_Basic,0,0,0,0,0,0,0,0
Int.sub_add_cancel,0,axiom,1,0,Algebra_Group_Basic,0,0,0,0,0,0,0,0
Int.sub_eq_add_neg,0,axiom,1,0,Algebra_Group_Basic,0,0,0,0,0,0,0,0
Int.sub_eq_zero_of_eq,0,axiom,1,0,Data_Nat_GCD_Basic,0,0,0,0,0,0,0,0
Int.sub_nonneg_of_le,0,axiom,1,0,Data_Nat_GCD_Basic,0,0,0,0,0,0,0,0
IntCast.intCast,0,def,1,1,Analysis_SpecialFunctions_Log_Basic,0,0,1,0,0,0,0,1
Inter.inter,0,def,1,1,Topology_Basic,0,0,1,0,0,0,0,0
Inv.inv,0,def,1,1,Algebra_Group_Basic|Analysis_SpecialFunctions_Log_Basic,0,0,1,0,0,0,0,0
InvImage,0,def,1,0,Data_Nat_GCD_Basic|Logic_Function_Basic,0,0,0,0,0,0,0,0
InvImage.equivalence,1,theorem,0,0,Logic_Function_Basic,0,0,0,0,0,0,0,0
InvOneClass.toInv,0,def,1,1,Algebra_Group_Basic|Analysis_SpecialFunctions_Log_Basic,1,0,1,0,0,0,0,0
InvOneClass.toOne,0,def,1,1,Algebra_Group_Basic|Analysis_SpecialFunctions_Log_Basic,1,0,1,0,0,0,0,0
Invertible,0,inductive,1,0,Analysis_SpecialFunctions_Log_Basic,0,0,0,0,0,0,0,0
Invertible.invOf,0,def,1,1,Analysis_SpecialFunctions_Log_Basic,0,0,1,0,0,0,0,0
InvolutiveInv,0,inductive,1,0,Algebra_Group_Basic,0,0,0,0,0,0,0,0
InvolutiveInv.toInv,0,def,1,1,Algebra_Group_Basic,1,0,1,0,0,0,0,0
InvolutiveNeg,0,inductive,1,0,Algebra_Group_Basic,0,0,0,0,0,0,0,0
InvolutiveNeg.toNeg,0,def,1,1,Algebra_Group_Basic|Analysis_SpecialFunctions_Log_Basic,1,0,1,0,0,0,0,0
IsAddCommutative.is_comm,0,axiom,1,1,Algebra_Group_Basic,1,0,1,0,0,0,0,0
IsCancelMulZero.toIsLeftCancelMulZero,0,axiom,1,1,Analysis_SpecialFunctions_Log_Basic,1,0,1,0,0,0,0,0
IsCancelMulZero.toIsRightCancelMulZero,0,axiom,1,1,Data_Nat_GCD_Basic,1,0,1,0,0,0,0,0
IsClosed,0,inductive,1,0,Topology_Basic,0,0,0,0,0,0,0,0
IsClosed.and,1,theorem,0,0,Topology_Basic,0,0,0,0,0,0,0,0
IsClosed.inter,1,theorem,1,0,Topology_Basic,0,0,0,0,0,0,0,0
IsClosed.isLocallyClosed,1,theorem,0,0,Topology_Basic,0,0,0,0,0,0,0,0
IsClosed.isOpen_compl,0,axiom,1,1,Topology_Basic,0,0,1,0,0,0,0,0
IsClosed.mk,0,constructor,1,0,Topology_Basic,0,0,0,0,0,0,0,0
IsClosed.not,1,theorem,0,0,Topology_Basic,0,0,0,0,0,0,0,0
IsClosed.sdiff,1,theorem,0,0,Topology_Basic,0,0,0,0,0,0,0,0
IsClosed.union,1,theorem,1,0,Topology_Basic,0,0,0,0,0,0,0,0
IsEquiv,0,inductive,1,0,Logic_Function_Basic,0,0,0,0,0,0,0,0
IsEquiv.mk,0,constructor,1,0,Logic_Function_Basic,0,0,0,0,0,0,0,0
IsEquiv.toIsPreorder,0,axiom,1,1,Logic_Function_Basic,1,0,1,0,0,0,0,0
IsEquiv.toSymm,0,axiom,1,1,Logic_Function_Basic,1,0,1,0,0,0,0,0
IsLeftCancelAdd,0,inductive,1,0,Algebra_Group_Basic,0,0,0,0,0,0,0,0
IsLeftCancelAdd.addLeftReflectLE_of_addLeftReflectLT,0,axiom,1,1,Analysis_SpecialFunctions_Log_Basic,1,0,0,0,0,0,0,0
IsLeftCancelAdd.addLeftStrictMono_of_addLeftMono,0,axiom,1,1,Analysis_SpecialFunctions_Log_Basic,1,0,0,0,0,0,0,0
IsLeftCancelMul,0,inductive,1,0,Algebra_Group_Basic,0,0,0,0,0,0,0,0
IsLinearOrder,0,inductive,1,0,Logic_Function_Basic,0,0,0,0,0,0,0,0
IsLinearOrder.mk,0,constructor,1,0,Logic_Function_Basic,0,0,0,0,0,0,0,0
IsLinearOrder.toIsPartialOrder,0,axiom,1,1,Logic_Function_Basic,1,0,1,0,0,0,0,0
IsLinearOrder.toTotal,0,axiom,1,1,Logic_Function_Basic,1,0,1,0,0,0,0,0
IsLocallyClosed,0,def,1,0,Topology_Basic,0,0,0,0,0,0,0,0
IsMulCommutative.is_comm,0,axiom,1,1,Algebra_Group_Basic,1,0,1,0,0,0,0,0
IsOpen,0,def,1,0,Analysis_SpecialFunctions_Log_Basic|Topology_Basic,0,0,0,0,0,0,0,0
IsOpen.and,1,theorem,0,0,Topology_Basic,0,0,0,0,0,0,0,0
IsOpen.inter,0,axiom,1,0,Topology_Basic,0,0,0,0,0,0,0,0
IsOpen.isClosed_compl,1,theorem,1,0,Topology_Basic,0,0,0,0,0,0,0,0
IsOpen.isLocallyClosed,1,theorem,0,0,Topology_Basic,0,0,0,0,0,0,0,0
IsOpen.mem_nhds,0,axiom,1,0,Analysis_SpecialFunctions_Log_Basic,0,0,0,0,0,0,0,0
IsOpen.sdiff,1,theorem,0,0,Topology_Basic,0,0,0,0,0,0,0,0
IsOpen.union,1,theorem,1,0,Topology_Basic,0,0,0,0,0,0,0,0
IsOrderedAddMonoid.toAddLeftMono,0,axiom,1,1,Analysis_SpecialFunctions_Log_Basic,1,0,0,0,0,0,0,0
IsOrderedRing,0,inductive,1,0,Analysis_SpecialFunctions_Log_Basic,0,0,0,0,0,0,0,0
IsOrderedRing.toMulPosMono,0,axiom,1,1,Analysis_SpecialFunctions_Log_Basic,1,0,1,0,0,0,0,0
IsOrderedRing.toPosMulMono,0,axiom,1,1,Analysis_SpecialFunctions_Log_Basic,1,0,1,0,0,0,0,0
IsPartialOrder,0,inductive,1,0,Logic_Function_Basic,0,0,0,0,0,0,0,0
IsPartialOrder.mk,0,constructor,1,0,Logic_Function_Basic,0,0,0,0,0,0,0,0
IsPartialOrder.toAntisymm,0,axiom,1,1,Logic_Function_Basic,1,0,1,0,0,0,0,0
IsPartialOrder.toIsPreorder,0,axiom,1,1,Logic_Function_Basic,1,0,1,0,0,0,0,0
IsPreorder,0,inductive,1,0,Logic_Function_Basic,0,0,0,0,0,0,0,0
IsPreorder.mk,0,constructor,1,0,Logic_Function_Basic,0,0,0,0,0,0,0,0
IsPreorder.toIsTrans,0,axiom,1,1,Logic_Function_Basic,1,0,1,0,0,0,0,0
IsPreorder.toRefl,0,axiom,1,1,Logic_Function_Basic,1,0,1,0,0,0,0,0
IsReduced,0,inductive,1,0,Analysis_SpecialFunctions_Log_Basic,0,0,0,0,0,0,0,0
IsRelPrime,0,def,1,0,Data_Nat_GCD_Basic,0,0,0,0,0,0,0,0
IsRelPrime.eq_1,1,theorem,0,0,Data_Nat_GCD_Basic,0,0,0,0,0,0,0,0
IsRightCancelAdd,0,inductive,1,0,Algebra_Group_Basic,0,0,0,0,0,0,0,0
IsRightCancelAdd.addRightStrictMono_of_addRightMono,0,axiom,1,1,Analysis_SpecialFunctions_Log_Basic,1,0,0,0,0,0,0,0
IsRightCancelAdd.toGrindAddRightCancel,1,theorem,0,0,Algebra_Group_Basic,0,0,0,0,0,0,0,0
IsRightCancelMul,0,inductive,1,0,Algebra_Group_Basic,0,0,0,0,0,0,0,0
IsRightCancelMulZero.to_noZeroDivisors,0,axiom,1,1,Data_Nat_GCD_Basic,1,0,0,0,0,0,0,0
IsSemitopologicalRing.toIsSemitopologicalSemiring,0,axiom,1,1,Analysis_SpecialFunctions_Log_Basic,1,0,1,0,0,0,0,0
IsSemitopologicalSemiring.toContinuousAdd,0,axiom,1,1,Analysis_SpecialFunctions_Log_Basic,1,0,1,0,0,0,0,0
IsStrictOrder,0,inductive,1,0,Logic_Function_Basic,0,0,0,0,0,0,0,0
IsStrictOrder.mk,0,constructor,1,0,Logic_Function_Basic,0,0,0,0,0,0,0,0
IsStrictOrder.toIrrefl,0,axiom,1,1,Logic_Function_Basic,1,0,1,0,0,0,0,0
IsStrictOrder.toIsTrans,0,axiom,1,1,Logic_Function_Basic,1,0,1,0,0,0,0,0
IsStrictOrderedRing.noZeroDivisors,0,axiom,1,1,Analysis_SpecialFunctions_Log_Basic,1,0,0,0,0,0,0,0
IsStrictOrderedRing.toMulPosStrictMono,0,axiom,1,1,Analysis_SpecialFunctions_Log_Basic,1,0,1,0,0,0,0,0
IsStrictOrderedRing.toPosMulStrictMono,0,axiom,1,1,Analysis_SpecialFunctions_Log_Basic,1,0,1,0,0,0,0,0
IsStrictTotalOrder,0,inductive,1,0,Logic_Function_Basic,0,0,0,0,0,0,0,0
IsStrictTotalOrder.mk,0,constructor,1,0,Logic_Function_Basic,0,0,0,0,0,0,0,0
IsStrictTotalOrder.toIsStrictOrder,0,axiom,1,1,Logic_Function_Basic,1,0,1,0,0,0,0,0
IsStrictTotalOrder.toTrichotomous,0,axiom,1,1,Logic_Function_Basic,1,0,1,0,0,0,0,0
IsStrictWeakOrder,0,inductive,1,0,Logic_Function_Basic,0,0,0,0,0,0,0,0
IsStrictWeakOrder.incomp_trans,0,axiom,1,1,Logic_Function_Basic,0,0,1,0,0,0,0,0
IsStrictWeakOrder.mk,0,constructor,1,0,Logic_Function_Basic,0,0,0,0,0,0,0,0
IsStrictWeakOrder.toIsStrictOrder,0,axiom,1,1,Logic_Function_Basic,1,0,1,0,0,0,0,0
IsTopologicalRing.toIsSemitopologicalRing,0,axiom,1,1,Analysis_SpecialFunctions_Log_Basic,1,0,0,0,0,0,0,0
IsTopologicalRing.toIsTopologicalSemiring,0,axiom,1,1,Analysis_SpecialFunctions_Log_Basic,1,0,1,0,0,0,0,0
IsTopologicalSemiring.toContinuousMul,0,axiom,1,1,Analysis_SpecialFunctions_Log_Basic,1,0,1,0,0,0,0,0
IsTrans,0,inductive,1,0,Logic_Function_Basic,0,0,0,0,0,0,0,0
IsTrans.mk,0,constructor,1,0,Logic_Function_Basic,0,0,0,0,0,0,0,0
IsUnit,0,def,1,0,Data_Nat_GCD_Basic,0,0,0,0,0,0,0,0
LE,0,inductive,1,0,Analysis_SpecialFunctions_Log_Basic|Logic_Function_Basic|Order_Lattice,0,0,0,0,0,0,0,0
LE.le,0,def,1,1,Algebra_Group_Basic|Analysis_SpecialFunctions_Log_Basic|Data_Nat_GCD_Basic|Logic_Function_Basic|Order_Lattice|Topology_Basic,0,0,1,0,0,0,0,0
LE.le.antisymm,0,axiom,1,0,Order_Lattice,0,0,0,0,0,0,0,0
LE.le.antisymm',0,axiom,1,0,Order_Lattice,0,0,0,0,0,0,0,0
LE.le.eq_or_lt,0,axiom,1,0,Analysis_SpecialFunctions_Log_Basic,0,0,0,0,0,0,0,0
LE.le.ge_iff_eq,0,axiom,1,0,Order_Lattice,0,0,0,0,0,0,0,0
LE.le.ge_iff_eq',0,axiom,1,0,Order_Lattice,0,0,0,0,0,0,0,0
LE.le.lt_iff_ne,0,axiom,1,0,Order_Lattice,0,0,0,0,0,0,0,0
LE.le.lt_iff_ne',0,axiom,1,0,Order_Lattice,0,0,0,0,0,0,0,0
LE.le.trans,0,axiom,1,0,Analysis_SpecialFunctions_Log_Basic|Order_Lattice,0,0,0,0,0,0,0,0
LE.le.trans',0,axiom,1,0,Order_Lattice,0,0,0,0,0,0,0,0
LE.le.trans_lt,0,axiom,1,0,Analysis_SpecialFunctions_Log_Basic|Order_Lattice,0,0,0,0,0,0,0,0
LE.le.trans_lt',0,axiom,1,0,Order_Lattice,0,0,0,0,0,0,0,0
LE.mk,0,constructor,1,0,Order_Lattice,0,0,0,0,0,0,0,0
LE.total,0,axiom,1,1,Order_Lattice,1,0,0,0,0,0,0,0
LE.total',0,axiom,1,1,Order_Lattice,1,0,0,0,0,0,0,0
LT,0,inductive,1,0,Analysis_SpecialFunctions_Log_Basic|Logic_Function_Basic|Order_Lattice,0,0,0,0,0,0,0,0
LT.lt,0,def,1,1,Analysis_SpecialFunctions_Log_Basic|Data_Nat_GCD_Basic|Logic_Function_Basic|Order_Lattice,0,0,1,0,0,0,0,0
LT.lt.le,0,axiom,1,0,Analysis_SpecialFunctions_Log_Basic,0,0,0,0,0,0,0,0
LT.lt.ne,0,axiom,1,0,Analysis_SpecialFunctions_Log_Basic,0,0,0,0,0,0,0,0
LT.lt.ne',0,axiom,1,0,Analysis_SpecialFunctions_Log_Basic,0,0,0,0,0,0,0,0
LT.lt.trans_le,0,axiom,1,0,Analysis_SpecialFunctions_Log_Basic|Order_Lattice,0,0,0,0,0,0,0,0
LT.lt.trans_le',0,axiom,1,0,Order_Lattice,0,0,0,0,0,0,0,0
LT.mk,0,constructor,1,0,Order_Lattice,0,0,0,0,0,0,0,0
Lattice,1,inductive,1,0,Order_Lattice,0,0,0,0,0,0,0,0
Lattice.casesOn,1,def,1,1,Order_Lattice,0,0,0,1,0,0,0,0
Lattice.ctorIdx,1,def,0,0,Order_Lattice,0,0,0,0,0,0,0,0
Lattice.ext,1,theorem,0,0,Order_Lattice,0,0,0,0,0,0,0,0
Lattice.inf,1,def,1,1,Order_Lattice,0,0,1,0,0,0,0,0
Lattice.inf_le_left,1,theorem,1,1,Order_Lattice,0,0,1,0,0,0,0,0
Lattice.inf_le_right,1,theorem,1,1,Order_Lattice,0,0,1,0,0,0,0,0
Lattice.le_inf,1,theorem,1,1,Order_Lattice,0,0,1,0,0,0,0,0
Lattice.lt._inherited_default,1,def,0,0,Order_Lattice,0,0,0,0,0,0,0,0
Lattice.mk,1,constructor,1,0,Order_Lattice,0,0,0,0,0,0,0,0
Lattice.mk',1,def,0,0,Order_Lattice,0,0,0,0,0,0,0,0
Lattice.mk'._proof_1,1,theorem,1,1,Order_Lattice,0,0,0,0,1,0,0,0
Lattice.mk'._proof_2,1,theorem,1,1,Order_Lattice,0,0,0,0,1,0,0,0
Lattice.mk'._proof_3,1,theorem,1,1,Order_Lattice,0,0,0,0,1,0,0,0
Lattice.mk'._proof_4,1,theorem,1,1,Order_Lattice,0,0,0,0,1,0,0,0
Lattice.mk'._proof_5,1,theorem,1,1,Order_Lattice,0,0,0,0,1,0,0,0
Lattice.mk'._proof_6,1,theorem,1,1,Order_Lattice,0,0,0,0,1,0,0,0
Lattice.mk'._proof_7,1,theorem,1,1,Order_Lattice,0,0,0,0,1,0,0,0
Lattice.mk'._proof_8,1,theorem,1,1,Order_Lattice,0,0,0,0,1,0,0,0
Lattice.mk'._proof_9,1,theorem,1,1,Order_Lattice,0,0,0,0,1,0,0,0
Lattice.mk._flat_ctor,1,def,0,0,Order_Lattice,0,0,0,0,0,0,0,0
Lattice.mk.noConfusion,1,def,0,0,Order_Lattice,0,0,0,0,0,0,0,0
Lattice.noConfusion,1,def,1,1,Order_Lattice,0,0,0,1,0,0,0,0
Lattice.noConfusionType,1,def,1,1,Order_Lattice,0,0,0,1,0,0,0,0
Lattice.rec,1,recursor,1,1,Order_Lattice,0,1,0,1,0,0,0,0
Lattice.recOn,1,def,0,0,Order_Lattice,0,0,0,0,0,0,0,0
Lattice.toLinearOrder,1,def,0,0,Order_Lattice,0,0,0,0,0,0,0,0
Lattice.toLinearOrder._proof_1,1,theorem,1,1,Order_Lattice,0,0,0,0,1,0,0,0
Lattice.toLinearOrder._proof_2,1,theorem,1,1,Order_Lattice,0,0,0,0,1,0,0,0
Lattice.toLinearOrder._proof_3,1,theorem,1,1,Order_Lattice,0,0,0,0,1,0,0,0
Lattice.toLinearOrder._proof_4,1,theorem,1,1,Order_Lattice,0,0,0,0,1,0,0,0
Lattice.toSemilatticeInf,1,def,1,1,Analysis_SpecialFunctions_Log_Basic|Order_Lattice,1,0,0,0,0,0,0,0
Lattice.toSemilatticeSup,1,def,1,1,Analysis_SpecialFunctions_Log_Basic|Order_Lattice,1,0,1,0,0,0,0,0
Lean.Core.CoreM,0,def,1,0,Analysis_SpecialFunctions_Log_Basic,0,0,0,0,0,0,0,0
Lean.Core.instMonadCoreM,0,def,1,1,Analysis_SpecialFunctions_Log_Basic,1,0,0,0,0,0,0,0
Lean.Core.instMonadQuotationCoreM,0,def,1,1,Analysis_SpecialFunctions_Log_Basic,1,0,0,0,0,0,0,0
Lean.Exception,0,inductive,1,0,Analysis_SpecialFunctions_Log_Basic,0,0,0,0,0,0,0,0
Lean.Expr,0,inductive,1,0,Analysis_SpecialFunctions_Log_Basic,0,0,0,0,0,0,0,0
Lean.Expr.app,0,constructor,1,0,Analysis_SpecialFunctions_Log_Basic,0,0,0,0,0,0,0,0
Lean.Expr.const,0,constructor,1,0,Analysis_SpecialFunctions_Log_Basic,0,0,0,0,0,0,0,0
Lean.Expr.lit,0,constructor,1,0,Analysis_SpecialFunctions_Log_Basic,0,0,0,0,0,0,0,0
Lean.Expr.natLit!,0,def,1,0,Analysis_SpecialFunctions_Log_Basic,0,0,0,0,0,0,0,0
Lean.Expr.sort,0,constructor,1,0,Analysis_SpecialFunctions_Log_Basic,0,0,0,0,0,0,0,0
Lean.Grind.AC.Context,0,inductive,1,0,Algebra_Group_Basic,0,0,0,0,0,0,0,0
Lean.Grind.AC.Context.mk,0,constructor,1,0,Algebra_Group_Basic,0,0,0,0,0,0,0,0
Lean.Grind.AC.Expr,0,inductive,1,0,Algebra_Group_Basic,0,0,0,0,0,0,0,0
Lean.Grind.AC.Expr.op,0,constructor,1,0,Algebra_Group_Basic,0,0,0,0,0,0,0,0
Lean.Grind.AC.Expr.var,0,constructor,1,0,Algebra_Group_Basic,0,0,0,0,0,0,0,0
Lean.Grind.AC.Seq,0,inductive,1,0,Algebra_Group_Basic,0,0,0,0,0,0,0,0
Lean.Grind.AC.Seq.cons,0,constructor,1,0,Algebra_Group_Basic,0,0,0,0,0,0,0,0
Lean.Grind.AC.Seq.var,0,constructor,1,0,Algebra_Group_Basic,0,0,0,0,0,0,0,0
Lean.Grind.AC.diseq_norm_ac,0,axiom,1,0,Algebra_Group_Basic,0,0,0,0,0,0,0,0
Lean.Grind.AC.diseq_unsat,0,axiom,1,0,Algebra_Group_Basic,0,0,0,0,0,0,0,0
Lean.Grind.AddCommGroup.mk,0,constructor,1,0,Algebra_Group_Basic,0,0,0,0,0,0,0,0
Lean.Grind.AddCommMonoid.mk,0,constructor,1,0,Algebra_Group_Basic,0,0,0,0,0,0,0,0
Lean.Grind.AddRightCancel,0,inductive,1,0,Algebra_Group_Basic,0,0,0,0,0,0,0,0
Lean.Grind.AddRightCancel.mk,0,constructor,1,0,Algebra_Group_Basic,0,0,0,0,0,0,0,0
Lean.Grind.CommRing.Expr,0,inductive,1,0,Analysis_SpecialFunctions_Log_Basic,0,0,0,0,0,0,0,0
Lean.Grind.CommRing.Expr.add,0,constructor,1,0,Analysis_SpecialFunctions_Log_Basic,0,0,0,0,0,0,0,0
Lean.Grind.CommRing.Expr.intCast,0,constructor,1,0,Analysis_SpecialFunctions_Log_Basic,0,0,0,0,0,0,0,0
Lean.Grind.CommRing.Expr.mul,0,constructor,1,0,Analysis_SpecialFunctions_Log_Basic,0,0,0,0,0,0,0,0
Lean.Grind.CommRing.Expr.neg,0,constructor,1,0,Analysis_SpecialFunctions_Log_Basic,0,0,0,0,0,0,0,0
Lean.Grind.CommRing.Expr.num,0,constructor,1,0,Analysis_SpecialFunctions_Log_Basic,0,0,0,0,0,0,0,0
Lean.Grind.CommRing.Expr.sub,0,constructor,1,0,Analysis_SpecialFunctions_Log_Basic,0,0,0,0,0,0,0,0
Lean.Grind.CommRing.Expr.var,0,constructor,1,0,Analysis_SpecialFunctions_Log_Basic,0,0,0,0,0,0,0,0
Lean.Grind.CommRing.Mon.mult,0,constructor,1,0,Analysis_SpecialFunctions_Log_Basic,0,0,0,0,0,0,0,0
Lean.Grind.CommRing.Mon.unit,0,constructor,1,0,Analysis_SpecialFunctions_Log_Basic,0,0,0,0,0,0,0,0
Lean.Grind.CommRing.Poly,0,inductive,1,0,Analysis_SpecialFunctions_Log_Basic,0,0,0,0,0,0,0,0
Lean.Grind.CommRing.Poly.add,0,constructor,1,0,Analysis_SpecialFunctions_Log_Basic,0,0,0,0,0,0,0,0
Lean.Grind.CommRing.Poly.num,0,constructor,1,0,Analysis_SpecialFunctions_Log_Basic,0,0,0,0,0,0,0,0
Lean.Grind.CommRing.Power.mk,0,constructor,1,0,Analysis_SpecialFunctions_Log_Basic,0,0,0,0,0,0,0,0
Lean.Grind.CommRing.Stepwise.d_init,0,axiom,1,0,Analysis_SpecialFunctions_Log_Basic,0,0,0,0,0,0,0,0
Lean.Grind.CommRing.Stepwise.imp_1eq,0,axiom,1,0,Analysis_SpecialFunctions_Log_Basic,0,0,0,0,0,0,0,0
Lean.Grind.CommRing.eq_int_module,0,axiom,1,0,Analysis_SpecialFunctions_Log_Basic,0,0,0,0,0,0,0,0
Lean.Grind.CommRing.eq_norm,0,axiom,1,0,Analysis_SpecialFunctions_Log_Basic,0,0,0,0,0,0,0,0
Lean.Grind.CommRing.le_norm_expr,0,axiom,1,0,Analysis_SpecialFunctions_Log_Basic,0,0,0,0,0,0,0,0
Lean.Grind.CommRing.lt_int_module,0,axiom,1,0,Analysis_SpecialFunctions_Log_Basic,0,0,0,0,0,0,0,0
Lean.Grind.CommRing.lt_norm,0,axiom,1,0,Analysis_SpecialFunctions_Log_Basic,0,0,0,0,0,0,0,0
Lean.Grind.CommRing.lt_norm_expr,0,axiom,1,0,Analysis_SpecialFunctions_Log_Basic,0,0,0,0,0,0,0,0
Lean.Grind.CommRing.toRing,0,def,1,1,Analysis_SpecialFunctions_Log_Basic,1,0,1,0,0,0,0,0
Lean.Grind.Field.toCommRing,0,def,1,1,Analysis_SpecialFunctions_Log_Basic,1,0,1,0,0,0,0,0
Lean.Grind.IntModule,0,inductive,1,0,Algebra_Group_Basic,0,0,0,0,0,0,0,0
Lean.Grind.IntModule.mk,0,constructor,1,0,Algebra_Group_Basic,0,0,0,0,0,0,0,0
Lean.Grind.Linarith.Expr,0,inductive,1,0,Analysis_SpecialFunctions_Log_Basic,0,0,0,0,0,0,0,0
Lean.Grind.Linarith.Expr.add,0,constructor,1,0,Analysis_SpecialFunctions_Log_Basic,0,0,0,0,0,0,0,0
Lean.Grind.Linarith.Expr.intMul,0,constructor,1,0,Analysis_SpecialFunctions_Log_Basic,0,0,0,0,0,0,0,0
Lean.Grind.Linarith.Expr.var,0,constructor,1,0,Analysis_SpecialFunctions_Log_Basic,0,0,0,0,0,0,0,0
Lean.Grind.Linarith.Expr.zero,0,constructor,1,0,Analysis_SpecialFunctions_Log_Basic,0,0,0,0,0,0,0,0
Lean.Grind.Linarith.Poly,0,inductive,1,0,Analysis_SpecialFunctions_Log_Basic,0,0,0,0,0,0,0,0
Lean.Grind.Linarith.Poly.add,0,constructor,1,0,Analysis_SpecialFunctions_Log_Basic,0,0,0,0,0,0,0,0
Lean.Grind.Linarith.Poly.nil,0,constructor,1,0,Analysis_SpecialFunctions_Log_Basic,0,0,0,0,0,0,0,0
Lean.Grind.Linarith.le_lt_combine,0,axiom,1,0,Analysis_SpecialFunctions_Log_Basic,0,0,0,0,0,0,0,0
Lean.Grind.Linarith.le_of_eq,0,axiom,1,0,Analysis_SpecialFunctions_Log_Basic,0,0,0,0,0,0,0,0
Lean.Grind.Linarith.lt_lt_combine,0,axiom,1,0,Analysis_SpecialFunctions_Log_Basic,0,0,0,0,0,0,0,0
Lean.Grind.Linarith.lt_norm,0,axiom,1,0,Analysis_SpecialFunctions_Log_Basic,0,0,0,0,0,0,0,0
Lean.Grind.Linarith.lt_unsat,0,axiom,1,0,Analysis_SpecialFunctions_Log_Basic,0,0,0,0,0,0,0,0
Lean.Grind.Linarith.zero_lt_one,0,axiom,1,0,Analysis_SpecialFunctions_Log_Basic,0,0,0,0,0,0,0,0
Lean.Grind.NatModule,0,inductive,1,0,Algebra_Group_Basic,0,0,0,0,0,0,0,0
Lean.Grind.NatModule.mk,0,constructor,1,0,Algebra_Group_Basic,0,0,0,0,0,0,0,0
Lean.Grind.Order.eq_mp,0,axiom,1,0,Analysis_SpecialFunctions_Log_Basic,0,0,0,0,0,0,0,0
Lean.Grind.Order.eq_trans_true,0,axiom,1,0,Analysis_SpecialFunctions_Log_Basic,0,0,0,0,0,0,0,0
Lean.Grind.Order.le_lt_trans,0,axiom,1,0,Order_Lattice,0,0,0,0,0,0,0,0
Lean.Grind.Order.le_lt_trans_k,0,axiom,1,0,Analysis_SpecialFunctions_Log_Basic,0,0,0,0,0,0,0,0
Lean.Grind.Order.le_of_eq_1,0,axiom,1,0,Order_Lattice,0,0,0,0,0,0,0,0
Lean.Grind.Order.le_of_eq_1_k,0,axiom,1,0,Analysis_SpecialFunctions_Log_Basic,0,0,0,0,0,0,0,0
Lean.Grind.Order.le_of_eq_2,0,axiom,1,0,Order_Lattice,0,0,0,0,0,0,0,0
Lean.Grind.Order.le_of_not_lt,0,axiom,1,0,Order_Lattice,0,0,0,0,0,0,0,0
Lean.Grind.Order.le_trans,0,axiom,1,0,Order_Lattice,0,0,0,0,0,0,0,0
Lean.Grind.Order.lt_eq_true_k,0,axiom,1,0,Analysis_SpecialFunctions_Log_Basic,0,0,0,0,0,0,0,0
Lean.Grind.Order.lt_eq_true_of_le_k,0,axiom,1,0,Analysis_SpecialFunctions_Log_Basic,0,0,0,0,0,0,0,0
Lean.Grind.Order.lt_eq_true_of_lt_k,0,axiom,1,0,Analysis_SpecialFunctions_Log_Basic,0,0,0,0,0,0,0,0
Lean.Grind.Order.lt_le_trans,0,axiom,1,0,Order_Lattice,0,0,0,0,0,0,0,0
Lean.Grind.Order.lt_of_not_le,0,axiom,1,0,Order_Lattice,0,0,0,0,0,0,0,0
Lean.Grind.Order.lt_trans,0,axiom,1,0,Order_Lattice,0,0,0,0,0,0,0,0
Lean.Grind.Order.lt_unsat,0,axiom,1,0,Order_Lattice,0,0,0,0,0,0,0,0
Lean.Grind.Order.lt_unsat_k,0,axiom,1,0,Analysis_SpecialFunctions_Log_Basic,0,0,0,0,0,0,0,0
Lean.Grind.Ring.toIntModule,0,def,1,1,Analysis_SpecialFunctions_Log_Basic,1,0,0,0,0,0,0,0
Lean.Grind.alreadyNorm,0,def,1,0,Logic_Function_Basic|Order_Lattice,0,0,0,0,0,0,0,0
Lean.Grind.and_eq_of_eq_false_left,0,axiom,1,0,Logic_Function_Basic,0,0,0,0,0,0,0,0
Lean.Grind.and_eq_of_eq_true_left,0,axiom,1,0,Logic_Function_Basic,0,0,0,0,0,0,0,0
Lean.Grind.and_eq_of_eq_true_right,0,axiom,1,0,Logic_Function_Basic|Order_Lattice,0,0,0,0,0,0,0,0
Lean.Grind.dite_cond_eq_false',0,axiom,1,0,Logic_Function_Basic,0,0,0,0,0,0,0,0
Lean.Grind.dite_cond_eq_true',0,axiom,1,0,Logic_Function_Basic,0,0,0,0,0,0,0,0
Lean.Grind.em,0,axiom,1,0,Logic_Function_Basic|Order_Lattice,0,0,0,0,0,0,0,0
Lean.Grind.eqRec_heq,0,axiom,1,0,Logic_Function_Basic,0,0,0,0,0,0,0,0
Lean.Grind.eq_congr',0,axiom,1,0,Logic_Function_Basic,0,0,0,0,0,0,0,0
Lean.Grind.eq_false_of_imp_eq_true,0,axiom,1,0,Analysis_SpecialFunctions_Log_Basic,0,0,0,0,0,0,0,0
Lean.Grind.eq_false_of_not_eq_true,0,axiom,1,0,Analysis_SpecialFunctions_Log_Basic|Logic_Function_Basic|Order_Lattice,0,0,0,0,0,0,0,0
Lean.Grind.eq_false_of_or_eq_false_right,0,axiom,1,0,Analysis_SpecialFunctions_Log_Basic|Logic_Function_Basic,0,0,0,0,0,0,0,0
Lean.Grind.eq_true_of_and_eq_true_right,0,axiom,1,0,Analysis_SpecialFunctions_Log_Basic|Logic_Function_Basic|Order_Lattice,0,0,0,0,0,0,0,0
Lean.Grind.eq_true_of_not_eq_false,0,axiom,1,0,Analysis_SpecialFunctions_Log_Basic|Logic_Function_Basic,0,0,0,0,0,0,0,0
Lean.Grind.forall_imp_eq_or,0,axiom,1,0,Analysis_SpecialFunctions_Log_Basic|Logic_Function_Basic,0,0,0,0,0,0,0,0
Lean.Grind.forall_propagator,0,axiom,1,0,Logic_Function_Basic,0,0,0,0,0,0,0,0
Lean.Grind.iff_eq,0,axiom,1,0,Analysis_SpecialFunctions_Log_Basic|Logic_Function_Basic|Order_Lattice,0,0,0,0,0,0,0,0
Lean.Grind.imp_false_eq,0,axiom,1,0,Analysis_SpecialFunctions_Log_Basic,0,0,0,0,0,0,0,0
Lean.Grind.intro_with_eq,0,axiom,1,0,Analysis_SpecialFunctions_Log_Basic|Logic_Function_Basic|Order_Lattice,0,0,0,0,0,0,0,0
Lean.Grind.leftInv,0,axiom,1,0,Logic_Function_Basic,0,0,0,0,0,0,0,0
Lean.Grind.leftInv.congr_simp,1,theorem,0,0,Logic_Function_Basic,0,0,0,0,0,0,0,0
Lean.Grind.leftInv_eq,0,axiom,1,0,Logic_Function_Basic,0,0,0,0,0,0,0,0
Lean.Grind.nestedDecidable,0,def,1,0,Logic_Function_Basic|Order_Lattice,0,0,0,0,0,0,0,0
Lean.Grind.nestedProof,0,axiom,1,0,Logic_Function_Basic,0,0,0,0,0,0,0,0
Lean.Grind.nestedProof_congr,0,axiom,1,0,Logic_Function_Basic,0,0,0,0,0,0,0,0
Lean.Grind.not_and,0,axiom,1,0,Logic_Function_Basic|Order_Lattice,0,0,0,0,0,0,0,0
Lean.Grind.not_eq_of_eq_false,0,axiom,1,0,Analysis_SpecialFunctions_Log_Basic|Logic_Function_Basic,0,0,0,0,0,0,0,0
Lean.Grind.not_eq_of_eq_true,0,axiom,1,0,Analysis_SpecialFunctions_Log_Basic|Logic_Function_Basic,0,0,0,0,0,0,0,0
Lean.Grind.not_eq_prop,0,axiom,1,0,Analysis_SpecialFunctions_Log_Basic|Logic_Function_Basic|Order_Lattice,0,0,0,0,0,0,0,0
Lean.Grind.not_not,0,axiom,1,0,Analysis_SpecialFunctions_Log_Basic|Logic_Function_Basic|Order_Lattice,0,0,0,0,0,0,0,0
Lean.Grind.not_or,0,axiom,1,0,Logic_Function_Basic|Order_Lattice,0,0,0,0,0,0,0,0
Lean.Grind.of_eq_eq_true,0,axiom,1,0,Analysis_SpecialFunctions_Log_Basic|Logic_Function_Basic|Order_Lattice,0,0,0,0,0,0,0,0
Lean.Grind.or_eq_of_eq_false_left,0,axiom,1,0,Analysis_SpecialFunctions_Log_Basic|Logic_Function_Basic,0,0,0,0,0,0,0,0
Lean.Grind.or_eq_of_eq_false_right,0,axiom,1,0,Analysis_SpecialFunctions_Log_Basic|Logic_Function_Basic,0,0,0,0,0,0,0,0
Lean.Grind.or_eq_of_eq_true_left,0,axiom,1,0,Logic_Function_Basic,0,0,0,0,0,0,0,0
Lean.Grind.or_of_and_eq_false,0,axiom,1,0,Logic_Function_Basic|Order_Lattice,0,0,0,0,0,0,0,0
Lean.Grind.true_imp_eq,0,axiom,1,0,Logic_Function_Basic,0,0,0,0,0,0,0,0
Lean.LMVarId,0,def,1,0,Analysis_SpecialFunctions_Log_Basic,0,0,0,0,0,0,0,0
Lean.Level,0,inductive,1,0,Analysis_SpecialFunctions_Log_Basic,0,0,0,0,0,0,0,0
Lean.Level.ctorIdx,0,def,1,0,Analysis_SpecialFunctions_Log_Basic,0,0,0,0,0,0,0,0
Lean.Level.imax,0,constructor,1,0,Analysis_SpecialFunctions_Log_Basic,0,0,0,0,0,0,0,0
Lean.Level.instOfNat,0,def,1,1,Analysis_SpecialFunctions_Log_Basic,1,0,0,0,0,0,0,0
Lean.Level.max,0,constructor,1,0,Analysis_SpecialFunctions_Log_Basic,0,0,0,0,0,0,0,0
Lean.Level.mvar,0,constructor,1,0,Analysis_SpecialFunctions_Log_Basic,0,0,0,0,0,0,0,0
Lean.Level.param,0,constructor,1,0,Analysis_SpecialFunctions_Log_Basic,0,0,0,0,0,0,0,0
Lean.Level.rec,0,recursor,1,1,Analysis_SpecialFunctions_Log_Basic,0,1,0,1,0,0,0,0
Lean.Level.succ,0,constructor,1,0,Analysis_SpecialFunctions_Log_Basic,0,0,0,0,0,0,0,0
Lean.Level.zero,0,constructor,1,0,Analysis_SpecialFunctions_Log_Basic,0,0,0,0,0,0,0,0
Lean.Literal.natVal,0,constructor,1,0,Analysis_SpecialFunctions_Log_Basic,0,0,0,0,0,0,0,0
Lean.Macro,0,def,1,0,Logic_Function_Basic,0,0,0,0,0,0,0,0
Lean.Macro.Context,0,inductive,1,0,Logic_Function_Basic,0,0,0,0,0,0,0,0
Lean.Macro.Exception,0,inductive,1,0,Logic_Function_Basic,0,0,0,0,0,0,0,0
Lean.Macro.Exception.unsupportedSyntax,0,constructor,1,0,Logic_Function_Basic,0,0,0,0,0,0,0,0
Lean.Macro.State,0,inductive,1,0,Logic_Function_Basic,0,0,0,0,0,0,0,0
Lean.Macro.instMonadQuotationMacroM,0,def,1,1,Logic_Function_Basic,1,0,0,0,0,0,0,0
Lean.Macro.instMonadRefMacroM,0,def,1,1,Logic_Function_Basic,1,0,0,0,0,0,0,0
Lean.MacroM,0,def,1,0,Logic_Function_Basic,0,0,0,0,0,0,0,0
Lean.MacroScope,0,def,1,0,Logic_Function_Basic,0,0,0,0,0,0,0,0
Lean.Meta.Context,0,inductive,1,0,Analysis_SpecialFunctions_Log_Basic,0,0,0,0,0,0,0,0
Lean.Meta.MetaM,0,def,1,0,Analysis_SpecialFunctions_Log_Basic,0,0,0,0,0,0,0,0
Lean.Meta.State,0,inductive,1,0,Analysis_SpecialFunctions_Log_Basic,0,0,0,0,0,0,0,0
Lean.Meta.instAddMessageContextMetaM,0,def,1,1,Analysis_SpecialFunctions_Log_Basic,1,0,0,0,0,0,0,0
Lean.Meta.instAlternativeMetaM,0,def,1,1,Analysis_SpecialFunctions_Log_Basic,1,0,0,0,0,0,0,0
Lean.Meta.instMonadMCtxMetaM,0,def,1,1,Analysis_SpecialFunctions_Log_Basic,1,0,0,0,0,0,0,0
Lean.Meta.instMonadMetaM,0,def,1,1,Analysis_SpecialFunctions_Log_Basic,1,0,0,0,0,0,0,0
Lean.Meta.isDefEq,0,def,1,0,Analysis_SpecialFunctions_Log_Basic,0,0,0,0,0,0,0,0
Lean.Meta.mkFreshExprMVar,0,axiom,1,0,Analysis_SpecialFunctions_Log_Basic,0,0,0,0,0,0,0,0
Lean.Meta.withDefault,0,axiom,1,0,Analysis_SpecialFunctions_Log_Basic,0,0,0,0,0,0,0,0
Lean.Meta.withNewMCtxDepth,0,axiom,1,0,Analysis_SpecialFunctions_Log_Basic,0,0,0,0,0,0,0,0
Lean.Meta.withReducible,0,axiom,1,0,Analysis_SpecialFunctions_Log_Basic,0,0,0,0,0,0,0,0
Lean.MetavarKind.natural,0,constructor,1,0,Analysis_SpecialFunctions_Log_Basic,0,0,0,0,0,0,0,0
Lean.MonadError.mk,0,constructor,1,1,Analysis_SpecialFunctions_Log_Basic,1,0,0,0,0,0,0,0
Lean.MonadQuotation.getContext,0,def,1,1,Logic_Function_Basic,0,0,1,0,0,0,0,0
Lean.MonadQuotation.getCurrMacroScope,0,def,1,1,Logic_Function_Basic,0,0,1,0,0,0,0,0
Lean.MonadQuotation.toMonadRef,0,def,1,1,Analysis_SpecialFunctions_Log_Basic|Logic_Function_Basic,1,0,1,0,0,0,0,0
Lean.MonadRef.mkInfoFromRefPos,0,axiom,1,0,Logic_Function_Basic,0,0,0,0,0,0,0,0
Lean.Name,0,inductive,1,0,Analysis_SpecialFunctions_Log_Basic|Logic_Function_Basic,0,0,0,0,0,0,0,0
Lean.Name.anonymous,0,constructor,1,0,Analysis_SpecialFunctions_Log_Basic,0,0,0,0,0,0,0,0
Lean.Name.mkStr1,0,def,1,0,Analysis_SpecialFunctions_Log_Basic|Logic_Function_Basic,0,0,0,0,0,0,0,0
Lean.Name.mkStr2,0,def,1,0,Analysis_SpecialFunctions_Log_Basic|Logic_Function_Basic,0,0,0,0,0,0,0,0
Lean.Name.mkStr3,0,def,1,0,Logic_Function_Basic,0,0,0,0,0,0,0,0
Lean.Name.mkStr4,0,def,1,0,Analysis_SpecialFunctions_Log_Basic|Logic_Function_Basic,0,0,0,0,0,0,0,0
Lean.Omega.Coeffs.ofList,0,def,1,0,Data_Nat_GCD_Basic,0,0,0,0,0,0,0,0
Lean.Omega.Constraint.addEquality_sat,0,axiom,1,0,Data_Nat_GCD_Basic,0,0,0,0,0,0,0,0
Lean.Omega.Constraint.addInequality_sat,0,axiom,1,0,Data_Nat_GCD_Basic,0,0,0,0,0,0,0,0
Lean.Omega.Constraint.combine_sat',0,axiom,1,0,Data_Nat_GCD_Basic,0,0,0,0,0,0,0,0
Lean.Omega.Constraint.isImpossible,0,def,1,0,Data_Nat_GCD_Basic,0,0,0,0,0,0,0,0
Lean.Omega.Constraint.mk,0,constructor,1,0,Data_Nat_GCD_Basic,0,0,0,0,0,0,0,0
Lean.Omega.Constraint.not_sat'_of_isImpossible,0,axiom,1,0,Data_Nat_GCD_Basic,0,0,0,0,0,0,0,0
Lean.Omega.Int.add_congr,0,axiom,1,0,Data_Nat_GCD_Basic,0,0,0,0,0,0,0,0
Lean.Omega.Int.ofNat_le_of_le,0,axiom,1,0,Data_Nat_GCD_Basic,0,0,0,0,0,0,0,0
Lean.Omega.Int.ofNat_lt_of_lt,0,axiom,1,0,Data_Nat_GCD_Basic,0,0,0,0,0,0,0,0
Lean.Omega.Int.ofNat_sub_dichotomy,0,axiom,1,0,Data_Nat_GCD_Basic,0,0,0,0,0,0,0,0
Lean.Omega.Int.sub_congr,0,axiom,1,0,Data_Nat_GCD_Basic,0,0,0,0,0,0,0,0
Lean.Omega.LinearCombo,0,inductive,1,0,Data_Nat_GCD_Basic,0,0,0,0,0,0,0,0
Lean.Omega.LinearCombo.add_eval,0,axiom,1,0,Data_Nat_GCD_Basic,0,0,0,0,0,0,0,0
Lean.Omega.LinearCombo.coordinate,0,def,1,0,Data_Nat_GCD_Basic,0,0,0,0,0,0,0,0
Lean.Omega.LinearCombo.coordinate_eval_1,0,axiom,1,0,Data_Nat_GCD_Basic,0,0,0,0,0,0,0,0
Lean.Omega.LinearCombo.coordinate_eval_2,0,axiom,1,0,Data_Nat_GCD_Basic,0,0,0,0,0,0,0,0
Lean.Omega.LinearCombo.coordinate_eval_6,0,axiom,1,0,Data_Nat_GCD_Basic,0,0,0,0,0,0,0,0
Lean.Omega.LinearCombo.eval,0,def,1,0,Data_Nat_GCD_Basic,0,0,0,0,0,0,0,0
Lean.Omega.LinearCombo.instAdd,0,def,1,1,Data_Nat_GCD_Basic,1,0,0,0,0,0,0,0
Lean.Omega.LinearCombo.instSub,0,def,1,1,Data_Nat_GCD_Basic,1,0,0,0,0,0,0,0
Lean.Omega.LinearCombo.mk,0,constructor,1,0,Data_Nat_GCD_Basic,0,0,0,0,0,0,0,0
Lean.Omega.LinearCombo.sub_eval,0,axiom,1,0,Data_Nat_GCD_Basic,0,0,0,0,0,0,0,0
Lean.Omega.combo_sat',0,axiom,1,0,Data_Nat_GCD_Basic,0,0,0,0,0,0,0,0
Lean.Omega.tidy_sat,0,axiom,1,0,Data_Nat_GCD_Basic,0,0,0,0,0,0,0,0
Lean.ParserDescr,0,inductive,1,0,Logic_Function_Basic,0,0,0,0,0,0,0,0
Lean.ParserDescr.binary,0,constructor,1,0,Logic_Function_Basic,0,0,0,0,0,0,0,0
Lean.ParserDescr.cat,0,constructor,1,0,Logic_Function_Basic,0,0,0,0,0,0,0,0
Lean.ParserDescr.node,0,constructor,1,0,Logic_Function_Basic,0,0,0,0,0,0,0,0
Lean.ParserDescr.symbol,0,constructor,1,0,Logic_Function_Basic,0,0,0,0,0,0,0,0
Lean.PrettyPrinter.UnexpandM,0,def,1,0,Logic_Function_Basic,0,0,0,0,0,0,0,0
Lean.PrettyPrinter.Unexpander,0,def,1,0,Logic_Function_Basic,0,0,0,0,0,0,0,0
Lean.PrettyPrinter.instMonadQuotationUnexpandM,0,def,1,1,Logic_Function_Basic,1,0,0,0,0,0,0,0
Lean.RArray,0,inductive,1,0,Analysis_SpecialFunctions_Log_Basic,0,0,0,0,0,0,0,0
Lean.RArray.branch,0,constructor,1,0,Algebra_Group_Basic|Analysis_SpecialFunctions_Log_Basic,0,0,0,0,0,0,0,0
Lean.RArray.leaf,0,constructor,1,0,Algebra_Group_Basic|Analysis_SpecialFunctions_Log_Basic,0,0,0,0,0,0,0,0
Lean.SourceInfo,0,inductive,1,0,Logic_Function_Basic,0,0,0,0,0,0,0,0
Lean.Syntax,0,inductive,1,0,Logic_Function_Basic,0,0,0,0,0,0,0,0
Lean.Syntax.Preresolved,0,inductive,1,0,Logic_Function_Basic,0,0,0,0,0,0,0,0
Lean.Syntax.Preresolved.decl,0,constructor,1,0,Logic_Function_Basic,0,0,0,0,0,0,0,0
Lean.Syntax.atom,0,constructor,1,0,Logic_Function_Basic,0,0,0,0,0,0,0,0
Lean.Syntax.getArg,0,axiom,1,0,Logic_Function_Basic,0,0,0,0,0,0,0,0
Lean.Syntax.ident,0,constructor,1,0,Logic_Function_Basic,0,0,0,0,0,0,0,0
Lean.Syntax.isOfKind,0,axiom,1,0,Logic_Function_Basic,0,0,0,0,0,0,0,0
Lean.Syntax.matchesNull,0,axiom,1,0,Logic_Function_Basic,0,0,0,0,0,0,0,0
Lean.Syntax.node1,0,axiom,1,0,Logic_Function_Basic,0,0,0,0,0,0,0,0
Lean.Syntax.node2,0,axiom,1,0,Logic_Function_Basic,0,0,0,0,0,0,0,0
Lean.SyntaxNodeKind,0,def,1,0,Logic_Function_Basic,0,0,0,0,0,0,0,0
Lean.TSyntax,0,inductive,1,0,Logic_Function_Basic,0,0,0,0,0,0,0,0
Lean.TSyntax.mk,0,constructor,1,0,Logic_Function_Basic,0,0,0,0,0,0,0,0
Lean.TSyntax.raw,0,def,1,1,Logic_Function_Basic,0,0,1,0,0,0,0,0
Lean.ToMessageData.toMessageData,0,def,1,1,Analysis_SpecialFunctions_Log_Basic,0,0,1,0,0,0,0,0
Lean.addMacroScope,0,axiom,1,0,Logic_Function_Basic,0,0,0,0,0,0,0,0
Lean.instAddErrorMessageContextOfAddMessageContextOfMonad,0,def,1,1,Analysis_SpecialFunctions_Log_Basic,1,0,0,0,0,0,0,0
Lean.instMonadExceptOfExceptionCoreM,0,def,1,1,Analysis_SpecialFunctions_Log_Basic,1,0,0,0,0,0,0,0
Lean.instMonadQuotationOfMonadFunctorOfMonadLift,0,def,1,1,Analysis_SpecialFunctions_Log_Basic,1,0,0,0,0,0,0,0
Lean.instToMessageDataString,0,def,1,1,Analysis_SpecialFunctions_Log_Basic,1,0,0,0,0,0,0,0
Lean.instantiateMVars,0,axiom,1,0,Analysis_SpecialFunctions_Log_Basic,0,0,0,0,0,0,0,0
Lean.throwError,0,axiom,1,0,Analysis_SpecialFunctions_Log_Basic,0,0,0,0,0,0,0,0
Lean.withRef,0,axiom,1,0,Logic_Function_Basic,0,0,0,0,0,0,0,0
LeftCancelMonoid.toLeftCancelSemigroup,0,def,1,1,Algebra_Group_Basic,1,0,0,0,0,0,0,0
LeftCancelSemigroup.toIsLeftCancelMul,0,axiom,1,1,Algebra_Group_Basic,1,0,1,0,0,0,0,0
LinearOrder,0,inductive,1,0,Order_Lattice,0,0,0,0,0,0,0,0
LinearOrder.mk,0,constructor,1,0,Order_Lattice,0,0,0,0,0,0,0,0
LinearOrder.toDecidableEq,0,def,1,1,Order_Lattice,1,0,1,0,0,0,0,0
LinearOrder.toDecidableLE,0,def,1,1,Order_Lattice,1,0,1,0,0,0,0,0
LinearOrder.toDecidableLT,0,def,1,1,Order_Lattice,1,0,1,0,0,0,0,0
LinearOrder.toLattice,1,def,1,1,Order_Lattice,1,0,0,0,0,0,0,0
LinearOrder.toMax,0,def,1,1,Order_Lattice,1,0,1,0,0,0,0,0
LinearOrder.toMin,0,def,1,1,Analysis_SpecialFunctions_Log_Basic|Order_Lattice,1,0,1,0,0,0,0,0
LinearOrder.toOrd,0,def,1,1,Order_Lattice,1,0,1,0,0,0,0,0
LinearOrder.toPartialOrder,0,def,1,1,Analysis_SpecialFunctions_Log_Basic|Data_Nat_GCD_Basic|Order_Lattice,1,0,1,0,0,0,0,0
LinearOrderedSemiField.toDenselyOrdered,0,axiom,1,1,Analysis_SpecialFunctions_Log_Basic,1,0,0,0,0,0,0,0
List,0,inductive,1,0,Analysis_SpecialFunctions_Log_Basic,0,0,0,0,0,0,0,0
List.cons,0,constructor,1,0,Analysis_SpecialFunctions_Log_Basic|Data_Nat_GCD_Basic|Logic_Function_Basic,0,0,0,0,0,0,0,0
List.instMembership,0,def,1,1,Analysis_SpecialFunctions_Log_Basic,1,0,0,0,0,0,0,0
List.map,0,def,1,0,Analysis_SpecialFunctions_Log_Basic,0,0,0,0,0,0,0,0
List.map_cons,0,axiom,1,0,Analysis_SpecialFunctions_Log_Basic,0,0,0,0,0,0,0,0
List.map_map,0,axiom,1,0,Analysis_SpecialFunctions_Log_Basic,0,0,0,0,0,0,0,0
List.map_nil,0,axiom,1,0,Analysis_SpecialFunctions_Log_Basic,0,0,0,0,0,0,0,0
List.mem_cons,0,axiom,1,0,Analysis_SpecialFunctions_Log_Basic,0,0,0,0,0,0,0,0
List.mem_map._simp_1,0,theorem,1,1,Analysis_SpecialFunctions_Log_Basic,0,0,0,0,1,0,0,0
List.nil,0,constructor,1,0,Analysis_SpecialFunctions_Log_Basic|Data_Nat_GCD_Basic|Logic_Function_Basic,0,0,0,0,0,0,0,0
List.prod,0,def,1,0,Analysis_SpecialFunctions_Log_Basic,0,0,0,0,0,0,0,0
List.prod_ne_zero,0,axiom,1,0,Analysis_SpecialFunctions_Log_Basic,0,0,0,0,0,0,0,0
List.rec,0,recursor,1,1,Analysis_SpecialFunctions_Log_Basic,0,1,0,1,0,0,0,0
List.sum,0,def,1,0,Analysis_SpecialFunctions_Log_Basic,0,0,0,0,0,0,0,0
Mathlib.Meta.NormNum.IsInt,0,inductive,1,0,Analysis_SpecialFunctions_Log_Basic,0,0,0,0,0,0,0,0
Mathlib.Meta.NormNum.IsInt.neg_to_eq,0,axiom,1,0,Analysis_SpecialFunctions_Log_Basic,0,0,0,0,0,0,0,0
Mathlib.Meta.NormNum.IsInt.of_raw,0,axiom,1,0,Analysis_SpecialFunctions_Log_Basic,0,0,0,0,0,0,0,0
Mathlib.Meta.NormNum.IsInt.to_isNat,0,axiom,1,0,Analysis_SpecialFunctions_Log_Basic,0,0,0,0,0,0,0,0
Mathlib.Meta.NormNum.IsInt.to_raw_eq,0,axiom,1,0,Analysis_SpecialFunctions_Log_Basic,0,0,0,0,0,0,0,0
Mathlib.Meta.NormNum.IsNNRat,0,inductive,1,0,Analysis_SpecialFunctions_Log_Basic,0,0,0,0,0,0,0,0
Mathlib.Meta.NormNum.IsNNRat.casesOn,0,def,1,1,Analysis_SpecialFunctions_Log_Basic,0,0,0,1,0,0,0,0
Mathlib.Meta.NormNum.IsNNRat.mk,0,constructor,1,0,Analysis_SpecialFunctions_Log_Basic,0,0,0,0,0,0,0,0
Mathlib.Meta.NormNum.IsNNRat.to_isNat,0,axiom,1,0,Analysis_SpecialFunctions_Log_Basic,0,0,0,0,0,0,0,0
Mathlib.Meta.NormNum.IsNat,0,inductive,1,0,Analysis_SpecialFunctions_Log_Basic,0,0,0,0,0,0,0,0
Mathlib.Meta.NormNum.IsNat.of_raw,0,axiom,1,0,Analysis_SpecialFunctions_Log_Basic,0,0,0,0,0,0,0,0
Mathlib.Meta.NormNum.IsNat.to_eq,0,axiom,1,0,Analysis_SpecialFunctions_Log_Basic,0,0,0,0,0,0,0,0
Mathlib.Meta.NormNum.IsNat.to_isInt,0,axiom,1,0,Analysis_SpecialFunctions_Log_Basic,0,0,0,0,0,0,0,0
Mathlib.Meta.NormNum.IsNat.to_isNNRat,0,axiom,1,0,Analysis_SpecialFunctions_Log_Basic,0,0,0,0,0,0,0,0
Mathlib.Meta.NormNum.IsNat.to_raw_eq,0,axiom,1,0,Analysis_SpecialFunctions_Log_Basic,0,0,0,0,0,0,0,0
Mathlib.Meta.NormNum.IsRat,0,inductive,1,0,Analysis_SpecialFunctions_Log_Basic,0,0,0,0,0,0,0,0
Mathlib.Meta.NormNum.IsRat.casesOn,0,def,1,1,Analysis_SpecialFunctions_Log_Basic,0,0,0,1,0,0,0,0
Mathlib.Meta.NormNum.IsRat.mk,0,constructor,1,0,Analysis_SpecialFunctions_Log_Basic,0,0,0,0,0,0,0,0
Mathlib.Meta.NormNum.Result,0,def,1,0,Analysis_SpecialFunctions_Log_Basic,0,0,0,0,0,0,0,0
Mathlib.Meta.NormNum.Result',0,inductive,1,0,Analysis_SpecialFunctions_Log_Basic,0,0,0,0,0,0,0,0
Mathlib.Meta.NormNum.Result'.ctorIdx,0,def,1,0,Analysis_SpecialFunctions_Log_Basic,0,0,0,0,0,0,0,0
Mathlib.Meta.NormNum.Result'.isBool,0,constructor,1,0,Analysis_SpecialFunctions_Log_Basic,0,0,0,0,0,0,0,0
Mathlib.Meta.NormNum.Result'.isNNRat,0,constructor,1,0,Analysis_SpecialFunctions_Log_Basic,0,0,0,0,0,0,0,0
Mathlib.Meta.NormNum.Result'.isNat,0,constructor,1,0,Analysis_SpecialFunctions_Log_Basic,0,0,0,0,0,0,0,0
Mathlib.Meta.NormNum.Result'.isNegNNRat,0,constructor,1,0,Analysis_SpecialFunctions_Log_Basic,0,0,0,0,0,0,0,0
Mathlib.Meta.NormNum.Result'.isNegNat,0,constructor,1,0,Analysis_SpecialFunctions_Log_Basic,0,0,0,0,0,0,0,0
Mathlib.Meta.NormNum.Result'.rec,0,recursor,1,1,Analysis_SpecialFunctions_Log_Basic,0,1,0,1,0,0,0,0
Mathlib.Meta.NormNum.derive,0,axiom,1,0,Analysis_SpecialFunctions_Log_Basic,0,0,0,0,0,0,0,0
Mathlib.Meta.NormNum.instAddMonoidWithOne,0,def,1,0,Analysis_SpecialFunctions_Log_Basic,0,0,0,0,0,0,0,0
Mathlib.Meta.NormNum.instAddMonoidWithOne',0,def,1,0,Analysis_SpecialFunctions_Log_Basic,0,0,0,0,0,0,0,0
Mathlib.Meta.NormNum.instAtLeastTwo,0,axiom,1,0,Analysis_SpecialFunctions_Log_Basic,0,0,0,0,0,0,0,0
Mathlib.Meta.NormNum.isInt_add,0,axiom,1,0,Analysis_SpecialFunctions_Log_Basic,0,0,0,0,0,0,0,0
Mathlib.Meta.NormNum.isInt_neg,0,axiom,1,0,Analysis_SpecialFunctions_Log_Basic,0,0,0,0,0,0,0,0
Mathlib.Meta.NormNum.isNNRat_inv_pos,0,axiom,1,0,Analysis_SpecialFunctions_Log_Basic,0,0,0,0,0,0,0,0
Mathlib.Meta.NormNum.isNat_eq_false,0,axiom,1,0,Analysis_SpecialFunctions_Log_Basic,0,0,0,0,0,0,0,0
Mathlib.Meta.NormNum.isNat_mul,0,axiom,1,0,Analysis_SpecialFunctions_Log_Basic,0,0,0,0,0,0,0,0
Mathlib.Meta.NormNum.isNat_ofNat,0,axiom,1,0,Analysis_SpecialFunctions_Log_Basic,0,0,0,0,0,0,0,0
Mathlib.Meta.Positivity.PositivityExt,0,inductive,1,0,Analysis_SpecialFunctions_Log_Basic,0,0,0,0,0,0,0,0
Mathlib.Meta.Positivity.PositivityExt.mk,0,constructor,1,0,Analysis_SpecialFunctions_Log_Basic,0,0,0,0,0,0,0,0
Mathlib.Meta.Positivity.Strictness,0,inductive,1,0,Analysis_SpecialFunctions_Log_Basic,0,0,0,0,0,0,0,0
Mathlib.Meta.Positivity.Strictness.none,0,constructor,1,0,Analysis_SpecialFunctions_Log_Basic,0,0,0,0,0,0,0,0
Mathlib.Meta.Positivity.Strictness.nonnegative,0,constructor,1,0,Analysis_SpecialFunctions_Log_Basic,0,0,0,0,0,0,0,0
Mathlib.Meta.Positivity.Strictness.nonzero,0,constructor,1,0,Analysis_SpecialFunctions_Log_Basic,0,0,0,0,0,0,0,0
Mathlib.Meta.Positivity.Strictness.positive,0,constructor,1,0,Analysis_SpecialFunctions_Log_Basic,0,0,0,0,0,0,0,0
Mathlib.Meta.Positivity.div_nonneg_of_nonneg_of_pos,0,axiom,1,0,Analysis_SpecialFunctions_Log_Basic,0,0,0,0,0,0,0,0
Mathlib.Meta.Positivity.evalLogIntCast,1,def,0,0,Analysis_SpecialFunctions_Log_Basic,0,0,0,0,0,0,0,0
Mathlib.Meta.Positivity.evalLogNatCast,1,def,0,0,Analysis_SpecialFunctions_Log_Basic,0,0,0,0,0,0,0,0
Mathlib.Meta.Positivity.evalLogNatLit,1,def,0,0,Analysis_SpecialFunctions_Log_Basic,0,0,0,0,0,0,0,0
Mathlib.Meta.Positivity.log_nonneg_of_isNat,1,theorem,0,0,Analysis_SpecialFunctions_Log_Basic,0,0,0,0,0,0,0,0
Mathlib.Meta.Positivity.log_nonneg_of_isNegNat,1,theorem,0,0,Analysis_SpecialFunctions_Log_Basic,0,0,0,0,0,0,0,0
Mathlib.Meta.Positivity.log_nz_of_isNNRat,1,theorem,0,0,Analysis_SpecialFunctions_Log_Basic,0,0,0,0,0,0,0,0
Mathlib.Meta.Positivity.log_nz_of_isRat_neg,1,theorem,0,0,Analysis_SpecialFunctions_Log_Basic,0,0,0,0,0,0,0,0
Mathlib.Meta.Positivity.log_pos_of_isNNRat,1,theorem,0,0,Analysis_SpecialFunctions_Log_Basic,0,0,0,0,0,0,0,0
Mathlib.Meta.Positivity.log_pos_of_isNat,1,theorem,0,0,Analysis_SpecialFunctions_Log_Basic,0,0,0,0,0,0,0,0
Mathlib.Meta.Positivity.log_pos_of_isNegNat,1,theorem,0,0,Analysis_SpecialFunctions_Log_Basic,0,0,0,0,0,0,0,0
Mathlib.Meta.Positivity.log_pos_of_isRat_neg,1,theorem,0,0,Analysis_SpecialFunctions_Log_Basic,0,0,0,0,0,0,0,0
Mathlib.Meta.Positivity.pos_of_isNat,0,axiom,1,0,Analysis_SpecialFunctions_Log_Basic,0,0,0,0,0,0,0,0
Mathlib.Tactic.CancelDenoms.sub_subst,0,axiom,1,0,Analysis_SpecialFunctions_Log_Basic,0,0,0,0,0,0,0,0
Mathlib.Tactic.FieldSimp.NF.atom_eq_eval,0,axiom,1,0,Analysis_SpecialFunctions_Log_Basic,0,0,0,0,0,0,0,0
Mathlib.Tactic.FieldSimp.NF.cons,0,def,1,0,Analysis_SpecialFunctions_Log_Basic,0,0,0,0,0,0,0,0
Mathlib.Tactic.FieldSimp.NF.cons_eq_div_of_eq_div,0,axiom,1,0,Analysis_SpecialFunctions_Log_Basic,0,0,0,0,0,0,0,0
Mathlib.Tactic.FieldSimp.NF.cons_ne_zero,0,axiom,1,0,Analysis_SpecialFunctions_Log_Basic,0,0,0,0,0,0,0,0
Mathlib.Tactic.FieldSimp.NF.cons_pos,0,axiom,1,0,Analysis_SpecialFunctions_Log_Basic,0,0,0,0,0,0,0,0
Mathlib.Tactic.FieldSimp.NF.div_eq_eval,0,axiom,1,0,Analysis_SpecialFunctions_Log_Basic,0,0,0,0,0,0,0,0
Mathlib.Tactic.FieldSimp.NF.div_eq_eval₁,0,axiom,1,0,Analysis_SpecialFunctions_Log_Basic,0,0,0,0,0,0,0,0
Mathlib.Tactic.FieldSimp.NF.div_eq_eval₂,0,axiom,1,0,Analysis_SpecialFunctions_Log_Basic,0,0,0,0,0,0,0,0
Mathlib.Tactic.FieldSimp.NF.div_eq_eval₃,0,axiom,1,0,Analysis_SpecialFunctions_Log_Basic,0,0,0,0,0,0,0,0
Mathlib.Tactic.FieldSimp.NF.eval,0,def,1,0,Analysis_SpecialFunctions_Log_Basic,0,0,0,0,0,0,0,0
Mathlib.Tactic.FieldSimp.NF.eval_cons,0,axiom,1,0,Analysis_SpecialFunctions_Log_Basic,0,0,0,0,0,0,0,0
Mathlib.Tactic.FieldSimp.NF.eval_cons_mul_eval,0,axiom,1,0,Analysis_SpecialFunctions_Log_Basic,0,0,0,0,0,0,0,0
Mathlib.Tactic.FieldSimp.NF.eval_cons_mul_eval_cons_neg,0,axiom,1,0,Analysis_SpecialFunctions_Log_Basic,0,0,0,0,0,0,0,0
Mathlib.Tactic.FieldSimp.NF.eval_cons_of_pow_eq_zero,0,axiom,1,0,Analysis_SpecialFunctions_Log_Basic,0,0,0,0,0,0,0,0
Mathlib.Tactic.FieldSimp.NF.eval_mul_eval_cons,0,axiom,1,0,Analysis_SpecialFunctions_Log_Basic,0,0,0,0,0,0,0,0
Mathlib.Tactic.FieldSimp.NF.eval_mul_eval_cons_zero,0,axiom,1,0,Analysis_SpecialFunctions_Log_Basic,0,0,0,0,0,0,0,0
Mathlib.Tactic.FieldSimp.NF.mul_eq_eval,0,axiom,1,0,Analysis_SpecialFunctions_Log_Basic,0,0,0,0,0,0,0,0
Mathlib.Tactic.FieldSimp.NF.mul_eq_eval₁,0,axiom,1,0,Analysis_SpecialFunctions_Log_Basic,0,0,0,0,0,0,0,0
Mathlib.Tactic.FieldSimp.NF.mul_eq_eval₃,0,axiom,1,0,Analysis_SpecialFunctions_Log_Basic,0,0,0,0,0,0,0,0
Mathlib.Tactic.FieldSimp.NF.one_div_eq_eval,0,axiom,1,0,Analysis_SpecialFunctions_Log_Basic,0,0,0,0,0,0,0,0
Mathlib.Tactic.FieldSimp.NF.one_eq_eval,0,axiom,1,0,Analysis_SpecialFunctions_Log_Basic,0,0,0,0,0,0,0,0
Mathlib.Tactic.FieldSimp.eq_div_of_eq_one_of_subst,0,axiom,1,0,Analysis_SpecialFunctions_Log_Basic,0,0,0,0,0,0,0,0
Mathlib.Tactic.FieldSimp.eq_eq_cancel_eq,0,axiom,1,0,Analysis_SpecialFunctions_Log_Basic,0,0,0,0,0,0,0,0
Mathlib.Tactic.FieldSimp.eq_mul_of_eq_eq_eq_mul,0,axiom,1,0,Analysis_SpecialFunctions_Log_Basic,0,0,0,0,0,0,0,0
Mathlib.Tactic.FieldSimp.lt_eq_cancel_lt,0,axiom,1,0,Analysis_SpecialFunctions_Log_Basic,0,0,0,0,0,0,0,0
Mathlib.Tactic.FieldSimp.subst_add,0,axiom,1,0,Analysis_SpecialFunctions_Log_Basic,0,0,0,0,0,0,0,0
Mathlib.Tactic.FieldSimp.subst_sub,0,axiom,1,0,Analysis_SpecialFunctions_Log_Basic,0,0,0,0,0,0,0,0
Mathlib.Tactic.FieldSimp.zpow',0,def,1,0,Analysis_SpecialFunctions_Log_Basic,0,0,0,0,0,0,0,0
Mathlib.Tactic.FieldSimp.zpow'_one,0,axiom,1,0,Analysis_SpecialFunctions_Log_Basic,0,0,0,0,0,0,0,0
Mathlib.Tactic.Linarith.add_lt_of_le_of_neg,0,axiom,1,0,Analysis_SpecialFunctions_Log_Basic,0,0,0,0,0,0,0,0
Mathlib.Tactic.Linarith.add_lt_of_neg_of_le,0,axiom,1,0,Analysis_SpecialFunctions_Log_Basic,0,0,0,0,0,0,0,0
Mathlib.Tactic.Linarith.add_neg,0,axiom,1,0,Analysis_SpecialFunctions_Log_Basic,0,0,0,0,0,0,0,0
Mathlib.Tactic.Linarith.lt_irrefl,0,axiom,1,0,Analysis_SpecialFunctions_Log_Basic,0,0,0,0,0,0,0,0
Mathlib.Tactic.Linarith.lt_of_lt_of_eq,0,axiom,1,0,Analysis_SpecialFunctions_Log_Basic,0,0,0,0,0,0,0,0
Mathlib.Tactic.Linarith.sub_neg_of_lt,0,axiom,1,0,Analysis_SpecialFunctions_Log_Basic,0,0,0,0,0,0,0,0
Mathlib.Tactic.Linarith.sub_nonpos_of_le,0,axiom,1,0,Analysis_SpecialFunctions_Log_Basic,0,0,0,0,0,0,0,0
Mathlib.Tactic.Linarith.without_one_mul,0,axiom,1,0,Analysis_SpecialFunctions_Log_Basic,0,0,0,0,0,0,0,0
Mathlib.Tactic.Linarith.zero_lt_one,0,axiom,1,0,Analysis_SpecialFunctions_Log_Basic,0,0,0,0,0,0,0,0
Mathlib.Tactic.Ring.Common.add_congr,0,axiom,1,0,Analysis_SpecialFunctions_Log_Basic,0,0,0,0,0,0,0,0
Mathlib.Tactic.Ring.Common.add_mul,0,axiom,1,0,Analysis_SpecialFunctions_Log_Basic,0,0,0,0,0,0,0,0
Mathlib.Tactic.Ring.Common.add_overlap_pf_zero,0,axiom,1,0,Analysis_SpecialFunctions_Log_Basic,0,0,0,0,0,0,0,0
Mathlib.Tactic.Ring.Common.add_pf_add_gt,0,axiom,1,0,Analysis_SpecialFunctions_Log_Basic,0,0,0,0,0,0,0,0
Mathlib.Tactic.Ring.Common.add_pf_add_lt,0,axiom,1,0,Analysis_SpecialFunctions_Log_Basic,0,0,0,0,0,0,0,0
Mathlib.Tactic.Ring.Common.add_pf_add_overlap_zero,0,axiom,1,0,Analysis_SpecialFunctions_Log_Basic,0,0,0,0,0,0,0,0
Mathlib.Tactic.Ring.Common.add_pf_add_zero,0,axiom,1,0,Analysis_SpecialFunctions_Log_Basic,0,0,0,0,0,0,0,0
Mathlib.Tactic.Ring.Common.add_pf_zero_add,0,axiom,1,0,Analysis_SpecialFunctions_Log_Basic,0,0,0,0,0,0,0,0
Mathlib.Tactic.Ring.Common.atom_pf,0,axiom,1,0,Analysis_SpecialFunctions_Log_Basic,0,0,0,0,0,0,0,0
Mathlib.Tactic.Ring.Common.div_congr,0,axiom,1,0,Analysis_SpecialFunctions_Log_Basic,0,0,0,0,0,0,0,0
Mathlib.Tactic.Ring.Common.div_pf,0,axiom,1,0,Analysis_SpecialFunctions_Log_Basic,0,0,0,0,0,0,0,0
Mathlib.Tactic.Ring.Common.inv_mul,0,axiom,1,0,Analysis_SpecialFunctions_Log_Basic,0,0,0,0,0,0,0,0
Mathlib.Tactic.Ring.Common.inv_single,0,axiom,1,0,Analysis_SpecialFunctions_Log_Basic,0,0,0,0,0,0,0,0
Mathlib.Tactic.Ring.Common.mul_add,0,axiom,1,0,Analysis_SpecialFunctions_Log_Basic,0,0,0,0,0,0,0,0
Mathlib.Tactic.Ring.Common.mul_congr,0,axiom,1,0,Analysis_SpecialFunctions_Log_Basic,0,0,0,0,0,0,0,0
Mathlib.Tactic.Ring.Common.mul_pf_right,0,axiom,1,0,Analysis_SpecialFunctions_Log_Basic,0,0,0,0,0,0,0,0
Mathlib.Tactic.Ring.Common.mul_zero,0,axiom,1,0,Analysis_SpecialFunctions_Log_Basic,0,0,0,0,0,0,0,0
Mathlib.Tactic.Ring.Common.neg_add,0,axiom,1,0,Analysis_SpecialFunctions_Log_Basic,0,0,0,0,0,0,0,0
Mathlib.Tactic.Ring.Common.neg_congr,0,axiom,1,0,Analysis_SpecialFunctions_Log_Basic,0,0,0,0,0,0,0,0
Mathlib.Tactic.Ring.Common.neg_mul,0,axiom,1,0,Analysis_SpecialFunctions_Log_Basic,0,0,0,0,0,0,0,0
Mathlib.Tactic.Ring.Common.neg_zero,0,axiom,1,0,Analysis_SpecialFunctions_Log_Basic,0,0,0,0,0,0,0,0
Mathlib.Tactic.Ring.Common.sub_congr,0,axiom,1,0,Analysis_SpecialFunctions_Log_Basic,0,0,0,0,0,0,0,0
Mathlib.Tactic.Ring.Common.sub_pf,0,axiom,1,0,Analysis_SpecialFunctions_Log_Basic,0,0,0,0,0,0,0,0
Mathlib.Tactic.Ring.Common.zero_mul,0,axiom,1,0,Analysis_SpecialFunctions_Log_Basic,0,0,0,0,0,0,0,0
Mathlib.Tactic.Ring.cast_pos,0,axiom,1,0,Analysis_SpecialFunctions_Log_Basic,0,0,0,0,0,0,0,0
Mathlib.Tactic.Ring.cast_zero,0,axiom,1,0,Analysis_SpecialFunctions_Log_Basic,0,0,0,0,0,0,0,0
Mathlib.Tactic.Ring.of_eq,0,axiom,1,0,Analysis_SpecialFunctions_Log_Basic,0,0,0,0,0,0,0,0
Max,0,inductive,1,0,Order_Lattice,0,0,0,0,0,0,0,0
Max.max,0,def,1,1,Analysis_SpecialFunctions_Log_Basic|Order_Lattice,0,0,1,0,0,0,0,0
Max.mk,0,constructor,1,0,Order_Lattice,0,0,0,0,0,0,0,0
Membership.mem,0,def,1,1,Analysis_SpecialFunctions_Log_Basic|Logic_Function_Basic|Order_Lattice|Topology_Basic,0,0,1,0,0,0,0,0
Min,0,inductive,1,0,Order_Lattice,0,0,0,0,0,0,0,0
Min.min,0,def,1,1,Analysis_SpecialFunctions_Log_Basic|Order_Lattice,0,0,1,0,0,0,0,0
Min.mk,0,constructor,1,0,Order_Lattice,0,0,0,0,0,0,0,0
Monad.toBind,0,def,1,1,Analysis_SpecialFunctions_Log_Basic|Logic_Function_Basic,1,0,1,0,0,0,0,0
MonadExcept.throw,0,def,1,1,Logic_Function_Basic,0,0,1,0,0,0,0,0
Monoid,0,inductive,1,0,Algebra_Group_Basic|Data_Nat_GCD_Basic,0,0,0,0,0,0,0,0
Monoid.toMulOneClass,0,def,1,1,Algebra_Group_Basic|Analysis_SpecialFunctions_Log_Basic|Data_Nat_GCD_Basic,1,0,0,0,0,0,0,0
Monoid.toNPow,0,def,1,1,Algebra_Group_Basic|Analysis_SpecialFunctions_Log_Basic|Data_Nat_GCD_Basic,1,0,1,0,0,0,0,0
Monoid.toOne,0,def,1,1,Algebra_Group_Basic,0,0,1,0,0,0,0,0
Monoid.toSemigroup,0,def,1,1,Algebra_Group_Basic|Data_Nat_GCD_Basic,1,0,1,0,0,0,0,0
MonoidWithZero,0,inductive,1,0,Analysis_SpecialFunctions_Log_Basic,0,0,0,0,0,0,0,0
MonoidWithZero.toMonoid,0,def,1,1,Analysis_SpecialFunctions_Log_Basic|Data_Nat_GCD_Basic,1,0,1,0,0,0,0,0
MonoidWithZero.toMulZeroOneClass,0,def,1,1,Analysis_SpecialFunctions_Log_Basic|Data_Nat_GCD_Basic,1,0,0,0,0,0,0,0
Monotone,0,def,1,0,Order_Lattice,0,0,0,0,0,0,0,0
Monotone._to_dual_cast_2,0,axiom,1,1,Order_Lattice,0,0,0,0,1,0,0,0
Monotone.inf,1,theorem,1,0,Order_Lattice,0,0,0,0,0,0,0,0
Monotone.le_map_sup,1,theorem,1,0,Order_Lattice,0,0,0,0,0,0,0,0
Monotone.map_inf,1,theorem,1,0,Order_Lattice,0,0,0,0,0,0,0,0
Monotone.map_inf_le,1,theorem,1,0,Order_Lattice,0,0,0,0,0,0,0,0
Monotone.map_sup,1,theorem,1,0,Order_Lattice,0,0,0,0,0,0,0,0
Monotone.max,1,theorem,0,0,Order_Lattice,0,0,0,0,0,0,0,0
Monotone.min,1,theorem,0,0,Order_Lattice,0,0,0,0,0,0,0,0
Monotone.of_le_map_sup,1,theorem,1,0,Order_Lattice,0,0,0,0,0,0,0,0
Monotone.of_left_le_map_sup,1,theorem,1,0,Order_Lattice,0,0,0,0,0,0,0,0
Monotone.of_map_inf,1,theorem,0,0,Order_Lattice,0,0,0,0,0,0,0,0
Monotone.of_map_inf_le,1,theorem,1,0,Order_Lattice,0,0,0,0,0,0,0,0
Monotone.of_map_inf_le_left,1,theorem,1,0,Order_Lattice,0,0,0,0,0,0,0,0
Monotone.of_map_sup,1,theorem,0,0,Order_Lattice,0,0,0,0,0,0,0,0
Monotone.sup,1,theorem,1,0,Order_Lattice,0,0,0,0,0,0,0,0
MonotoneOn,0,def,1,0,Order_Lattice,0,0,0,0,0,0,0,0
MonotoneOn._to_dual_cast_4,0,axiom,1,1,Order_Lattice,0,0,0,0,1,0,0,0
MonotoneOn.inf,1,theorem,1,0,Order_Lattice,0,0,0,0,0,0,0,0
MonotoneOn.map_inf,1,theorem,0,0,Order_Lattice,0,0,0,0,0,0,0,0
MonotoneOn.map_sup,1,theorem,0,0,Order_Lattice,0,0,0,0,0,0,0,0
MonotoneOn.max,1,theorem,0,0,Order_Lattice,0,0,0,0,0,0,0,0
MonotoneOn.min,1,theorem,0,0,Order_Lattice,0,0,0,0,0,0,0,0
MonotoneOn.mono,0,axiom,1,0,Analysis_SpecialFunctions_Log_Basic,0,0,0,0,0,0,0,0
MonotoneOn.of_map_inf,1,theorem,0,0,Order_Lattice,0,0,0,0,0,0,0,0
MonotoneOn.of_map_sup,1,theorem,0,0,Order_Lattice,0,0,0,0,0,0,0,0
MonotoneOn.sup,1,theorem,1,0,Order_Lattice,0,0,0,0,0,0,0,0
Mul,0,inductive,1,0,Analysis_SpecialFunctions_Log_Basic,0,0,0,0,0,0,0,0
MulOne.toMul,0,def,1,1,Algebra_Group_Basic|Analysis_SpecialFunctions_Log_Basic|Data_Nat_GCD_Basic,1,0,1,0,0,0,0,0
MulOne.toOne,0,def,1,1,Algebra_Group_Basic|Analysis_SpecialFunctions_Log_Basic|Data_Nat_GCD_Basic,1,0,1,0,0,0,0,0
MulOneClass,0,inductive,1,0,Algebra_Group_Basic,0,0,0,0,0,0,0,0
MulOneClass.toMulOne,0,def,1,1,Algebra_Group_Basic|Analysis_SpecialFunctions_Log_Basic|Data_Nat_GCD_Basic,1,0,1,0,0,0,0,0
MulPosReflectLE.toMulPosReflectLT,0,axiom,1,1,Analysis_SpecialFunctions_Log_Basic,1,0,0,0,0,0,0,0
MulPosStrictMono.toMulPosReflectLE,0,axiom,1,1,Analysis_SpecialFunctions_Log_Basic,1,0,0,0,0,0,0,0
MulZeroClass.mul_zero,0,axiom,1,1,Analysis_SpecialFunctions_Log_Basic|Data_Nat_GCD_Basic,0,0,1,0,0,0,0,0
MulZeroClass.toMul,0,def,1,1,Analysis_SpecialFunctions_Log_Basic|Data_Nat_GCD_Basic,1,0,1,0,0,0,0,0
MulZeroClass.toZero,0,def,1,1,Analysis_SpecialFunctions_Log_Basic|Data_Nat_GCD_Basic,1,0,1,0,0,0,0,0
MulZeroClass.zero_mul,0,axiom,1,1,Analysis_SpecialFunctions_Log_Basic,0,0,1,0,0,0,0,0
MulZeroOneClass.toMulOneClass,0,def,1,1,Analysis_SpecialFunctions_Log_Basic|Data_Nat_GCD_Basic,1,0,1,0,0,0,0,0
MulZeroOneClass.toMulZeroClass,0,def,1,1,Analysis_SpecialFunctions_Log_Basic|Data_Nat_GCD_Basic,1,0,0,0,0,0,0,0
Multiset,0,def,1,0,Analysis_SpecialFunctions_Log_Basic,0,0,0,0,0,0,0,0
Multiset.instMembership,0,def,1,1,Analysis_SpecialFunctions_Log_Basic,1,0,0,0,0,0,0,0
Multiset.map,0,def,1,0,Analysis_SpecialFunctions_Log_Basic,0,0,0,0,0,0,0,0
Multiset.mem_toList._simp_1,0,theorem,1,1,Analysis_SpecialFunctions_Log_Basic,0,0,0,0,1,0,0,0
Multiset.prod,0,def,1,0,Analysis_SpecialFunctions_Log_Basic,0,0,0,0,0,0,0,0
Multiset.prod_toList,0,axiom,1,0,Analysis_SpecialFunctions_Log_Basic,0,0,0,0,0,0,0,0
Multiset.sum,0,def,1,0,Analysis_SpecialFunctions_Log_Basic,0,0,0,0,0,0,0,0
Multiset.sum_map_toList,0,axiom,1,0,Analysis_SpecialFunctions_Log_Basic,0,0,0,0,0,0,0,0
Multiset.toList,0,def,1,0,Analysis_SpecialFunctions_Log_Basic,0,0,0,0,0,0,0,0
NPow.toPow,0,def,1,1,Algebra_Group_Basic|Analysis_SpecialFunctions_Log_Basic|Data_Nat_GCD_Basic,1,0,0,0,0,0,0,0
NSMul.nsmul,0,def,1,1,Algebra_Group_Basic,0,0,1,0,0,0,0,0
NSMul.toSMul,0,def,1,1,Algebra_Group_Basic,1,0,0,0,0,0,0,0
Nat,0,inductive,1,0,Algebra_Group_Basic|Analysis_SpecialFunctions_Log_Basic|Data_Nat_GCD_Basic|Logic_Function_Basic|Order_Lattice,0,0,0,0,0,0,0,0
Nat.AtLeastTwo,0,inductive,1,0,Analysis_SpecialFunctions_Log_Basic,0,0,0,0,0,0,0,0
Nat.Coprime,0,def,1,0,Data_Nat_GCD_Basic,0,0,0,0,0,0,0,0
Nat.Coprime.coprime_dvd_left,0,axiom,1,0,Data_Nat_GCD_Basic,0,0,0,0,0,0,0,0
Nat.Coprime.coprime_dvd_right,0,axiom,1,0,Data_Nat_GCD_Basic,0,0,0,0,0,0,0,0
Nat.Coprime.coprime_mul_right_right,0,axiom,1,0,Data_Nat_GCD_Basic,0,0,0,0,0,0,0,0
Nat.Coprime.dvd_mul_left,1,theorem,0,0,Data_Nat_GCD_Basic,0,0,0,0,0,0,0,0
Nat.Coprime.dvd_mul_right,1,theorem,0,0,Data_Nat_GCD_Basic,0,0,0,0,0,0,0,0
Nat.Coprime.dvd_of_dvd_mul_left,0,axiom,1,0,Data_Nat_GCD_Basic,0,0,0,0,0,0,0,0
Nat.Coprime.dvd_of_dvd_mul_right,0,axiom,1,0,Data_Nat_GCD_Basic,0,0,0,0,0,0,0,0
Nat.Coprime.eq_1,0,theorem,1,1,Data_Nat_GCD_Basic,0,0,0,1,1,0,0,0
Nat.Coprime.eq_of_mul_eq_zero,1,theorem,0,0,Data_Nat_GCD_Basic,0,0,0,0,0,0,0,0
Nat.Coprime.gcd_both,0,axiom,1,0,Data_Nat_GCD_Basic,0,0,0,0,0,0,0,0
Nat.Coprime.gcd_eq_one,0,axiom,1,0,Data_Nat_GCD_Basic,0,0,0,0,0,0,0,0
Nat.Coprime.lcm_eq_mul,1,theorem,0,0,Data_Nat_GCD_Basic,0,0,0,0,0,0,0,0
Nat.Coprime.mul_add_mul_ne_mul,1,theorem,0,0,Data_Nat_GCD_Basic,0,0,0,0,0,0,0,0
Nat.Coprime.mul_dvd_of_dvd_of_dvd,0,axiom,1,0,Data_Nat_GCD_Basic,0,0,0,0,0,0,0,0
Nat.Coprime.of_dvd,1,theorem,0,0,Data_Nat_GCD_Basic,0,0,0,0,0,0,0,0
Nat.Coprime.of_dvd_left,1,theorem,1,0,Data_Nat_GCD_Basic,0,0,0,0,0,0,0,0
Nat.Coprime.of_dvd_right,1,theorem,1,0,Data_Nat_GCD_Basic,0,0,0,0,0,0,0,0
Nat.Coprime.pow_left,0,axiom,1,0,Data_Nat_GCD_Basic,0,0,0,0,0,0,0,0
Nat.Coprime.stdSymm,1,theorem,1,1,Data_Nat_GCD_Basic,1,0,0,0,0,0,0,0
Nat.Coprime.symm,0,axiom,1,0,Data_Nat_GCD_Basic,0,0,0,0,0,0,0,0
Nat.Coprime.symmetric,1,theorem,0,0,Data_Nat_GCD_Basic,0,0,0,0,0,0,0,0
Nat.Dvd.dvd.nat_lcm_left,1,theorem,0,0,Data_Nat_GCD_Basic,0,0,0,0,0,0,0,0
Nat.Dvd.dvd.nat_lcm_right,1,theorem,0,0,Data_Nat_GCD_Basic,0,0,0,0,0,0,0,0
Nat.Prime,0,def,1,0,Analysis_SpecialFunctions_Log_Basic,0,0,0,0,0,0,0,0
Nat.Prime.log_ne_zero,1,theorem,0,0,Analysis_SpecialFunctions_Log_Basic,0,0,0,0,0,0,0,0
Nat.Prime.log_pos,1,theorem,1,0,Analysis_SpecialFunctions_Log_Basic,0,0,0,0,0,0,0,0
Nat.Prime.one_lt,0,axiom,1,0,Analysis_SpecialFunctions_Log_Basic,0,0,0,0,0,0,0,0
Nat.add_comm,0,axiom,1,0,Algebra_Group_Basic,0,0,0,0,0,0,0,0
Nat.add_coprime_iff_left,1,theorem,0,0,Data_Nat_GCD_Basic,0,0,0,0,0,0,0,0
Nat.add_coprime_iff_right,1,theorem,0,0,Data_Nat_GCD_Basic,0,0,0,0,0,0,0,0
Nat.add_eq_zero_iff._simp_1,0,theorem,1,1,Analysis_SpecialFunctions_Log_Basic,0,0,0,0,1,0,0,0
Nat.add_le_add,0,axiom,1,0,Data_Nat_GCD_Basic,0,0,0,0,0,0,0,0
Nat.add_mod,0,axiom,1,0,Data_Nat_GCD_Basic,0,0,0,0,0,0,0,0
Nat.add_mod_right,0,axiom,1,0,Data_Nat_GCD_Basic,0,0,0,0,0,0,0,0
Nat.add_mul,0,axiom,1,0,Data_Nat_GCD_Basic,0,0,0,0,0,0,0,0
Nat.add_sub_assoc,0,axiom,1,0,Data_Nat_GCD_Basic,0,0,0,0,0,0,0,0
Nat.below,0,def,1,1,Algebra_Group_Basic,0,0,0,1,0,0,0,0
Nat.ble,0,def,1,0,Analysis_SpecialFunctions_Log_Basic,0,0,0,0,0,0,0,0
Nat.blt,0,def,1,0,Analysis_SpecialFunctions_Log_Basic,0,0,0,0,0,0,0,0
Nat.blt_eq,0,axiom,1,0,Analysis_SpecialFunctions_Log_Basic,0,0,0,0,0,0,0,0
Nat.brecOn,0,def,1,1,Algebra_Group_Basic,0,0,0,1,0,0,0,0
Nat.casesOn,0,def,1,1,Algebra_Group_Basic,0,0,0,1,0,0,0,0
Nat.cast,0,def,1,0,Algebra_Group_Basic|Analysis_SpecialFunctions_Log_Basic|Data_Nat_GCD_Basic,0,0,0,0,0,0,0,0
Nat.cast_add,0,axiom,1,0,Analysis_SpecialFunctions_Log_Basic,0,0,0,0,0,0,0,0
Nat.cast_add_one,0,axiom,1,0,Analysis_SpecialFunctions_Log_Basic,0,0,0,0,0,0,0,0
Nat.cast_add_one_ne_zero,0,axiom,1,0,Analysis_SpecialFunctions_Log_Basic,0,0,0,0,0,0,0,0
Nat.cast_eq_zero,0,axiom,1,0,Analysis_SpecialFunctions_Log_Basic,0,0,0,0,0,0,0,0
Nat.cast_finsuppProd,0,axiom,1,0,Analysis_SpecialFunctions_Log_Basic,0,0,0,0,0,0,0,0
Nat.cast_le._simp_1,0,theorem,1,1,Analysis_SpecialFunctions_Log_Basic,0,0,0,0,1,0,0,0
Nat.cast_lt._simp_1,0,theorem,1,1,Analysis_SpecialFunctions_Log_Basic,0,0,0,0,1,0,0,0
Nat.cast_one,0,axiom,1,0,Analysis_SpecialFunctions_Log_Basic,0,0,0,0,0,0,0,0
Nat.cast_pow,0,axiom,1,0,Analysis_SpecialFunctions_Log_Basic,0,0,0,0,0,0,0,0
Nat.cast_succ,0,axiom,1,0,Analysis_SpecialFunctions_Log_Basic,0,0,0,0,0,0,0,0
Nat.cast_two,0,axiom,1,0,Analysis_SpecialFunctions_Log_Basic,0,0,0,0,0,0,0,0
Nat.cast_zero,0,axiom,1,0,Analysis_SpecialFunctions_Log_Basic,0,0,0,0,0,0,0,0
Nat.coprime_add_iff_left,1,theorem,0,0,Data_Nat_GCD_Basic,0,0,0,0,0,0,0,0
Nat.coprime_add_iff_right,1,theorem,0,0,Data_Nat_GCD_Basic,0,0,0,0,0,0,0,0
Nat.coprime_add_mul_left_left,1,theorem,1,0,Data_Nat_GCD_Basic,0,0,0,0,0,0,0,0
Nat.coprime_add_mul_left_left._simp_1,1,theorem,1,1,Data_Nat_GCD_Basic,0,0,0,0,1,0,0,0
Nat.coprime_add_mul_left_right,1,theorem,1,0,Data_Nat_GCD_Basic,0,0,0,0,0,0,0,0
Nat.coprime_add_mul_left_right._simp_1,1,theorem,1,1,Data_Nat_GCD_Basic,0,0,0,0,1,0,0,0
Nat.coprime_add_mul_right_left,1,theorem,1,0,Data_Nat_GCD_Basic,0,0,0,0,0,0,0,0
Nat.coprime_add_mul_right_left._simp_1,1,theorem,0,0,Data_Nat_GCD_Basic,0,0,0,0,0,0,0,0
Nat.coprime_add_mul_right_right,1,theorem,1,0,Data_Nat_GCD_Basic,0,0,0,0,0,0,0,0
Nat.coprime_add_mul_right_right._simp_1,1,theorem,0,0,Data_Nat_GCD_Basic,0,0,0,0,0,0,0,0
Nat.coprime_add_self_left,1,theorem,1,0,Data_Nat_GCD_Basic,0,0,0,0,0,0,0,0
Nat.coprime_add_self_left._simp_1,1,theorem,0,0,Data_Nat_GCD_Basic,0,0,0,0,0,0,0,0
Nat.coprime_add_self_right,1,theorem,1,0,Data_Nat_GCD_Basic,0,0,0,0,0,0,0,0
Nat.coprime_add_self_right._simp_1,1,theorem,0,0,Data_Nat_GCD_Basic,0,0,0,0,0,0,0,0
Nat.coprime_comm,0,axiom,1,0,Data_Nat_GCD_Basic,0,0,0,0,0,0,0,0
Nat.coprime_iff_gcd_eq_one,0,axiom,1,0,Data_Nat_GCD_Basic,0,0,0,0,0,0,0,0
Nat.coprime_iff_isRelPrime,1,theorem,1,0,Data_Nat_GCD_Basic,0,0,0,0,0,0,0,0
Nat.coprime_mul_iff_left,0,axiom,1,0,Data_Nat_GCD_Basic,0,0,0,0,0,0,0,0
Nat.coprime_mul_left_add_left,1,theorem,1,0,Data_Nat_GCD_Basic,0,0,0,0,0,0,0,0
Nat.coprime_mul_left_add_left._simp_1,1,theorem,1,1,Data_Nat_GCD_Basic,0,0,0,0,1,0,0,0
Nat.coprime_mul_left_add_right,1,theorem,1,0,Data_Nat_GCD_Basic,0,0,0,0,0,0,0,0
Nat.coprime_mul_left_add_right._simp_1,1,theorem,1,1,Data_Nat_GCD_Basic,0,0,0,0,1,0,0,0
Nat.coprime_mul_right_add_left,1,theorem,1,0,Data_Nat_GCD_Basic,0,0,0,0,0,0,0,0
Nat.coprime_mul_right_add_left._simp_1,1,theorem,0,0,Data_Nat_GCD_Basic,0,0,0,0,0,0,0,0
Nat.coprime_mul_right_add_right,1,theorem,1,0,Data_Nat_GCD_Basic,0,0,0,0,0,0,0,0
Nat.coprime_mul_right_add_right._simp_1,1,theorem,0,0,Data_Nat_GCD_Basic,0,0,0,0,0,0,0,0
Nat.coprime_one_left_iff,1,theorem,0,0,Data_Nat_GCD_Basic,0,0,0,0,0,0,0,0
Nat.coprime_one_right_iff,1,theorem,0,0,Data_Nat_GCD_Basic,0,0,0,0,0,0,0,0
Nat.coprime_pow_left_iff,1,theorem,1,0,Data_Nat_GCD_Basic,0,0,0,0,0,0,0,0
Nat.coprime_pow_left_iff._simp_1,1,theorem,0,0,Data_Nat_GCD_Basic,0,0,0,0,0,0,0,0
Nat.coprime_pow_right_iff,1,theorem,1,0,Data_Nat_GCD_Basic,0,0,0,0,0,0,0,0
Nat.coprime_pow_right_iff._simp_1,1,theorem,0,0,Data_Nat_GCD_Basic,0,0,0,0,0,0,0,0
Nat.coprime_self._simp_1,0,theorem,1,1,Data_Nat_GCD_Basic,0,0,0,0,1,0,0,0
Nat.coprime_self_add_left,1,theorem,1,0,Data_Nat_GCD_Basic,0,0,0,0,0,0,0,0
Nat.coprime_self_add_left._simp_1,1,theorem,0,0,Data_Nat_GCD_Basic,0,0,0,0,0,0,0,0
Nat.coprime_self_add_right,1,theorem,1,0,Data_Nat_GCD_Basic,0,0,0,0,0,0,0,0
Nat.coprime_self_add_right._simp_1,1,theorem,0,0,Data_Nat_GCD_Basic,0,0,0,0,0,0,0,0
Nat.coprime_self_sub_left,1,theorem,1,0,Data_Nat_GCD_Basic,0,0,0,0,0,0,0,0
Nat.coprime_self_sub_left._simp_1,1,theorem,0,0,Data_Nat_GCD_Basic,0,0,0,0,0,0,0,0
Nat.coprime_self_sub_right,1,theorem,1,0,Data_Nat_GCD_Basic,0,0,0,0,0,0,0,0
Nat.coprime_self_sub_right._simp_1,1,theorem,0,0,Data_Nat_GCD_Basic,0,0,0,0,0,0,0,0
Nat.coprime_sub_self_left,1,theorem,1,0,Data_Nat_GCD_Basic,0,0,0,0,0,0,0,0
Nat.coprime_sub_self_left._simp_1,1,theorem,0,0,Data_Nat_GCD_Basic,0,0,0,0,0,0,0,0
Nat.coprime_sub_self_right,1,theorem,1,0,Data_Nat_GCD_Basic,0,0,0,0,0,0,0,0
Nat.coprime_sub_self_right._simp_1,1,theorem,0,0,Data_Nat_GCD_Basic,0,0,0,0,0,0,0,0
Nat.coprime_zero_left,0,axiom,1,0,Data_Nat_GCD_Basic,0,0,0,0,0,0,0,0
Nat.decLt,0,def,1,1,Analysis_SpecialFunctions_Log_Basic|Data_Nat_GCD_Basic,1,0,0,0,0,0,0,0
Nat.div_dvd_div_left,1,theorem,1,0,Data_Nat_GCD_Basic,0,0,0,0,0,0,0,0
Nat.div_dvd_iff_dvd_mul,0,axiom,1,0,Data_Nat_GCD_Basic,0,0,0,0,0,0,0,0
Nat.div_eq_of_eq_mul_left,0,axiom,1,0,Data_Nat_GCD_Basic,0,0,0,0,0,0,0,0
Nat.div_lcm_eq_div_gcd,1,theorem,0,0,Data_Nat_GCD_Basic,0,0,0,0,0,0,0,0
Nat.div_mul_cancel,0,axiom,1,0,Data_Nat_GCD_Basic,0,0,0,0,0,0,0,0
Nat.div_mul_div,1,theorem,1,0,Data_Nat_GCD_Basic,0,0,0,0,0,0,0,0
Nat.div_zero,0,axiom,1,0,Data_Nat_GCD_Basic,0,0,0,0,0,0,0,0
Nat.dvd_add_iff_left,0,axiom,1,0,Data_Nat_GCD_Basic,0,0,0,0,0,0,0,0
Nat.dvd_add_iff_right,0,axiom,1,0,Data_Nat_GCD_Basic,0,0,0,0,0,0,0,0
Nat.dvd_gcd,0,axiom,1,0,Data_Nat_GCD_Basic,0,0,0,0,0,0,0,0
Nat.dvd_gcd_iff,0,axiom,1,0,Data_Nat_GCD_Basic,0,0,0,0,0,0,0,0
Nat.dvd_gcd_mul_gcd_iff_dvd_mul,0,axiom,1,0,Data_Nat_GCD_Basic,0,0,0,0,0,0,0,0
Nat.dvd_lcm_left,0,axiom,1,0,Data_Nat_GCD_Basic,0,0,0,0,0,0,0,0
Nat.dvd_lcm_of_dvd_left,1,theorem,1,0,Data_Nat_GCD_Basic,0,0,0,0,0,0,0,0
Nat.dvd_lcm_of_dvd_right,1,theorem,1,0,Data_Nat_GCD_Basic,0,0,0,0,0,0,0,0
Nat.dvd_lcm_right,0,axiom,1,0,Data_Nat_GCD_Basic,0,0,0,0,0,0,0,0
Nat.dvd_mul_left,0,axiom,1,0,Data_Nat_GCD_Basic,0,0,0,0,0,0,0,0
Nat.dvd_mul_right,0,axiom,1,0,Data_Nat_GCD_Basic,0,0,0,0,0,0,0,0
Nat.dvd_of_lcm_left_dvd,1,theorem,0,0,Data_Nat_GCD_Basic,0,0,0,0,0,0,0,0
Nat.dvd_of_lcm_right_dvd,1,theorem,0,0,Data_Nat_GCD_Basic,0,0,0,0,0,0,0,0
Nat.dvd_one,0,axiom,1,0,Data_Nat_GCD_Basic,0,0,0,0,0,0,0,0
Nat.dvd_trans,0,axiom,1,0,Data_Nat_GCD_Basic,0,0,0,0,0,0,0,0
Nat.eq_one_of_dvd_coprimes,1,theorem,0,0,Data_Nat_GCD_Basic,0,0,0,0,0,0,0,0
Nat.eq_or_lt_of_le,0,axiom,1,0,Data_Nat_GCD_Basic,0,0,0,0,0,0,0,0
Nat.eq_zero_or_pos,0,axiom,1,0,Data_Nat_GCD_Basic,0,0,0,0,0,0,0,0
Nat.exists_eq_succ_of_ne_zero,0,axiom,1,0,Data_Nat_GCD_Basic,0,0,0,0,0,0,0,0
Nat.factorization,0,def,1,0,Analysis_SpecialFunctions_Log_Basic,0,0,0,0,0,0,0,0
Nat.factorization_zero,0,axiom,1,0,Analysis_SpecialFunctions_Log_Basic,0,0,0,0,0,0,0,0
Nat.factorization_zero_right,0,axiom,1,0,Analysis_SpecialFunctions_Log_Basic,0,0,0,0,0,0,0,0
Nat.gcd,0,axiom,1,0,Data_Nat_GCD_Basic,0,0,0,0,0,0,0,0
Nat.gcd_add_mul_left_left,0,axiom,1,0,Data_Nat_GCD_Basic,0,0,0,0,0,0,0,0
Nat.gcd_add_mul_left_right,0,axiom,1,0,Data_Nat_GCD_Basic,0,0,0,0,0,0,0,0
Nat.gcd_add_mul_right_left,0,axiom,1,0,Data_Nat_GCD_Basic,0,0,0,0,0,0,0,0
Nat.gcd_add_mul_right_right,0,axiom,1,0,Data_Nat_GCD_Basic,0,0,0,0,0,0,0,0
Nat.gcd_add_self_left,0,axiom,1,0,Data_Nat_GCD_Basic,0,0,0,0,0,0,0,0
Nat.gcd_add_self_right,0,axiom,1,0,Data_Nat_GCD_Basic,0,0,0,0,0,0,0,0
Nat.gcd_assoc,0,axiom,1,0,Data_Nat_GCD_Basic,0,0,0,0,0,0,0,0
Nat.gcd_comm,0,axiom,1,0,Data_Nat_GCD_Basic,0,0,0,0,0,0,0,0
Nat.gcd_dvd_left,0,axiom,1,0,Data_Nat_GCD_Basic,0,0,0,0,0,0,0,0
Nat.gcd_dvd_right,0,axiom,1,0,Data_Nat_GCD_Basic,0,0,0,0,0,0,0,0
Nat.gcd_greatest,1,theorem,0,0,Data_Nat_GCD_Basic,0,0,0,0,0,0,0,0
Nat.gcd_mul_gcd_eq_iff_dvd_mul_of_coprime,1,theorem,0,0,Data_Nat_GCD_Basic,0,0,0,0,0,0,0,0
Nat.gcd_mul_lcm,0,axiom,1,0,Data_Nat_GCD_Basic,0,0,0,0,0,0,0,0
Nat.gcd_mul_left_add_left,0,axiom,1,0,Data_Nat_GCD_Basic,0,0,0,0,0,0,0,0
Nat.gcd_mul_left_add_right,0,axiom,1,0,Data_Nat_GCD_Basic,0,0,0,0,0,0,0,0
Nat.gcd_mul_of_coprime_of_dvd,1,theorem,0,0,Data_Nat_GCD_Basic,0,0,0,0,0,0,0,0
Nat.gcd_mul_right,0,axiom,1,0,Data_Nat_GCD_Basic,0,0,0,0,0,0,0,0
Nat.gcd_mul_right_add_left,0,axiom,1,0,Data_Nat_GCD_Basic,0,0,0,0,0,0,0,0
Nat.gcd_mul_right_add_right,0,axiom,1,0,Data_Nat_GCD_Basic,0,0,0,0,0,0,0,0
Nat.gcd_one_left,0,axiom,1,0,Data_Nat_GCD_Basic,0,0,0,0,0,0,0,0
Nat.gcd_one_right,0,axiom,1,0,Data_Nat_GCD_Basic,0,0,0,0,0,0,0,0
Nat.gcd_pos_of_pos_left,0,axiom,1,0,Data_Nat_GCD_Basic,0,0,0,0,0,0,0,0
Nat.gcd_rec,0,axiom,1,0,Data_Nat_GCD_Basic,0,0,0,0,0,0,0,0
Nat.gcd_right_comm,1,theorem,0,0,Data_Nat_GCD_Basic,0,0,0,0,0,0,0,0
Nat.gcd_self_add_left,0,axiom,1,0,Data_Nat_GCD_Basic,0,0,0,0,0,0,0,0
Nat.gcd_self_sub_left,0,axiom,1,0,Data_Nat_GCD_Basic,0,0,0,0,0,0,0,0
Nat.gcd_self_sub_right,0,axiom,1,0,Data_Nat_GCD_Basic,0,0,0,0,0,0,0,0
Nat.gcd_sub_self_left,0,axiom,1,0,Data_Nat_GCD_Basic,0,0,0,0,0,0,0,0
Nat.gcd_sub_self_right,0,axiom,1,0,Data_Nat_GCD_Basic,0,0,0,0,0,0,0,0
Nat.gcd_zero_left,0,axiom,1,0,Data_Nat_GCD_Basic,0,0,0,0,0,0,0,0
Nat.gcd_zero_right,0,axiom,1,0,Data_Nat_GCD_Basic,0,0,0,0,0,0,0,0
Nat.hasNotBit,0,def,1,0,Analysis_SpecialFunctions_Log_Basic,0,0,0,0,0,0,0,0
Nat.instAddCommSemigroup,0,def,1,1,Data_Nat_GCD_Basic,1,0,0,0,0,0,0,0
Nat.instAddMonoid,0,def,1,1,Data_Nat_GCD_Basic,1,0,0,0,0,0,0,0
Nat.instAtLeastTwoHAddOfNat,0,axiom,1,1,Analysis_SpecialFunctions_Log_Basic,1,0,0,0,0,0,0,0
Nat.instCommMonoid,0,def,1,1,Analysis_SpecialFunctions_Log_Basic|Data_Nat_GCD_Basic,1,0,0,0,0,0,0,0
Nat.instCommMonoidWithZero,0,def,1,1,Data_Nat_GCD_Basic,1,0,0,0,0,0,0,0
Nat.instCommSemigroup,0,def,1,1,Data_Nat_GCD_Basic,1,0,0,0,0,0,0,0
Nat.instCommSemiring,0,def,1,1,Analysis_SpecialFunctions_Log_Basic,1,0,0,0,0,0,0,0
Nat.instDiv,0,def,1,1,Algebra_Group_Basic|Data_Nat_GCD_Basic,1,0,0,0,0,0,0,0
Nat.instDvd,0,def,1,1,Data_Nat_GCD_Basic,1,0,0,0,0,0,0,0
Nat.instIsCancelMulZero,0,axiom,1,1,Data_Nat_GCD_Basic,1,0,0,0,0,0,0,0
Nat.instIsStrictOrderedRing,0,axiom,1,1,Analysis_SpecialFunctions_Log_Basic,1,0,0,0,0,0,0,0
Nat.instLinearOrder,0,def,1,1,Analysis_SpecialFunctions_Log_Basic|Data_Nat_GCD_Basic|Order_Lattice,1,0,0,0,0,0,0,0
Nat.instMod,0,def,1,1,Algebra_Group_Basic|Data_Nat_GCD_Basic,1,0,0,0,0,0,0,0
Nat.instMonoid,0,def,1,1,Analysis_SpecialFunctions_Log_Basic|Data_Nat_GCD_Basic,1,0,0,0,0,0,0,0
Nat.instMonoidWithZero,0,def,1,1,Analysis_SpecialFunctions_Log_Basic|Data_Nat_GCD_Basic,1,0,0,0,0,0,0,0
Nat.instMulOneClass,0,def,1,1,Data_Nat_GCD_Basic,1,0,0,0,0,0,0,0
Nat.instMulZeroClass,0,def,1,1,Analysis_SpecialFunctions_Log_Basic|Data_Nat_GCD_Basic,1,0,0,0,0,0,0,0
Nat.instMulZeroOneClass,0,def,1,1,Data_Nat_GCD_Basic,1,0,0,0,0,0,0,0
Nat.instNeZeroSucc,0,axiom,1,1,Analysis_SpecialFunctions_Log_Basic|Data_Nat_GCD_Basic,1,0,0,0,0,0,0,0
Nat.instNonUnitalSemiring,0,def,1,1,Analysis_SpecialFunctions_Log_Basic,1,0,0,0,0,0,0,0
Nat.instOne,0,def,1,1,Analysis_SpecialFunctions_Log_Basic|Data_Nat_GCD_Basic,1,0,0,0,0,0,0,0
Nat.instPartialOrder,0,def,1,1,Analysis_SpecialFunctions_Log_Basic,1,0,0,0,0,0,0,0
Nat.instPreorder,0,def,1,1,Analysis_SpecialFunctions_Log_Basic|Data_Nat_GCD_Basic,1,0,0,0,0,0,0,0
Nat.instSemigroup,0,def,1,1,Data_Nat_GCD_Basic,1,0,0,0,0,0,0,0
Nat.instSemigroupWithZero,0,def,1,1,Data_Nat_GCD_Basic,1,0,0,0,0,0,0,0
Nat.instSemiring,0,def,1,1,Analysis_SpecialFunctions_Log_Basic,1,0,0,0,0,0,0,0
Nat.instStarOrderedRing,0,axiom,1,1,Analysis_SpecialFunctions_Log_Basic,1,0,0,0,0,0,0,0
Nat.instStarRing,0,def,1,1,Analysis_SpecialFunctions_Log_Basic,1,0,0,0,0,0,0,0
Nat.iterate,0,def,1,0,Algebra_Group_Basic,0,0,0,0,0,0,0,0
Nat.land,0,axiom,1,0,Analysis_SpecialFunctions_Log_Basic,0,0,0,0,0,0,0,0
Nat.lcm,0,def,1,0,Data_Nat_GCD_Basic,0,0,0,0,0,0,0,0
Nat.lcm_eq_iff,0,axiom,1,0,Data_Nat_GCD_Basic,0,0,0,0,0,0,0,0
Nat.le_of_not_lt,0,axiom,1,0,Data_Nat_GCD_Basic,0,0,0,0,0,0,0,0
Nat.mod_add_div,0,axiom,1,0,Algebra_Group_Basic,0,0,0,0,0,0,0,0
Nat.mod_eq_of_lt,0,axiom,1,0,Data_Nat_GCD_Basic,0,0,0,0,0,0,0,0
Nat.mod_lt,0,axiom,1,0,Data_Nat_GCD_Basic,0,0,0,0,0,0,0,0
Nat.mod_mod,0,axiom,1,0,Data_Nat_GCD_Basic,0,0,0,0,0,0,0,0
Nat.mod_self,0,axiom,1,0,Data_Nat_GCD_Basic,0,0,0,0,0,0,0,0
Nat.mod_zero,0,axiom,1,0,Data_Nat_GCD_Basic,0,0,0,0,0,0,0,0
Nat.mul_add_one,0,axiom,1,0,Data_Nat_GCD_Basic,0,0,0,0,0,0,0,0
Nat.mul_dvd_mul,0,axiom,1,0,Data_Nat_GCD_Basic,0,0,0,0,0,0,0,0
Nat.mul_eq_zero,0,axiom,1,0,Data_Nat_GCD_Basic,0,0,0,0,0,0,0,0
Nat.mul_mod,0,axiom,1,0,Data_Nat_GCD_Basic,0,0,0,0,0,0,0,0
Nat.ne_of_beq_eq_false,0,axiom,1,0,Analysis_SpecialFunctions_Log_Basic,0,0,0,0,0,0,0,0
Nat.ne_of_gt,0,axiom,1,0,Data_Nat_GCD_Basic,0,0,0,0,0,0,0,0
Nat.not_coprime_zero_zero,1,theorem,0,0,Data_Nat_GCD_Basic,0,0,0,0,0,0,0,0
Nat.ofNat_nonneg,0,axiom,1,0,Analysis_SpecialFunctions_Log_Basic,0,0,0,0,0,0,0,0
Nat.one_le_iff_ne_zero,0,axiom,1,0,Algebra_Group_Basic|Data_Nat_GCD_Basic,0,0,0,0,0,0,0,0
Nat.one_le_of_lt,0,axiom,1,0,Analysis_SpecialFunctions_Log_Basic,0,0,0,0,0,0,0,0
Nat.one_le_pow,0,axiom,1,0,Data_Nat_GCD_Basic,0,0,0,0,0,0,0,0
Nat.one_lt_cast._simp_1,0,theorem,1,1,Analysis_SpecialFunctions_Log_Basic,0,0,0,0,1,0,0,0
Nat.pos_of_ne_zero,0,axiom,1,0,Analysis_SpecialFunctions_Log_Basic,0,0,0,0,0,0,0,0
Nat.pow_lt_pow_iff_right,0,axiom,1,0,Data_Nat_GCD_Basic,0,0,0,0,0,0,0,0
Nat.pow_sub_one_gcd_pow_sub_one,1,theorem,0,0,Data_Nat_GCD_Basic,0,0,0,0,0,0,0,0
Nat.pow_sub_one_gcd_pow_sub_one._unary,1,theorem,1,1,Data_Nat_GCD_Basic,0,0,0,0,1,0,0,0
Nat.pow_sub_one_mod_pow_sub_one,1,theorem,1,0,Data_Nat_GCD_Basic,0,0,0,0,0,0,0,0
Nat.pow_succ,0,axiom,1,0,Data_Nat_GCD_Basic,0,0,0,0,0,0,0,0
Nat.pow_succ',0,axiom,1,0,Algebra_Group_Basic,0,0,0,0,0,0,0,0
Nat.prod_factorization_pow_eq_self,0,axiom,1,0,Analysis_SpecialFunctions_Log_Basic,0,0,0,0,0,0,0,0
Nat.rawCast,0,def,1,0,Analysis_SpecialFunctions_Log_Basic,0,0,0,0,0,0,0,0
Nat.recAux,0,def,1,0,Analysis_SpecialFunctions_Log_Basic,0,0,0,0,0,0,0,0
Nat.shiftRight,0,def,1,0,Analysis_SpecialFunctions_Log_Basic,0,0,0,0,0,0,0,0
Nat.sub_add_cancel,0,axiom,1,0,Algebra_Group_Basic|Data_Nat_GCD_Basic,0,0,0,0,0,0,0,0
Nat.sub_eq_zero_of_le,0,axiom,1,0,Data_Nat_GCD_Basic,0,0,0,0,0,0,0,0
Nat.sub_lt_sub_iff_right,0,axiom,1,0,Data_Nat_GCD_Basic,0,0,0,0,0,0,0,0
Nat.sub_self,0,axiom,1,0,Data_Nat_GCD_Basic,0,0,0,0,0,0,0,0
Nat.succ,0,constructor,1,0,Algebra_Group_Basic|Analysis_SpecialFunctions_Log_Basic|Data_Nat_GCD_Basic,0,0,0,0,0,0,0,0
Nat.unique_units,0,def,1,1,Data_Nat_GCD_Basic,1,0,0,0,0,0,0,0
Nat.zero_div,0,axiom,1,0,Data_Nat_GCD_Basic,0,0,0,0,0,0,0,0
Nat.zero_le._simp_1,0,theorem,1,1,Data_Nat_GCD_Basic,0,0,0,0,1,0,0,0
Nat.zero_mod,0,axiom,1,0,Data_Nat_GCD_Basic,0,0,0,0,0,0,0,0
Ne,0,def,1,0,Algebra_Group_Basic|Analysis_SpecialFunctions_Log_Basic|Data_Nat_GCD_Basic|Logic_Function_Basic|Order_Lattice,0,0,0,0,0,0,0,0
Ne.eq_1,0,theorem,1,1,Order_Lattice,0,0,0,1,1,0,0,0
Ne.inf_lt_or_inf_lt,1,theorem,0,0,Order_Lattice,0,0,0,0,0,0,0,0
Ne.lt_sup_or_lt_sup,1,theorem,0,0,Order_Lattice,0,0,0,0,0,0,0,0
Ne.not_ge_or_not_le,0,axiom,1,0,Order_Lattice,0,0,0,0,0,0,0,0
Ne.not_le_or_not_ge,0,axiom,1,0,Order_Lattice,0,0,0,0,0,0,0,0
Ne.symm,0,axiom,1,0,Analysis_SpecialFunctions_Log_Basic|Order_Lattice,0,0,0,0,0,0,0,0
NeZero,0,inductive,1,0,Analysis_SpecialFunctions_Log_Basic,0,0,0,0,0,0,0,0
NeZero.charZero_one,0,axiom,1,1,Analysis_SpecialFunctions_Log_Basic,1,0,0,0,0,0,0,0
NeZero.one,0,axiom,1,1,Analysis_SpecialFunctions_Log_Basic,1,0,0,0,0,0,0,0
Neg.neg,0,def,1,1,Algebra_Group_Basic|Analysis_SpecialFunctions_Log_Basic|Data_Nat_GCD_Basic,0,0,1,0,0,0,0,0
NegZeroClass.toNeg,0,def,1,1,Algebra_Group_Basic|Analysis_SpecialFunctions_Log_Basic,1,0,1,0,0,0,0,0
NegZeroClass.toZero,0,def,1,1,Algebra_Group_Basic|Analysis_SpecialFunctions_Log_Basic,1,0,1,0,0,0,0,0
NoZeroDivisors,0,inductive,1,0,Analysis_SpecialFunctions_Log_Basic,0,0,0,0,0,0,0,0
NonAssocCommRing.toNonAssocRing,0,def,1,1,Analysis_SpecialFunctions_Log_Basic,1,0,1,0,0,0,0,0
NonAssocRing.toAddCommGroupWithOne,0,def,1,1,Analysis_SpecialFunctions_Log_Basic,1,0,0,0,0,0,0,0
NonAssocSemiring.toAddCommMonoidWithOne,0,def,1,1,Analysis_SpecialFunctions_Log_Basic,1,0,0,0,0,0,0,0
NonUnitalCommRing.toNonUnitalNonAssocCommRing,0,def,1,1,Analysis_SpecialFunctions_Log_Basic,1,0,0,0,0,0,0,0
NonUnitalNonAssocCommRing.toNonUnitalNonAssocCommSemiring,0,def,1,1,Analysis_SpecialFunctions_Log_Basic,1,0,0,0,0,0,0,0
NonUnitalNonAssocCommRing.toNonUnitalNonAssocRing,0,def,1,1,Analysis_SpecialFunctions_Log_Basic,1,0,1,0,0,0,0,0
NonUnitalNonAssocCommSemiring.toCommMagma,0,def,1,1,Analysis_SpecialFunctions_Log_Basic,1,0,0,0,0,0,0,0
NonUnitalNonAssocRing.toHasDistribNeg,0,def,1,1,Analysis_SpecialFunctions_Log_Basic,1,0,0,0,0,0,0,0
NonUnitalNonAssocRing.toNonUnitalNonAssocSemiring,0,def,1,1,Analysis_SpecialFunctions_Log_Basic,1,0,0,0,0,0,0,0
NonUnitalNonAssocSemiring.toDistrib,0,def,1,1,Analysis_SpecialFunctions_Log_Basic,1,0,0,0,0,0,0,0
NonUnitalSeminormedCommRing.toNonUnitalSeminormedRing,0,def,1,1,Analysis_SpecialFunctions_Log_Basic,1,0,1,0,0,0,0,0
NonUnitalSeminormedRing.toSeminormedAddCommGroup,0,def,1,1,Analysis_SpecialFunctions_Log_Basic,1,0,0,0,0,0,0,0
Nonempty,0,inductive,1,0,Analysis_SpecialFunctions_Log_Basic|Logic_Function_Basic|Topology_Basic,0,0,0,0,0,0,0,0
Nonempty.casesOn,0,def,1,1,Logic_Function_Basic,0,0,0,1,0,0,0,0
Nonempty.elim,0,axiom,1,0,Logic_Function_Basic,0,0,0,0,0,0,0,0
Nonempty.intro,0,constructor,1,0,Logic_Function_Basic,0,0,0,0,0,0,0,0
Nonempty.some,0,def,1,0,Logic_Function_Basic,0,0,0,0,0,0,0,0
Nontrivial,0,inductive,1,0,Logic_Function_Basic,0,0,0,0,0,0,0,0
Nontrivial.to_nonempty,0,axiom,1,1,Logic_Function_Basic,1,0,0,0,0,0,0,0
Norm.norm,0,def,1,1,Analysis_SpecialFunctions_Log_Basic,0,0,1,0,0,0,0,0
NormMulClass.toNoZeroDivisors,0,axiom,1,1,Analysis_SpecialFunctions_Log_Basic,1,0,0,0,0,0,0,0
NormedCommRing.toNormedRing,0,def,1,1,Analysis_SpecialFunctions_Log_Basic,1,0,1,0,0,0,0,0
NormedCommRing.toSeminormedCommRing,0,def,1,1,Analysis_SpecialFunctions_Log_Basic,1,0,0,0,0,0,0,0
NormedDivisionRing.toDivisionRing,0,def,1,1,Analysis_SpecialFunctions_Log_Basic,1,0,1,0,0,0,0,0
NormedDivisionRing.toNorm,0,def,1,1,Analysis_SpecialFunctions_Log_Basic,1,0,1,0,0,0,0,0
NormedDivisionRing.toNormMulClass,0,axiom,1,1,Analysis_SpecialFunctions_Log_Basic,1,0,0,0,0,0,0,0
NormedDivisionRing.toNormedRing,0,def,1,1,Analysis_SpecialFunctions_Log_Basic,1,0,0,0,0,0,0,0
NormedField.toNormedDivisionRing,0,def,1,1,Analysis_SpecialFunctions_Log_Basic,1,0,0,0,0,0,0,0
NormedRing.toSeminormedRing,0,def,1,1,Analysis_SpecialFunctions_Log_Basic,1,0,0,0,0,0,0,0
Not,0,def,1,0,Algebra_Group_Basic|Analysis_SpecialFunctions_Log_Basic|Data_Nat_GCD_Basic|Logic_Function_Basic|Order_Lattice|Topology_Basic,0,0,0,0,0,0,0,0
Not.intro,0,axiom,1,1,Analysis_SpecialFunctions_Log_Basic,0,0,0,0,0,0,1,0
OfNat,0,inductive,1,0,Analysis_SpecialFunctions_Log_Basic,0,0,0,0,0,0,0,0
OfNat.ofNat,0,def,1,1,Algebra_Group_Basic|Analysis_SpecialFunctions_Log_Basic|Data_Nat_GCD_Basic|Logic_Function_Basic,0,0,1,0,0,0,0,0
One,0,inductive,1,0,Analysis_SpecialFunctions_Log_Basic,0,0,0,0,0,0,0,0
One.one,0,def,1,1,Analysis_SpecialFunctions_Log_Basic,0,0,1,0,0,0,0,0
One.toOfNat1,0,def,1,1,Algebra_Group_Basic|Analysis_SpecialFunctions_Log_Basic|Data_Nat_GCD_Basic,1,0,0,0,0,0,0,0
OpenPartialHomeomorph,0,inductive,1,0,Analysis_SpecialFunctions_Log_Basic,0,0,0,0,0,0,0,0
OpenPartialHomeomorph.mk,0,constructor,1,0,Analysis_SpecialFunctions_Log_Basic,0,0,0,0,0,0,0,0
OpenPartialHomeomorph.symm,0,def,1,0,Analysis_SpecialFunctions_Log_Basic,0,0,0,0,0,0,0,0
OpenPartialHomeomorph.toFun',0,def,1,0,Analysis_SpecialFunctions_Log_Basic,0,0,0,0,0,0,0,0
OpenPartialHomeomorph.toPartialHomeomorph,0,def,1,1,Analysis_SpecialFunctions_Log_Basic,0,0,1,0,0,0,0,0
Option,0,inductive,1,0,Analysis_SpecialFunctions_Log_Basic|Logic_Function_Basic,0,0,0,0,0,0,0,0
Option.bind,0,def,1,0,Logic_Function_Basic,0,0,0,0,0,0,0,0
Option.bind_eq_some_iff,0,axiom,1,0,Logic_Function_Basic,0,0,0,0,0,0,0,0
Option.casesOn,0,def,1,1,Analysis_SpecialFunctions_Log_Basic|Logic_Function_Basic,0,0,0,1,0,0,0,0
Option.ctorIdx,0,def,1,0,Logic_Function_Basic,0,0,0,0,0,0,0,0
Option.eq_some_of_isSome,0,axiom,1,0,Logic_Function_Basic,0,0,0,0,0,0,0,0
Option.get,0,def,1,0,Logic_Function_Basic,0,0,0,0,0,0,0,0
Option.getD,0,def,1,0,Logic_Function_Basic,0,0,0,0,0,0,0,0
Option.instDecidableEq,0,def,1,1,Logic_Function_Basic,1,0,0,0,0,0,0,0
Option.instMembership,0,def,1,1,Logic_Function_Basic,1,0,0,0,0,0,0,0
Option.isSome,0,def,1,0,Logic_Function_Basic,0,0,0,0,0,0,0,0
Option.none,0,constructor,1,0,Analysis_SpecialFunctions_Log_Basic|Data_Nat_GCD_Basic|Logic_Function_Basic,0,0,0,0,0,0,0,0
Option.rec,0,recursor,1,1,Logic_Function_Basic,0,1,0,1,0,0,0,0
Option.rec_update,1,theorem,0,0,Logic_Function_Basic,0,0,0,0,0,0,0,0
Option.some,0,constructor,1,0,Analysis_SpecialFunctions_Log_Basic|Data_Nat_GCD_Basic|Logic_Function_Basic,0,0,0,0,0,0,0,0
Option.some.inj,0,axiom,1,0,Logic_Function_Basic,0,0,0,0,0,0,0,0
Option.some.noConfusion,0,def,1,1,Logic_Function_Basic,0,0,0,1,0,0,0,0
Or,0,inductive,1,0,Algebra_Group_Basic|Analysis_SpecialFunctions_Log_Basic|Data_Nat_GCD_Basic|Logic_Function_Basic|Order_Lattice|Topology_Basic,0,0,0,0,0,0,0,0
Or.casesOn,0,def,1,1,Algebra_Group_Basic|Analysis_SpecialFunctions_Log_Basic|Data_Nat_GCD_Basic|Logic_Function_Basic|Order_Lattice,0,0,0,1,0,0,0,0
Or.elim,0,axiom,1,1,Data_Nat_GCD_Basic|Order_Lattice,0,0,0,0,0,0,1,0
Or.imp,0,axiom,1,0,Data_Nat_GCD_Basic|Order_Lattice,0,0,0,0,0,0,0,0
Or.inl,0,constructor,1,1,Analysis_SpecialFunctions_Log_Basic|Order_Lattice,0,0,0,0,0,0,1,0
Or.inr,0,constructor,1,1,Analysis_SpecialFunctions_Log_Basic|Order_Lattice,0,0,0,0,0,0,1,0
Or.resolve_left,0,axiom,1,0,Order_Lattice,0,0,0,0,0,0,0,0
Or.symm,0,axiom,1,0,Order_Lattice,0,0,0,0,0,0,0,0
Ord,0,inductive,1,0,Order_Lattice,0,0,0,0,0,0,0,0
Ord.compare,0,def,1,1,Order_Lattice,0,0,1,0,0,0,0,0
Ord.mk,0,constructor,1,0,Order_Lattice,0,0,0,0,0,0,0,0
OrderDual,0,def,1,0,Order_Lattice,0,0,0,0,0,0,0,0
OrderDual.instDistribLattice,1,def,1,1,Order_Lattice,1,0,0,0,0,0,0,0
OrderDual.instLattice,1,def,1,1,Order_Lattice,1,0,0,0,0,0,0,0
OrderDual.instLattice._proof_1,1,theorem,1,1,Order_Lattice,0,0,0,0,1,0,0,0
OrderDual.instLattice._proof_2,1,theorem,1,1,Order_Lattice,0,0,0,0,1,0,0,0
OrderDual.instLattice._proof_3,1,theorem,1,1,Order_Lattice,0,0,0,0,1,0,0,0
OrderDual.instMaxOfMin,0,def,1,1,Order_Lattice,1,0,0,0,0,0,0,0
OrderDual.instMinOfMax,0,def,1,1,Order_Lattice,1,0,0,0,0,0,0,0
OrderDual.instPartialOrder,0,def,1,1,Order_Lattice,1,0,0,0,0,0,0,0
OrderDual.instSemilatticeInf,1,def,1,1,Order_Lattice,1,0,0,0,0,0,0,0
OrderDual.instSemilatticeInf.eq_1,1,theorem,0,0,Order_Lattice,0,0,0,0,0,0,0,0
OrderDual.instSemilatticeSup,1,def,1,1,Order_Lattice,1,0,0,0,0,0,0,0
OrderDual.instSemilatticeSup.eq_1,1,theorem,0,0,Order_Lattice,0,0,0,0,0,0,0,0
OrderDual.ofDual,0,def,1,0,Order_Lattice,0,0,0,0,0,0,0,0
OrderDual.toDual,0,def,1,0,Order_Lattice,0,0,0,0,0,0,0,0
OrderIso,0,def,1,0,Analysis_SpecialFunctions_Log_Basic,0,0,0,0,0,0,0,0
OrderIso.apply_symm_apply,0,axiom,1,0,Analysis_SpecialFunctions_Log_Basic,0,0,0,0,0,0,0,0
OrderIso.continuous,0,axiom,1,0,Analysis_SpecialFunctions_Log_Basic,0,0,0,0,0,0,0,0
OrderIso.symm,0,def,1,0,Analysis_SpecialFunctions_Log_Basic,0,0,0,0,0,0,0,0
OrderTopology.t5Space,0,axiom,1,1,Analysis_SpecialFunctions_Log_Basic,1,0,0,0,0,0,0,0
Ordering,0,inductive,1,0,Order_Lattice,0,0,0,0,0,0,0,0
PLift,0,inductive,1,0,Algebra_Group_Basic|Analysis_SpecialFunctions_Log_Basic,0,0,0,0,0,0,0,0
PLift.down,0,def,1,1,Analysis_SpecialFunctions_Log_Basic,0,0,1,0,0,0,0,0
PLift.up,0,constructor,1,0,Algebra_Group_Basic,0,0,0,0,0,0,0,0
PSigma,0,inductive,1,0,Data_Nat_GCD_Basic,0,0,0,0,0,0,0,0
PSigma.casesOn,0,def,1,1,Data_Nat_GCD_Basic,0,0,0,1,0,0,0,0
PSigma.mk,0,constructor,1,0,Data_Nat_GCD_Basic,0,0,0,0,0,0,0,0
PUnit,0,inductive,1,0,Logic_Function_Basic,0,0,0,0,0,0,0,0
Pairwise,0,def,1,0,Order_Lattice,0,0,0,0,0,0,0,0
Pairwise.eq_1,1,theorem,0,0,Order_Lattice,0,0,0,0,0,0,0,0
Pairwise.of_gt,1,theorem,0,0,Order_Lattice,0,0,0,0,0,0,0,0
Pairwise.of_lt,1,theorem,0,0,Order_Lattice,0,0,0,0,0,0,0,0
PartialEquiv.mk,0,constructor,1,0,Analysis_SpecialFunctions_Log_Basic,0,0,0,0,0,0,0,0
PartialEquiv.source,0,def,1,1,Analysis_SpecialFunctions_Log_Basic,0,0,1,0,0,0,0,0
PartialEquiv.target,0,def,1,1,Analysis_SpecialFunctions_Log_Basic,0,0,1,0,0,0,0,0
PartialHomeomorph.mk,0,constructor,1,0,Analysis_SpecialFunctions_Log_Basic,0,0,0,0,0,0,0,0
PartialHomeomorph.toPartialEquiv,0,def,1,1,Analysis_SpecialFunctions_Log_Basic,0,0,1,0,0,0,0,0
PartialOrder,0,inductive,1,0,Analysis_SpecialFunctions_Log_Basic|Order_Lattice,0,0,0,0,0,0,0,0
PartialOrder.ext,0,axiom,1,0,Order_Lattice,0,0,0,0,0,0,0,0
PartialOrder.mk,0,constructor,1,0,Order_Lattice,0,0,0,0,0,0,0,0
PartialOrder.toPreorder,0,def,1,1,Analysis_SpecialFunctions_Log_Basic|Data_Nat_GCD_Basic|Order_Lattice|Topology_Basic,1,0,1,0,0,0,0,0
Pi.inf_apply,1,theorem,0,0,Order_Lattice,0,0,0,0,0,0,0,0
Pi.inf_def,1,theorem,1,0,Order_Lattice,0,0,0,0,0,0,0,0
Pi.inf_def._simp_1,1,theorem,0,0,Order_Lattice,0,0,0,0,0,0,0,0
Pi.instDistribLattice,1,def,0,0,Order_Lattice,0,0,0,0,0,0,0,0
Pi.instDistribLattice._proof_1,1,theorem,1,1,Order_Lattice,0,0,0,0,1,0,0,0
Pi.instLattice,1,def,1,1,Order_Lattice,1,0,0,0,0,0,0,0
Pi.instLattice._proof_1,1,theorem,1,1,Order_Lattice,0,0,0,0,1,0,0,0
Pi.instLattice._proof_2,1,theorem,1,1,Order_Lattice,0,0,0,0,1,0,0,0
Pi.instLattice._proof_3,1,theorem,1,1,Order_Lattice,0,0,0,0,1,0,0,0
Pi.instMaxForall_lattice,1,def,1,1,Order_Lattice,1,0,0,0,0,0,0,0
Pi.instMaxForall_lattice.eq_1,1,theorem,0,0,Order_Lattice,0,0,0,0,0,0,0,0
Pi.instMinForall_lattice,1,def,1,1,Order_Lattice,1,0,0,0,0,0,0,0
Pi.instMinForall_lattice.eq_1,1,theorem,0,0,Order_Lattice,0,0,0,0,0,0,0,0
Pi.instNonempty,0,axiom,1,1,Analysis_SpecialFunctions_Log_Basic,1,0,0,0,0,0,0,0
Pi.instSemilatticeInf,1,def,1,1,Order_Lattice,1,0,0,0,0,0,0,0
Pi.instSemilatticeInf._proof_1,1,theorem,1,1,Order_Lattice,0,0,0,0,1,0,0,0
Pi.instSemilatticeInf._proof_2,1,theorem,1,1,Order_Lattice,0,0,0,0,1,0,0,0
Pi.instSemilatticeInf._proof_3,1,theorem,1,1,Order_Lattice,0,0,0,0,1,0,0,0
Pi.instSemilatticeInf.eq_1,1,theorem,0,0,Order_Lattice,0,0,0,0,0,0,0,0
Pi.instSemilatticeSup,1,def,1,1,Order_Lattice,1,0,0,0,0,0,0,0
Pi.instSemilatticeSup._proof_1,1,theorem,1,1,Order_Lattice,0,0,0,0,1,0,0,0
Pi.instSemilatticeSup._proof_2,1,theorem,1,1,Order_Lattice,0,0,0,0,1,0,0,0
Pi.instSemilatticeSup._proof_3,1,theorem,1,1,Order_Lattice,0,0,0,0,1,0,0,0
Pi.instSemilatticeSup.eq_1,1,theorem,0,0,Order_Lattice,0,0,0,0,0,0,0,0
Pi.instSubsingleton,0,axiom,1,1,Logic_Function_Basic,1,0,0,0,0,0,0,0
Pi.map,0,def,1,0,Logic_Function_Basic,0,0,0,0,0,0,0,0
Pi.map_comp_map,1,theorem,0,0,Logic_Function_Basic,0,0,0,0,0,0,0,0
Pi.map_id,1,theorem,0,0,Logic_Function_Basic,0,0,0,0,0,0,0,0
Pi.map_id',1,theorem,0,0,Logic_Function_Basic,0,0,0,0,0,0,0,0
Pi.map_injective,1,theorem,1,0,Logic_Function_Basic,0,0,0,0,0,0,0,0
Pi.map_injective._simp_1,1,theorem,0,0,Logic_Function_Basic,0,0,0,0,0,0,0,0
Pi.map_update,1,theorem,1,0,Logic_Function_Basic,0,0,0,0,0,0,0,0
Pi.partialOrder,0,def,1,1,Order_Lattice,1,0,0,0,0,0,0,0
Pi.sup_apply,1,theorem,0,0,Order_Lattice,0,0,0,0,0,0,0,0
Pi.sup_def,1,theorem,1,0,Order_Lattice,0,0,0,0,0,0,0,0
Pi.sup_def._simp_1,1,theorem,0,0,Order_Lattice,0,0,0,0,0,0,0,0
PosMulReflectLE.toPosMulReflectLT,0,axiom,1,1,Analysis_SpecialFunctions_Log_Basic,1,0,0,0,0,0,0,0
PosMulReflectLT,0,inductive,1,0,Analysis_SpecialFunctions_Log_Basic,0,0,0,0,0,0,0,0
PosMulStrictMono.toPosMulReflectLE,0,axiom,1,1,Analysis_SpecialFunctions_Log_Basic,1,0,0,0,0,0,0,0
Pow,0,inductive,1,0,Algebra_Group_Basic,0,0,0,0,0,0,0,0
Preorder,0,inductive,1,0,Order_Lattice,0,0,0,0,0,0,0,0
Preorder.lt_iff_le_not_ge._autoParam,0,def,1,1,Order_Lattice,0,0,0,0,1,0,0,0
Preorder.mk,0,constructor,1,0,Order_Lattice,0,0,0,0,0,0,0,0
Preorder.toLE,0,def,1,1,Analysis_SpecialFunctions_Log_Basic|Data_Nat_GCD_Basic|Order_Lattice|Topology_Basic,1,0,1,0,0,0,0,0
Preorder.toLT,0,def,1,1,Analysis_SpecialFunctions_Log_Basic|Data_Nat_GCD_Basic|Order_Lattice,1,0,1,0,0,0,0,0
Prod,0,inductive,1,0,Analysis_SpecialFunctions_Log_Basic|Logic_Function_Basic|Order_Lattice,0,0,0,0,0,0,0,0
Prod.casesOn,0,def,1,1,Logic_Function_Basic,0,0,0,1,0,0,0,0
Prod.fst,0,def,1,1,Analysis_SpecialFunctions_Log_Basic|Logic_Function_Basic|Order_Lattice,0,0,1,0,0,0,0,0
Prod.fst_inf,1,theorem,0,0,Order_Lattice,0,0,0,0,0,0,0,0
Prod.fst_sup,1,theorem,0,0,Order_Lattice,0,0,0,0,0,0,0,0
Prod.inf_def,1,theorem,0,0,Order_Lattice,0,0,0,0,0,0,0,0
Prod.instDistribLattice,1,def,0,0,Order_Lattice,0,0,0,0,0,0,0,0
Prod.instDistribLattice._proof_1,1,theorem,1,1,Order_Lattice,0,0,0,0,1,0,0,0
Prod.instDistribLattice._proof_2,1,theorem,1,1,Order_Lattice,0,0,0,0,1,0,0,0
Prod.instDistribLattice._proof_3,1,theorem,1,1,Order_Lattice,0,0,0,0,1,0,0,0
Prod.instDistribLattice._proof_4,1,theorem,1,1,Order_Lattice,0,0,0,0,1,0,0,0
Prod.instLattice,1,def,1,1,Order_Lattice,1,0,0,0,0,0,0,0
Prod.instLattice._proof_1,1,theorem,1,1,Order_Lattice,0,0,0,0,1,0,0,0
Prod.instLattice._proof_2,1,theorem,1,1,Order_Lattice,0,0,0,0,1,0,0,0
Prod.instLattice._proof_3,1,theorem,1,1,Order_Lattice,0,0,0,0,1,0,0,0
Prod.instMax_lattice,1,def,1,1,Order_Lattice,1,0,0,0,0,0,0,0
Prod.instMax_lattice.eq_1,1,theorem,0,0,Order_Lattice,0,0,0,0,0,0,0,0
Prod.instMin_lattice,1,def,1,1,Order_Lattice,1,0,0,0,0,0,0,0
Prod.instMin_lattice.eq_1,1,theorem,0,0,Order_Lattice,0,0,0,0,0,0,0,0
Prod.instPartialOrder,0,def,1,1,Order_Lattice,1,0,0,0,0,0,0,0
Prod.instSemilatticeInf,1,def,1,1,Order_Lattice,1,0,0,0,0,0,0,0
Prod.instSemilatticeInf._proof_1,1,theorem,1,1,Order_Lattice,0,0,0,0,1,0,0,0
Prod.instSemilatticeInf._proof_2,1,theorem,1,1,Order_Lattice,0,0,0,0,1,0,0,0
Prod.instSemilatticeInf._proof_3,1,theorem,1,1,Order_Lattice,0,0,0,0,1,0,0,0
Prod.instSemilatticeInf.eq_1,1,theorem,0,0,Order_Lattice,0,0,0,0,0,0,0,0
Prod.instSemilatticeSup,1,def,1,1,Order_Lattice,1,0,0,0,0,0,0,0
Prod.instSemilatticeSup._proof_1,1,theorem,1,1,Order_Lattice,0,0,0,0,1,0,0,0
Prod.instSemilatticeSup._proof_2,1,theorem,1,1,Order_Lattice,0,0,0,0,1,0,0,0
Prod.instSemilatticeSup._proof_3,1,theorem,1,1,Order_Lattice,0,0,0,0,1,0,0,0
Prod.instSemilatticeSup.eq_1,1,theorem,0,0,Order_Lattice,0,0,0,0,0,0,0,0
Prod.mk,0,constructor,1,0,Analysis_SpecialFunctions_Log_Basic|Logic_Function_Basic|Order_Lattice,0,0,0,0,0,0,0,0
Prod.mk.injEq,0,axiom,1,1,Logic_Function_Basic,0,0,0,1,0,0,0,0
Prod.mk_inf_mk,1,theorem,0,0,Order_Lattice,0,0,0,0,0,0,0,0
Prod.mk_sup_mk,1,theorem,0,0,Order_Lattice,0,0,0,0,0,0,0,0
Prod.snd,0,def,1,1,Analysis_SpecialFunctions_Log_Basic|Logic_Function_Basic|Order_Lattice,0,0,1,0,0,0,0,0
Prod.snd_inf,1,theorem,0,0,Order_Lattice,0,0,0,0,0,0,0,0
Prod.snd_sup,1,theorem,0,0,Order_Lattice,0,0,0,0,0,0,0,0
Prod.sup_def,1,theorem,0,0,Order_Lattice,0,0,0,0,0,0,0,0
Prod.swap,0,def,1,0,Logic_Function_Basic|Order_Lattice,0,0,0,0,0,0,0,0
Prod.swap_inf,1,theorem,0,0,Order_Lattice,0,0,0,0,0,0,0,0
Prod.swap_sup,1,theorem,0,0,Order_Lattice,0,0,0,0,0,0,0,0
Prop.partialOrder,0,def,1,1,Order_Lattice,1,0,0,0,0,0,0,0
PseudoMetricSpace.toUniformSpace,0,def,1,1,Analysis_SpecialFunctions_Log_Basic,1,0,1,0,0,0,0,0
Pure.pure,0,def,1,1,Analysis_SpecialFunctions_Log_Basic|Logic_Function_Basic,0,0,1,0,0,0,0,0
Qq.Quoted,0,def,1,0,Analysis_SpecialFunctions_Log_Basic,0,0,0,0,0,0,0,0
Qq.Quoted.unsafeMk,0,def,1,0,Analysis_SpecialFunctions_Log_Basic,0,0,0,0,0,0,0,0
Qq.QuotedDefEq,0,inductive,1,0,Analysis_SpecialFunctions_Log_Basic,0,0,0,0,0,0,0,0
Qq.QuotedDefEq.unsafeIntro,0,constructor,1,0,Analysis_SpecialFunctions_Log_Basic,0,0,0,0,0,0,0,0
Qq.assertDefEqQ,0,axiom,1,0,Analysis_SpecialFunctions_Log_Basic,0,0,0,0,0,0,0,0
Rat,0,inductive,1,0,Analysis_SpecialFunctions_Log_Basic,0,0,0,0,0,0,0,0
Rat.cast,0,def,1,0,Analysis_SpecialFunctions_Log_Basic,0,0,0,0,0,0,0,0
Rat.cast_div,0,axiom,1,0,Analysis_SpecialFunctions_Log_Basic,0,0,0,0,0,0,0,0
Rat.cast_divInt._simp_1,0,theorem,1,1,Analysis_SpecialFunctions_Log_Basic,0,0,0,0,1,0,0,0
Rat.cast_lt,0,axiom,1,0,Analysis_SpecialFunctions_Log_Basic,0,0,0,0,0,0,0,0
Rat.cast_lt_intCast._simp_1,0,theorem,1,1,Analysis_SpecialFunctions_Log_Basic,0,0,0,0,1,0,0,0
Rat.cast_lt_natCast._simp_1,0,theorem,1,1,Analysis_SpecialFunctions_Log_Basic,0,0,0,0,1,0,0,0
Rat.cast_natCast,0,axiom,1,0,Analysis_SpecialFunctions_Log_Basic,0,0,0,0,0,0,0,0
Rat.cast_one,0,axiom,1,0,Analysis_SpecialFunctions_Log_Basic,0,0,0,0,0,0,0,0
Rat.cast_pos,0,axiom,1,0,Analysis_SpecialFunctions_Log_Basic,0,0,0,0,0,0,0,0
Rat.divInt,0,def,1,0,Analysis_SpecialFunctions_Log_Basic,0,0,0,0,0,0,0,0
Rat.instCharZero,0,axiom,1,1,Analysis_SpecialFunctions_Log_Basic,1,0,0,0,0,0,0,0
Rat.instDecidableLt,0,def,1,1,Analysis_SpecialFunctions_Log_Basic,1,0,0,0,0,0,0,0
Rat.instDiv,0,def,1,1,Analysis_SpecialFunctions_Log_Basic,1,0,0,0,0,0,0,0
Rat.instDivisionRing,0,def,1,1,Analysis_SpecialFunctions_Log_Basic,1,0,0,0,0,0,0,0
Rat.instField,0,def,1,1,Analysis_SpecialFunctions_Log_Basic,1,0,0,0,0,0,0,0
Rat.instIntCast,0,def,1,1,Analysis_SpecialFunctions_Log_Basic,1,0,0,0,0,0,0,0
Rat.instIsStrictOrderedRing,0,axiom,1,1,Analysis_SpecialFunctions_Log_Basic,1,0,0,0,0,0,0,0
Rat.instLT,0,def,1,1,Analysis_SpecialFunctions_Log_Basic,1,0,0,0,0,0,0,0
Rat.instNatCast,0,def,1,1,Analysis_SpecialFunctions_Log_Basic,1,0,0,0,0,0,0,0
Rat.instNeg,0,def,1,1,Analysis_SpecialFunctions_Log_Basic,1,0,0,0,0,0,0,0
Rat.instOfNat,0,def,1,1,Analysis_SpecialFunctions_Log_Basic,1,0,0,0,0,0,0,0
Rat.intCast_lt_cast._simp_1,0,theorem,1,1,Analysis_SpecialFunctions_Log_Basic,0,0,0,0,1,0,0,0
Rat.linearOrder,0,def,1,1,Analysis_SpecialFunctions_Log_Basic,1,0,0,0,0,0,0,0
ReaderT,0,def,1,0,Analysis_SpecialFunctions_Log_Basic,0,0,0,0,0,0,0,0
ReaderT.instApplicativeOfMonad,0,def,1,1,Analysis_SpecialFunctions_Log_Basic|Logic_Function_Basic,1,0,0,0,0,0,0,0
ReaderT.instMonad,0,def,1,1,Logic_Function_Basic,1,0,0,0,0,0,0,0
ReaderT.instMonadExceptOf,0,def,1,1,Analysis_SpecialFunctions_Log_Basic|Logic_Function_Basic,1,0,0,0,0,0,0,0
ReaderT.instMonadFunctor,0,def,1,1,Analysis_SpecialFunctions_Log_Basic,1,0,0,0,0,0,0,0
ReaderT.instMonadLift,0,def,1,1,Analysis_SpecialFunctions_Log_Basic,1,0,0,0,0,0,0,0
Real,0,inductive,1,0,Analysis_SpecialFunctions_Log_Basic,0,0,0,0,0,0,0,0
Real.abs_log_mul_self_lt,1,theorem,0,0,Analysis_SpecialFunctions_Log_Basic,0,0,0,0,0,0,0,0
Real.add_one_le_exp,0,axiom,1,0,Analysis_SpecialFunctions_Log_Basic,0,0,0,0,0,0,0,0
Real.add_one_lt_exp,0,axiom,1,0,Analysis_SpecialFunctions_Log_Basic,0,0,0,0,0,0,0,0
Real.coe_expOrderIso_apply,0,axiom,1,0,Analysis_SpecialFunctions_Log_Basic,0,0,0,0,0,0,0,0
Real.comap_exp_nhds_exp,0,axiom,1,0,Analysis_SpecialFunctions_Log_Basic,0,0,0,0,0,0,0,0
Real.commRing,0,def,1,1,Analysis_SpecialFunctions_Log_Basic,1,0,0,0,0,0,0,0
Real.continuousAt_log,1,theorem,1,0,Analysis_SpecialFunctions_Log_Basic,0,0,0,0,0,0,0,0
Real.continuousAt_log_iff,1,theorem,1,0,Analysis_SpecialFunctions_Log_Basic,0,0,0,0,0,0,0,0
Real.continuousAt_log_iff._simp_1,1,theorem,0,0,Analysis_SpecialFunctions_Log_Basic,0,0,0,0,0,0,0,0
Real.continuousOn_exp,0,axiom,1,0,Analysis_SpecialFunctions_Log_Basic,0,0,0,0,0,0,0,0
Real.continuousOn_log,1,theorem,1,0,Analysis_SpecialFunctions_Log_Basic,0,0,0,0,0,0,0,0
Real.continuous_log,1,theorem,0,0,Analysis_SpecialFunctions_Log_Basic,0,0,0,0,0,0,0,0
Real.continuous_log',1,theorem,0,0,Analysis_SpecialFunctions_Log_Basic,0,0,0,0,0,0,0,0
Real.cosh,0,def,1,0,Analysis_SpecialFunctions_Log_Basic,0,0,0,0,0,0,0,0
Real.cosh_eq,0,axiom,1,0,Analysis_SpecialFunctions_Log_Basic,0,0,0,0,0,0,0,0
Real.cosh_log,1,theorem,0,0,Analysis_SpecialFunctions_Log_Basic,0,0,0,0,0,0,0,0
Real.decidableEq,0,def,1,1,Analysis_SpecialFunctions_Log_Basic,1,0,0,0,0,0,0,0
Real.decidableLE,0,def,1,1,Analysis_SpecialFunctions_Log_Basic,1,0,0,0,0,0,0,0
Real.decidableLT,0,def,1,1,Analysis_SpecialFunctions_Log_Basic,1,0,0,0,0,0,0,0
Real.eq_one_of_pos_of_log_eq_zero,1,theorem,1,0,Analysis_SpecialFunctions_Log_Basic,0,0,0,0,0,0,0,0
Real.exp,0,def,1,0,Analysis_SpecialFunctions_Log_Basic,0,0,0,0,0,0,0,0
Real.expOrderIso,0,def,1,0,Analysis_SpecialFunctions_Log_Basic,0,0,0,0,0,0,0,0
Real.expPartialHomeomorph,1,def,1,0,Analysis_SpecialFunctions_Log_Basic,0,0,0,0,0,0,0,0
Real.expPartialHomeomorph._proof_1,1,theorem,1,1,Analysis_SpecialFunctions_Log_Basic,0,0,0,0,1,0,0,0
Real.expPartialHomeomorph._proof_2,1,theorem,1,1,Analysis_SpecialFunctions_Log_Basic,0,0,0,0,1,0,0,0
Real.expPartialHomeomorph._proof_3,1,theorem,1,1,Analysis_SpecialFunctions_Log_Basic,0,0,0,0,1,0,0,0
Real.expPartialHomeomorph._proof_4,1,theorem,1,1,Analysis_SpecialFunctions_Log_Basic,0,0,0,0,1,0,0,0
Real.expPartialHomeomorph._proof_5,1,theorem,1,1,Analysis_SpecialFunctions_Log_Basic,0,0,0,0,1,0,0,0
Real.expPartialHomeomorph._proof_6,1,theorem,1,1,Analysis_SpecialFunctions_Log_Basic,0,0,0,0,1,0,0,0
Real.expPartialHomeomorph_apply,1,theorem,0,0,Analysis_SpecialFunctions_Log_Basic,0,0,0,0,0,0,0,0
Real.expPartialHomeomorph_source,1,theorem,0,0,Analysis_SpecialFunctions_Log_Basic,0,0,0,0,0,0,0,0
Real.expPartialHomeomorph_symm_apply,1,theorem,0,0,Analysis_SpecialFunctions_Log_Basic,0,0,0,0,0,0,0,0
Real.expPartialHomeomorph_target,1,theorem,0,0,Analysis_SpecialFunctions_Log_Basic,0,0,0,0,0,0,0,0
Real.exp_add,0,axiom,1,0,Analysis_SpecialFunctions_Log_Basic,0,0,0,0,0,0,0,0
Real.exp_eq_exp,0,axiom,1,0,Analysis_SpecialFunctions_Log_Basic,0,0,0,0,0,0,0,0
Real.exp_injective,0,axiom,1,0,Analysis_SpecialFunctions_Log_Basic,0,0,0,0,0,0,0,0
Real.exp_le_exp,0,axiom,1,0,Analysis_SpecialFunctions_Log_Basic,0,0,0,0,0,0,0,0
Real.exp_le_two_add_div_two_sub,0,axiom,1,0,Analysis_SpecialFunctions_Log_Basic,0,0,0,0,0,0,0,0
Real.exp_log,1,theorem,1,0,Analysis_SpecialFunctions_Log_Basic,0,0,0,0,0,0,0,0
Real.exp_log_eq_abs,1,theorem,1,0,Analysis_SpecialFunctions_Log_Basic,0,0,0,0,0,0,0,0
Real.exp_log_of_neg,1,theorem,0,0,Analysis_SpecialFunctions_Log_Basic,0,0,0,0,0,0,0,0
Real.exp_lt_exp,0,axiom,1,0,Analysis_SpecialFunctions_Log_Basic,0,0,0,0,0,0,0,0
Real.exp_lt_two_add_div_two_sub,0,axiom,1,0,Analysis_SpecialFunctions_Log_Basic,0,0,0,0,0,0,0,0
Real.exp_neg,0,axiom,1,0,Analysis_SpecialFunctions_Log_Basic,0,0,0,0,0,0,0,0
Real.exp_nonneg,0,axiom,1,0,Analysis_SpecialFunctions_Log_Basic,0,0,0,0,0,0,0,0
Real.exp_one_mul_le_exp,1,theorem,1,0,Analysis_SpecialFunctions_Log_Basic,0,0,0,0,0,0,0,0
Real.exp_pos,0,axiom,1,0,Analysis_SpecialFunctions_Log_Basic,0,0,0,0,0,0,0,0
Real.exp_sub,0,axiom,1,0,Analysis_SpecialFunctions_Log_Basic,0,0,0,0,0,0,0,0
Real.exp_zero,0,axiom,1,0,Analysis_SpecialFunctions_Log_Basic,0,0,0,0,0,0,0,0
Real.image_exp_Iic,0,axiom,1,0,Analysis_SpecialFunctions_Log_Basic,0,0,0,0,0,0,0,0
Real.image_exp_Iio,0,axiom,1,0,Analysis_SpecialFunctions_Log_Basic,0,0,0,0,0,0,0,0
Real.image_log_Icc,1,theorem,0,0,Analysis_SpecialFunctions_Log_Basic,0,0,0,0,0,0,0,0
Real.image_log_Ici,1,theorem,0,0,Analysis_SpecialFunctions_Log_Basic,0,0,0,0,0,0,0,0
Real.image_log_Ico,1,theorem,0,0,Analysis_SpecialFunctions_Log_Basic,0,0,0,0,0,0,0,0
Real.image_log_Ioc,1,theorem,0,0,Analysis_SpecialFunctions_Log_Basic,0,0,0,0,0,0,0,0
Real.image_log_Ioc_zero,1,theorem,0,0,Analysis_SpecialFunctions_Log_Basic,0,0,0,0,0,0,0,0
Real.image_log_Ioi,1,theorem,0,0,Analysis_SpecialFunctions_Log_Basic,0,0,0,0,0,0,0,0
Real.image_log_Ioo,1,theorem,0,0,Analysis_SpecialFunctions_Log_Basic,0,0,0,0,0,0,0,0
Real.image_log_Ioo_zero,1,theorem,0,0,Analysis_SpecialFunctions_Log_Basic,0,0,0,0,0,0,0,0
Real.image_log_uIcc,1,theorem,0,0,Analysis_SpecialFunctions_Log_Basic,0,0,0,0,0,0,0,0
Real.instAdd,0,def,1,1,Analysis_SpecialFunctions_Log_Basic,1,0,0,0,0,0,0,0
Real.instAddCommGroup,0,def,1,1,Analysis_SpecialFunctions_Log_Basic,1,0,0,0,0,0,0,0
Real.instAddCommMonoid,0,def,1,1,Analysis_SpecialFunctions_Log_Basic,1,0,0,0,0,0,0,0
Real.instAddCommSemigroup,0,def,1,1,Analysis_SpecialFunctions_Log_Basic,1,0,0,0,0,0,0,0
Real.instAddGroup,0,def,1,1,Analysis_SpecialFunctions_Log_Basic,1,0,0,0,0,0,0,0
Real.instAddLeftCancelSemigroup,0,def,1,1,Analysis_SpecialFunctions_Log_Basic,1,0,0,0,0,0,0,0
Real.instAddMonoid,0,def,1,1,Analysis_SpecialFunctions_Log_Basic,1,0,0,0,0,0,0,0
Real.instArchimedean,0,axiom,1,1,Analysis_SpecialFunctions_Log_Basic,1,0,0,0,0,0,0,0
Real.instCommMonoid,0,def,1,1,Analysis_SpecialFunctions_Log_Basic,1,0,0,0,0,0,0,0
Real.instCommSemiring,0,def,1,1,Analysis_SpecialFunctions_Log_Basic,1,0,0,0,0,0,0,0
Real.instConditionallyCompleteLinearOrder,0,def,1,1,Analysis_SpecialFunctions_Log_Basic,1,0,0,0,0,0,0,0
Real.instDivInvMonoid,0,def,1,1,Analysis_SpecialFunctions_Log_Basic,1,0,0,0,0,0,0,0
Real.instDivisionRing,0,def,1,1,Analysis_SpecialFunctions_Log_Basic,1,0,0,0,0,0,0,0
Real.instField,0,def,1,1,Analysis_SpecialFunctions_Log_Basic,1,0,0,0,0,0,0,0
Real.instFloorRing,0,def,1,1,Analysis_SpecialFunctions_Log_Basic,1,0,0,0,0,0,0,0
Real.instInhabited,0,def,1,1,Analysis_SpecialFunctions_Log_Basic,1,0,0,0,0,0,0,0
Real.instIntCast,0,def,1,1,Analysis_SpecialFunctions_Log_Basic,1,0,0,0,0,0,0,0
Real.instInv,0,def,1,1,Analysis_SpecialFunctions_Log_Basic,1,0,0,0,0,0,0,0
Real.instIsOrderedAddMonoid,0,axiom,1,1,Analysis_SpecialFunctions_Log_Basic,1,0,0,0,0,0,0,0
Real.instIsOrderedCancelAddMonoid,0,axiom,1,1,Analysis_SpecialFunctions_Log_Basic,1,0,0,0,0,0,0,0
Real.instIsOrderedRing,0,axiom,1,1,Analysis_SpecialFunctions_Log_Basic,1,0,0,0,0,0,0,0
Real.instIsStrictOrderedRing,0,axiom,1,1,Analysis_SpecialFunctions_Log_Basic,1,0,0,0,0,0,0,0
Real.instLE,0,def,1,1,Analysis_SpecialFunctions_Log_Basic,1,0,0,0,0,0,0,0
Real.instLT,0,def,1,1,Analysis_SpecialFunctions_Log_Basic,1,0,0,0,0,0,0,0
Real.instMonoid,0,def,1,1,Analysis_SpecialFunctions_Log_Basic,1,0,0,0,0,0,0,0
Real.instMonoidWithZero,0,def,1,1,Analysis_SpecialFunctions_Log_Basic,1,0,0,0,0,0,0,0
Real.instMul,0,def,1,1,Analysis_SpecialFunctions_Log_Basic,1,0,0,0,0,0,0,0
Real.instNatCast,0,def,1,1,Analysis_SpecialFunctions_Log_Basic,1,0,0,0,0,0,0,0
Real.instNeg,0,def,1,1,Analysis_SpecialFunctions_Log_Basic,1,0,0,0,0,0,0,0
Real.instNontrivial,0,axiom,1,1,Analysis_SpecialFunctions_Log_Basic,1,0,0,0,0,0,0,0
Real.instOne,0,def,1,1,Analysis_SpecialFunctions_Log_Basic,1,0,0,0,0,0,0,0
Real.instPreorder,0,def,1,1,Analysis_SpecialFunctions_Log_Basic,1,0,0,0,0,0,0,0
Real.instRing,0,def,1,1,Analysis_SpecialFunctions_Log_Basic,1,0,0,0,0,0,0,0
Real.instSub,0,def,1,1,Analysis_SpecialFunctions_Log_Basic,1,0,0,0,0,0,0,0
Real.instZero,0,def,1,1,Analysis_SpecialFunctions_Log_Basic,1,0,0,0,0,0,0,0
Real.instZeroLEOneClass,0,axiom,1,1,Analysis_SpecialFunctions_Log_Basic,1,0,0,0,0,0,0,0
Real.isLittleO_const_log_atTop,1,theorem,0,0,Analysis_SpecialFunctions_Log_Basic,0,0,0,0,0,0,0,0
Real.isLittleO_log_id_atTop,1,theorem,0,0,Analysis_SpecialFunctions_Log_Basic,0,0,0,0,0,0,0,0
Real.isLittleO_pow_log_id_atTop,1,theorem,1,0,Analysis_SpecialFunctions_Log_Basic,0,0,0,0,0,0,0,0
Real.lattice,0,def,1,1,Analysis_SpecialFunctions_Log_Basic,1,0,0,0,0,0,0,0
Real.le_exp_log,1,theorem,0,0,Analysis_SpecialFunctions_Log_Basic,0,0,0,0,0,0,0,0
Real.le_exp_of_log_le,1,theorem,0,0,Analysis_SpecialFunctions_Log_Basic,0,0,0,0,0,0,0,0
Real.le_log_iff_exp_le,1,theorem,1,0,Analysis_SpecialFunctions_Log_Basic,0,0,0,0,0,0,0,0
Real.le_log_one_add_of_nonneg,1,theorem,0,0,Analysis_SpecialFunctions_Log_Basic,0,0,0,0,0,0,0,0
Real.linearOrder,0,def,1,1,Analysis_SpecialFunctions_Log_Basic,1,0,0,0,0,0,0,0
Real.log,1,def,1,0,Analysis_SpecialFunctions_Log_Basic,0,0,0,0,0,0,0,0
Real.log._proof_1,1,theorem,1,1,Analysis_SpecialFunctions_Log_Basic,0,0,0,0,1,0,0,0
Real.log.eq_1,1,theorem,1,1,Analysis_SpecialFunctions_Log_Basic,0,0,0,1,1,0,0,0
Real.log_abs,1,theorem,1,0,Analysis_SpecialFunctions_Log_Basic,0,0,0,0,0,0,0,0
Real.log_comp_exp,1,theorem,1,0,Analysis_SpecialFunctions_Log_Basic,0,0,0,0,0,0,0,0
Real.log_div,1,theorem,1,0,Analysis_SpecialFunctions_Log_Basic,0,0,0,0,0,0,0,0
Real.log_div._simp_1,1,theorem,0,0,Analysis_SpecialFunctions_Log_Basic,0,0,0,0,0,0,0,0
Real.log_div_self,1,theorem,0,0,Analysis_SpecialFunctions_Log_Basic,0,0,0,0,0,0,0,0
Real.log_eq_zero,1,theorem,1,0,Analysis_SpecialFunctions_Log_Basic,0,0,0,0,0,0,0,0
Real.log_eq_zero._simp_1,1,theorem,1,1,Analysis_SpecialFunctions_Log_Basic,0,0,0,0,1,0,0,0
Real.log_exp,1,theorem,1,0,Analysis_SpecialFunctions_Log_Basic,0,0,0,0,0,0,0,0
Real.log_finprod,1,theorem,0,0,Analysis_SpecialFunctions_Log_Basic,0,0,0,0,0,0,0,0
Real.log_injOn_pos,1,theorem,1,0,Analysis_SpecialFunctions_Log_Basic,0,0,0,0,0,0,0,0
Real.log_intCast_nonneg,1,theorem,0,0,Analysis_SpecialFunctions_Log_Basic,0,0,0,0,0,0,0,0
Real.log_inv,1,theorem,1,0,Analysis_SpecialFunctions_Log_Basic,0,0,0,0,0,0,0,0
Real.log_inv._simp_1,1,theorem,0,0,Analysis_SpecialFunctions_Log_Basic,0,0,0,0,0,0,0,0
Real.log_le_iff_le_exp,1,theorem,1,0,Analysis_SpecialFunctions_Log_Basic,0,0,0,0,0,0,0,0
Real.log_le_log,1,theorem,0,0,Analysis_SpecialFunctions_Log_Basic,0,0,0,0,0,0,0,0
Real.log_le_log_iff,1,theorem,1,0,Analysis_SpecialFunctions_Log_Basic,0,0,0,0,0,0,0,0
Real.log_le_self,1,theorem,1,0,Analysis_SpecialFunctions_Log_Basic,0,0,0,0,0,0,0,0
Real.log_le_sub_one_of_pos,1,theorem,1,0,Analysis_SpecialFunctions_Log_Basic,0,0,0,0,0,0,0,0
Real.log_list_prod,1,theorem,1,0,Analysis_SpecialFunctions_Log_Basic,0,0,0,0,0,0,0,0
Real.log_lt_iff_lt_exp,1,theorem,1,0,Analysis_SpecialFunctions_Log_Basic,0,0,0,0,0,0,0,0
Real.log_lt_log,1,theorem,1,0,Analysis_SpecialFunctions_Log_Basic,0,0,0,0,0,0,0,0
Real.log_lt_log_iff,1,theorem,1,0,Analysis_SpecialFunctions_Log_Basic,0,0,0,0,0,0,0,0
Real.log_lt_sub_one_of_pos,1,theorem,0,0,Analysis_SpecialFunctions_Log_Basic,0,0,0,0,0,0,0,0
Real.log_mul,1,theorem,1,0,Analysis_SpecialFunctions_Log_Basic,0,0,0,0,0,0,0,0
Real.log_mul._simp_1,1,theorem,0,0,Analysis_SpecialFunctions_Log_Basic,0,0,0,0,0,0,0,0
Real.log_multiset_prod,1,theorem,0,0,Analysis_SpecialFunctions_Log_Basic,0,0,0,0,0,0,0,0
Real.log_natCast_nonneg,1,theorem,1,0,Analysis_SpecialFunctions_Log_Basic,0,0,0,0,0,0,0,0
Real.log_nat_eq_sum_factorization,1,theorem,0,0,Analysis_SpecialFunctions_Log_Basic,0,0,0,0,0,0,0,0
Real.log_ne_zero,1,theorem,0,0,Analysis_SpecialFunctions_Log_Basic,0,0,0,0,0,0,0,0
Real.log_ne_zero_of_pos_of_ne_one,1,theorem,0,0,Analysis_SpecialFunctions_Log_Basic,0,0,0,0,0,0,0,0
Real.log_neg,1,theorem,1,0,Analysis_SpecialFunctions_Log_Basic,0,0,0,0,0,0,0,0
Real.log_neg_eq_log,1,theorem,1,0,Analysis_SpecialFunctions_Log_Basic,0,0,0,0,0,0,0,0
Real.log_neg_iff,1,theorem,1,0,Analysis_SpecialFunctions_Log_Basic,0,0,0,0,0,0,0,0
Real.log_neg_natCast_nonneg,1,theorem,1,0,Analysis_SpecialFunctions_Log_Basic,0,0,0,0,0,0,0,0
Real.log_neg_of_lt_zero,1,theorem,1,0,Analysis_SpecialFunctions_Log_Basic,0,0,0,0,0,0,0,0
Real.log_nonneg,1,theorem,1,0,Analysis_SpecialFunctions_Log_Basic,0,0,0,0,0,0,0,0
Real.log_nonneg_iff,1,theorem,1,0,Analysis_SpecialFunctions_Log_Basic,0,0,0,0,0,0,0,0
Real.log_nonpos,1,theorem,0,0,Analysis_SpecialFunctions_Log_Basic,0,0,0,0,0,0,0,0
Real.log_nonpos_iff,1,theorem,1,0,Analysis_SpecialFunctions_Log_Basic,0,0,0,0,0,0,0,0
Real.log_of_ne_zero,1,theorem,1,0,Analysis_SpecialFunctions_Log_Basic,0,0,0,0,0,0,0,0
Real.log_of_pos,1,theorem,0,0,Analysis_SpecialFunctions_Log_Basic,0,0,0,0,0,0,0,0
Real.log_one,1,theorem,1,0,Analysis_SpecialFunctions_Log_Basic,0,0,0,0,0,0,0,0
Real.log_pos,1,theorem,1,0,Analysis_SpecialFunctions_Log_Basic,0,0,0,0,0,0,0,0
Real.log_pos_iff,1,theorem,1,0,Analysis_SpecialFunctions_Log_Basic,0,0,0,0,0,0,0,0
Real.log_pos_of_lt_neg_one,1,theorem,1,0,Analysis_SpecialFunctions_Log_Basic,0,0,0,0,0,0,0,0
Real.log_pow,1,theorem,1,0,Analysis_SpecialFunctions_Log_Basic,0,0,0,0,0,0,0,0
Real.log_pow._simp_1,1,theorem,1,1,Analysis_SpecialFunctions_Log_Basic,0,0,0,0,1,0,0,0
Real.log_prod,1,theorem,1,0,Analysis_SpecialFunctions_Log_Basic,0,0,0,0,0,0,0,0
Real.log_prod._simp_1,1,theorem,0,0,Analysis_SpecialFunctions_Log_Basic,0,0,0,0,0,0,0,0
Real.log_sqrt,1,theorem,1,0,Analysis_SpecialFunctions_Log_Basic,0,0,0,0,0,0,0,0
Real.log_sqrt._simp_1,1,theorem,0,0,Analysis_SpecialFunctions_Log_Basic,0,0,0,0,0,0,0,0
Real.log_surjective,1,theorem,1,0,Analysis_SpecialFunctions_Log_Basic,0,0,0,0,0,0,0,0
Real.log_zero,1,theorem,1,0,Analysis_SpecialFunctions_Log_Basic,0,0,0,0,0,0,0,0
Real.log_zpow,1,theorem,1,0,Analysis_SpecialFunctions_Log_Basic,0,0,0,0,0,0,0,0
Real.log_zpow._simp_1,1,theorem,0,0,Analysis_SpecialFunctions_Log_Basic,0,0,0,0,0,0,0,0
Real.lt_exp_of_log_lt,1,theorem,0,0,Analysis_SpecialFunctions_Log_Basic,0,0,0,0,0,0,0,0
Real.lt_log_iff_exp_lt,1,theorem,1,0,Analysis_SpecialFunctions_Log_Basic,0,0,0,0,0,0,0,0
Real.lt_log_one_add_of_pos,1,theorem,0,0,Analysis_SpecialFunctions_Log_Basic,0,0,0,0,0,0,0,0
Real.neg_inv_le_log,1,theorem,0,0,Analysis_SpecialFunctions_Log_Basic,0,0,0,0,0,0,0,0
Real.norm,0,def,1,1,Analysis_SpecialFunctions_Log_Basic,1,0,0,0,0,0,0,0
Real.normedAddCommGroup,0,def,1,1,Analysis_SpecialFunctions_Log_Basic,1,0,0,0,0,0,0,0
Real.normedCommRing,0,def,1,1,Analysis_SpecialFunctions_Log_Basic,1,0,0,0,0,0,0,0
Real.normedField,0,def,1,1,Analysis_SpecialFunctions_Log_Basic,1,0,0,0,0,0,0,0
Real.one_sub_inv_le_log_of_pos,1,theorem,0,0,Analysis_SpecialFunctions_Log_Basic,0,0,0,0,0,0,0,0
Real.partialOrder,0,def,1,1,Analysis_SpecialFunctions_Log_Basic,1,0,0,0,0,0,0,0
Real.pseudoMetricSpace,0,def,1,1,Analysis_SpecialFunctions_Log_Basic,1,0,0,0,0,0,0,0
Real.punctured_nhds_module_neBot,0,axiom,1,1,Analysis_SpecialFunctions_Log_Basic,1,0,0,0,0,0,0,0
Real.range_log,1,theorem,0,0,Analysis_SpecialFunctions_Log_Basic,0,0,0,0,0,0,0,0
Real.semiring,0,def,1,1,Analysis_SpecialFunctions_Log_Basic,1,0,0,0,0,0,0,0
Real.sinh,0,def,1,0,Analysis_SpecialFunctions_Log_Basic,0,0,0,0,0,0,0,0
Real.sinh_eq,0,axiom,1,0,Analysis_SpecialFunctions_Log_Basic,0,0,0,0,0,0,0,0
Real.sinh_log,1,theorem,0,0,Analysis_SpecialFunctions_Log_Basic,0,0,0,0,0,0,0,0
Real.sq_sqrt,0,axiom,1,0,Analysis_SpecialFunctions_Log_Basic,0,0,0,0,0,0,0,0
Real.sqrt,0,def,1,0,Analysis_SpecialFunctions_Log_Basic,0,0,0,0,0,0,0,0
Real.strictAntiOn_log,1,theorem,0,0,Analysis_SpecialFunctions_Log_Basic,0,0,0,0,0,0,0,0
Real.strictMonoOn_log,1,theorem,1,0,Analysis_SpecialFunctions_Log_Basic,0,0,0,0,0,0,0,0
Real.surjOn_log,1,theorem,0,0,Analysis_SpecialFunctions_Log_Basic,0,0,0,0,0,0,0,0
Real.surjOn_log',1,theorem,0,0,Analysis_SpecialFunctions_Log_Basic,0,0,0,0,0,0,0,0
Real.tendsto_comp_exp_atBot,0,axiom,1,0,Analysis_SpecialFunctions_Log_Basic,0,0,0,0,0,0,0,0
Real.tendsto_comp_exp_atTop,0,axiom,1,0,Analysis_SpecialFunctions_Log_Basic,0,0,0,0,0,0,0,0
Real.tendsto_div_pow_mul_exp_add_atTop,0,axiom,1,0,Analysis_SpecialFunctions_Log_Basic,0,0,0,0,0,0,0,0
Real.tendsto_log_atTop,1,theorem,1,0,Analysis_SpecialFunctions_Log_Basic,0,0,0,0,0,0,0,0
Real.tendsto_log_comp_add_sub_log,1,theorem,1,0,Analysis_SpecialFunctions_Log_Basic,0,0,0,0,0,0,0,0
Real.tendsto_log_nat_add_one_sub_log,1,theorem,0,0,Analysis_SpecialFunctions_Log_Basic,0,0,0,0,0,0,0,0
Real.tendsto_log_nhdsGT_zero,1,theorem,1,0,Analysis_SpecialFunctions_Log_Basic,0,0,0,0,0,0,0,0
Real.tendsto_log_nhdsLT_zero,1,theorem,0,0,Analysis_SpecialFunctions_Log_Basic,0,0,0,0,0,0,0,0
Real.tendsto_log_nhdsNE_zero,1,theorem,1,0,Analysis_SpecialFunctions_Log_Basic,0,0,0,0,0,0,0,0
Real.tendsto_pow_log_div_mul_add_atTop,1,theorem,1,0,Analysis_SpecialFunctions_Log_Basic,0,0,0,0,0,0,0,0
Real.two_mul_le_exp,1,theorem,0,0,Analysis_SpecialFunctions_Log_Basic,0,0,0,0,0,0,0,0
Right.add_pos_of_nonneg_of_pos,0,axiom,1,0,Analysis_SpecialFunctions_Log_Basic,0,0,0,0,0,0,0,0
RightCancelMonoid.toRightCancelSemigroup,0,def,1,1,Algebra_Group_Basic,1,0,0,0,0,0,0,0
RightCancelSemigroup.toIsRightCancelMul,0,axiom,1,1,Algebra_Group_Basic,1,0,1,0,0,0,0,0
Ring,0,inductive,1,0,Analysis_SpecialFunctions_Log_Basic,0,0,0,0,0,0,0,0
Ring.toAddCommGroup,0,def,1,1,Analysis_SpecialFunctions_Log_Basic,1,0,0,0,0,0,0,0
Ring.toAddGroupWithOne,0,def,1,1,Analysis_SpecialFunctions_Log_Basic,1,0,0,0,0,0,0,0
Ring.toSemiring,0,def,1,1,Analysis_SpecialFunctions_Log_Basic,1,0,1,0,0,0,0,0
SDiff.sdiff,0,def,1,1,Topology_Basic,0,0,1,0,0,0,0,0
SMul,0,inductive,1,0,Algebra_Group_Basic,0,0,0,0,0,0,0,0
SMul.mk,0,constructor,1,0,Algebra_Group_Basic,0,0,0,0,0,0,0,0
Semifield.toCommGroupWithZero,0,def,1,1,Analysis_SpecialFunctions_Log_Basic,1,0,0,0,0,0,0,0
Semifield.toDivisionSemiring,0,def,1,1,Analysis_SpecialFunctions_Log_Basic,1,0,0,0,0,0,0,0
Semigroup,0,inductive,1,0,Algebra_Group_Basic,0,0,0,0,0,0,0,0
Semigroup.toMul,0,def,1,1,Algebra_Group_Basic|Data_Nat_GCD_Basic,1,0,1,0,0,0,0,0
Semigroup.to_isAssociative,1,theorem,1,1,Algebra_Group_Basic,1,0,0,0,0,0,0,0
Semigroup.to_isLawfulIdentity,1,theorem,0,0,Algebra_Group_Basic,0,0,0,0,0,0,0,0
SemigroupWithZero.toMulZeroClass,0,def,1,1,Data_Nat_GCD_Basic,1,0,0,0,0,0,0,0
SemilatticeInf,1,inductive,1,0,Order_Lattice,0,0,0,0,0,0,0,0
SemilatticeInf.casesOn,1,def,1,1,Order_Lattice,0,0,0,1,0,0,0,0
SemilatticeInf.ctorIdx,1,def,0,0,Order_Lattice,0,0,0,0,0,0,0,0
SemilatticeInf.dual_dual,1,theorem,0,0,Order_Lattice,0,0,0,0,0,0,0,0
SemilatticeInf.ext,1,theorem,1,0,Order_Lattice,0,0,0,0,0,0,0,0
SemilatticeInf.ext_inf,1,theorem,1,0,Order_Lattice,0,0,0,0,0,0,0,0
SemilatticeInf.inf,1,def,1,1,Order_Lattice,0,0,1,0,0,0,0,0
SemilatticeInf.inf_le_left,1,theorem,1,1,Order_Lattice,0,0,1,0,0,0,0,0
SemilatticeInf.inf_le_right,1,theorem,1,1,Order_Lattice,0,0,1,0,0,0,0,0
SemilatticeInf.le_inf,1,theorem,1,1,Order_Lattice,0,0,1,0,0,0,0,0
SemilatticeInf.lt._inherited_default,1,def,0,0,Order_Lattice,0,0,0,0,0,0,0,0
SemilatticeInf.mk,1,constructor,1,0,Order_Lattice,0,0,0,0,0,0,0,0
SemilatticeInf.mk',1,def,1,0,Order_Lattice,0,0,0,0,0,0,0,0
SemilatticeInf.mk'._proof_1,1,theorem,1,1,Order_Lattice,0,0,0,0,1,0,0,0
SemilatticeInf.mk'._proof_2,1,theorem,1,1,Order_Lattice,0,0,0,0,1,0,0,0
SemilatticeInf.mk'._proof_3,1,theorem,1,1,Order_Lattice,0,0,0,0,1,0,0,0
SemilatticeInf.mk'._proof_4,1,theorem,1,1,Order_Lattice,0,0,0,0,1,0,0,0
SemilatticeInf.mk'._proof_5,1,theorem,1,1,Order_Lattice,0,0,0,0,1,0,0,0
SemilatticeInf.mk'._proof_6,1,theorem,1,1,Order_Lattice,0,0,0,0,1,0,0,0
SemilatticeInf.mk._flat_ctor,1,def,0,0,Order_Lattice,0,0,0,0,0,0,0,0
SemilatticeInf.mk.noConfusion,1,def,1,1,Order_Lattice,0,0,0,1,0,0,0,0
SemilatticeInf.noConfusion,1,def,1,1,Order_Lattice,0,0,0,1,0,0,0,0
SemilatticeInf.noConfusionType,1,def,1,1,Order_Lattice,0,0,0,1,0,0,0,0
SemilatticeInf.rec,1,recursor,1,1,Order_Lattice,0,1,0,1,0,0,0,0
SemilatticeInf.recOn,1,def,0,0,Order_Lattice,0,0,0,0,0,0,0,0
SemilatticeInf.toMin,1,def,1,1,Analysis_SpecialFunctions_Log_Basic|Order_Lattice,1,0,0,0,0,0,0,0
SemilatticeInf.toMin.eq_1,1,theorem,0,0,Order_Lattice,0,0,0,0,0,0,0,0
SemilatticeInf.toPartialOrder,1,def,1,1,Analysis_SpecialFunctions_Log_Basic|Order_Lattice,1,0,1,0,0,0,0,0
SemilatticeSup,1,inductive,1,0,Order_Lattice,0,0,0,0,0,0,0,0
SemilatticeSup.casesOn,1,def,1,1,Order_Lattice,0,0,0,1,0,0,0,0
SemilatticeSup.ctorIdx,1,def,0,0,Order_Lattice,0,0,0,0,0,0,0,0
SemilatticeSup.dual_dual,1,theorem,0,0,Order_Lattice,0,0,0,0,0,0,0,0
SemilatticeSup.ext,1,theorem,1,0,Order_Lattice,0,0,0,0,0,0,0,0
SemilatticeSup.ext_sup,1,theorem,1,0,Order_Lattice,0,0,0,0,0,0,0,0
SemilatticeSup.le_sup_left,1,theorem,1,1,Order_Lattice,0,0,1,0,0,0,0,0
SemilatticeSup.le_sup_right,1,theorem,1,1,Order_Lattice,0,0,1,0,0,0,0,0
SemilatticeSup.lt._inherited_default,1,def,0,0,Order_Lattice,0,0,0,0,0,0,0,0
SemilatticeSup.mk,1,constructor,1,0,Order_Lattice,0,0,0,0,0,0,0,0
SemilatticeSup.mk',1,def,1,0,Order_Lattice,0,0,0,0,0,0,0,0
SemilatticeSup.mk'._proof_1,1,theorem,1,1,Order_Lattice,0,0,0,0,1,0,0,0
SemilatticeSup.mk'._proof_2,1,theorem,1,1,Order_Lattice,0,0,0,0,1,0,0,0
SemilatticeSup.mk'._proof_3,1,theorem,1,1,Order_Lattice,0,0,0,0,1,0,0,0
SemilatticeSup.mk'._proof_4,1,theorem,1,1,Order_Lattice,0,0,0,0,1,0,0,0
SemilatticeSup.mk'._proof_5,1,theorem,1,1,Order_Lattice,0,0,0,0,1,0,0,0
SemilatticeSup.mk'._proof_6,1,theorem,1,1,Order_Lattice,0,0,0,0,1,0,0,0
SemilatticeSup.mk._flat_ctor,1,def,0,0,Order_Lattice,0,0,0,0,0,0,0,0
SemilatticeSup.mk.noConfusion,1,def,0,0,Order_Lattice,0,0,0,0,0,0,0,0
SemilatticeSup.noConfusion,1,def,1,1,Order_Lattice,0,0,0,1,0,0,0,0
SemilatticeSup.noConfusionType,1,def,1,1,Order_Lattice,0,0,0,1,0,0,0,0
SemilatticeSup.rec,1,recursor,1,1,Order_Lattice,0,1,0,1,0,0,0,0
SemilatticeSup.recOn,1,def,0,0,Order_Lattice,0,0,0,0,0,0,0,0
SemilatticeSup.sup,1,def,1,1,Order_Lattice,0,0,1,0,0,0,0,0
SemilatticeSup.sup_le,1,theorem,1,1,Order_Lattice,0,0,1,0,0,0,0,0
SemilatticeSup.toMax,1,def,1,1,Analysis_SpecialFunctions_Log_Basic|Order_Lattice,1,0,0,0,0,0,0,0
SemilatticeSup.toMax.eq_1,1,theorem,0,0,Order_Lattice,0,0,0,0,0,0,0,0
SemilatticeSup.toPartialOrder,1,def,1,1,Order_Lattice,1,0,1,0,0,0,0,0
SeminormedAddCommGroup.toSeminormedAddGroup,0,def,1,1,Analysis_SpecialFunctions_Log_Basic,1,0,0,0,0,0,0,0
SeminormedAddGroup.toNorm,0,def,1,1,Analysis_SpecialFunctions_Log_Basic,1,0,1,0,0,0,0,0
SeminormedAddGroup.toPseudoMetricSpace,0,def,1,1,Analysis_SpecialFunctions_Log_Basic,1,0,1,0,0,0,0,0
SeminormedCommRing.toNonUnitalSeminormedCommRing,0,def,1,1,Analysis_SpecialFunctions_Log_Basic,1,0,0,0,0,0,0,0
SeminormedRing.toPseudoMetricSpace,0,def,1,1,Analysis_SpecialFunctions_Log_Basic,1,0,1,0,0,0,0,0
Semiring,0,inductive,1,0,Analysis_SpecialFunctions_Log_Basic,0,0,0,0,0,0,0,0
Semiring.toModule,0,def,1,1,Analysis_SpecialFunctions_Log_Basic,1,0,0,0,0,0,0,0
Semiring.toMonoid,0,def,1,1,Analysis_SpecialFunctions_Log_Basic,1,0,1,0,0,0,0,0
Semiring.toNonAssocSemiring,0,def,1,1,Analysis_SpecialFunctions_Log_Basic,1,0,0,0,0,0,0,0
Set,0,def,1,0,Analysis_SpecialFunctions_Log_Basic|Logic_Function_Basic|Order_Lattice|Topology_Basic,0,0,0,0,0,0,0,0
Set.Elem,0,def,1,0,Analysis_SpecialFunctions_Log_Basic,0,0,0,0,0,0,0,0
Set.Finite,0,def,1,0,Analysis_SpecialFunctions_Log_Basic|Topology_Basic,0,0,0,0,0,0,0,0
Set.Finite.image,0,axiom,1,0,Topology_Basic,0,0,0,0,0,0,0,0
Set.Finite.induction_on,0,axiom,1,0,Topology_Basic,0,0,0,0,0,0,0,0
Set.Finite.isClosed_biUnion,1,theorem,1,0,Topology_Basic,0,0,0,0,0,0,0,0
Set.Finite.isOpen_biInter,1,theorem,1,0,Topology_Basic,0,0,0,0,0,0,0,0
Set.Finite.isOpen_sInter,1,theorem,1,0,Topology_Basic,0,0,0,0,0,0,0,0
Set.Finite.toFinset,0,def,1,0,Analysis_SpecialFunctions_Log_Basic,0,0,0,0,0,0,0,0
Set.Finite.toFinset.congr_simp,0,axiom,1,0,Analysis_SpecialFunctions_Log_Basic,0,0,0,0,0,0,0,0
Set.Icc,0,def,1,0,Analysis_SpecialFunctions_Log_Basic,0,0,0,0,0,0,0,0
Set.Ici,0,def,1,0,Analysis_SpecialFunctions_Log_Basic,0,0,0,0,0,0,0,0
Set.Ico,0,def,1,0,Analysis_SpecialFunctions_Log_Basic,0,0,0,0,0,0,0,0
Set.Iic,0,def,1,0,Analysis_SpecialFunctions_Log_Basic,0,0,0,0,0,0,0,0
Set.Iio,0,def,1,0,Analysis_SpecialFunctions_Log_Basic,0,0,0,0,0,0,0,0
Set.InjOn,0,def,1,0,Analysis_SpecialFunctions_Log_Basic,0,0,0,0,0,0,0,0
Set.InjOn.ne_iff,0,axiom,1,0,Analysis_SpecialFunctions_Log_Basic,0,0,0,0,0,0,0,0
Set.Ioc,0,def,1,0,Analysis_SpecialFunctions_Log_Basic,0,0,0,0,0,0,0,0
Set.Ioi,0,def,1,0,Analysis_SpecialFunctions_Log_Basic,0,0,0,0,0,0,0,0
Set.Ioo,0,def,1,0,Analysis_SpecialFunctions_Log_Basic,0,0,0,0,0,0,0,0
Set.SeparatesPoints,1,def,1,0,Logic_Function_Basic,0,0,0,0,0,0,0,0
Set.SurjOn,0,def,1,0,Analysis_SpecialFunctions_Log_Basic,0,0,0,0,0,0,0,0
Set.compl_iUnion,0,axiom,1,0,Topology_Basic,0,0,0,0,0,0,0,0
Set.compl_inter,0,axiom,1,0,Topology_Basic,0,0,0,0,0,0,0,0
Set.compl_sInter,0,axiom,1,0,Topology_Basic,0,0,0,0,0,0,0,0
Set.compl_sUnion,0,axiom,1,0,Topology_Basic,0,0,0,0,0,0,0,0
Set.compl_union,0,axiom,1,0,Topology_Basic,0,0,0,0,0,0,0,0
Set.compl_univ,0,axiom,1,0,Topology_Basic,0,0,0,0,0,0,0,0
Set.domRestrict,0,def,1,0,Analysis_SpecialFunctions_Log_Basic,0,0,0,0,0,0,0,0
Set.ext,0,axiom,1,0,Analysis_SpecialFunctions_Log_Basic|Logic_Function_Basic,0,0,0,0,0,0,0,0
Set.finite_range,0,axiom,1,0,Topology_Basic,0,0,0,0,0,0,0,0
Set.forall_mem_image,0,axiom,1,0,Topology_Basic,0,0,0,0,0,0,0,0
Set.forall_mem_insert,0,axiom,1,0,Topology_Basic,0,0,0,0,0,0,0,0
Set.forall_mem_range,0,axiom,1,0,Topology_Basic,0,0,0,0,0,0,0,0
Set.iInter,0,def,1,0,Topology_Basic,0,0,0,0,0,0,0,0
Set.iUnion,0,def,1,0,Topology_Basic,0,0,0,0,0,0,0,0
Set.iUnion_inter,0,axiom,1,0,Topology_Basic,0,0,0,0,0,0,0,0
Set.image,0,def,1,0,Analysis_SpecialFunctions_Log_Basic|Topology_Basic,0,0,0,0,0,0,0,0
Set.image_comp,0,axiom,1,0,Analysis_SpecialFunctions_Log_Basic,0,0,0,0,0,0,0,0
Set.image_id,0,axiom,1,0,Analysis_SpecialFunctions_Log_Basic,0,0,0,0,0,0,0,0
Set.instBooleanAlgebra,0,def,1,1,Topology_Basic,1,0,0,0,0,0,0,0
Set.instCompl,0,def,1,1,Analysis_SpecialFunctions_Log_Basic|Topology_Basic,1,0,0,0,0,0,0,0
Set.instEmptyCollection,0,def,1,1,Topology_Basic,1,0,0,0,0,0,0,0
Set.instInsert,0,def,1,1,Topology_Basic,1,0,0,0,0,0,0,0
Set.instInter,0,def,1,1,Topology_Basic,1,0,0,0,0,0,0,0
Set.instLE,0,def,1,1,Logic_Function_Basic|Topology_Basic,1,0,0,0,0,0,0,0
Set.instMembership,0,def,1,1,Analysis_SpecialFunctions_Log_Basic|Logic_Function_Basic|Order_Lattice|Topology_Basic,1,0,0,0,0,0,0,0
Set.instSDiff,0,def,1,1,Topology_Basic,1,0,0,0,0,0,0,0
Set.instSingletonSet,0,def,1,1,Analysis_SpecialFunctions_Log_Basic,1,0,0,0,0,0,0,0
Set.instUnion,0,def,1,1,Topology_Basic,1,0,0,0,0,0,0,0
Set.inter_comm,0,axiom,1,0,Topology_Basic,0,0,0,0,0,0,0,0
Set.inter_univ,0,axiom,1,0,Topology_Basic,0,0,0,0,0,0,0,0
Set.mem_Ioi,0,axiom,1,0,Analysis_SpecialFunctions_Log_Basic,0,0,0,0,0,0,0,0
Set.mem_univ,0,axiom,1,0,Analysis_SpecialFunctions_Log_Basic,0,0,0,0,0,0,0,0
Set.ofPred,0,def,1,0,Analysis_SpecialFunctions_Log_Basic|Logic_Function_Basic|Topology_Basic,0,0,0,0,0,0,0,0
Set.ordConnected_Ioi,0,axiom,1,1,Analysis_SpecialFunctions_Log_Basic,1,0,0,0,0,0,0,0
Set.piecewise,1,def,0,0,Logic_Function_Basic,0,0,0,0,0,0,0,0
Set.range,0,def,1,0,Analysis_SpecialFunctions_Log_Basic|Topology_Basic,0,0,0,0,0,0,0,0
Set.sInter,0,def,1,0,Topology_Basic,0,0,0,0,0,0,0,0
Set.sInter_empty,0,axiom,1,0,Topology_Basic,0,0,0,0,0,0,0,0
Set.sInter_image,0,axiom,1,0,Topology_Basic,0,0,0,0,0,0,0,0
Set.sInter_insert,0,axiom,1,0,Topology_Basic,0,0,0,0,0,0,0,0
Set.sUnion,0,def,1,0,Topology_Basic,0,0,0,0,0,0,0,0
Set.sUnion_empty,0,axiom,1,0,Topology_Basic,0,0,0,0,0,0,0,0
Set.sUnion_image,0,axiom,1,0,Topology_Basic,0,0,0,0,0,0,0,0
Set.separatesPoints_mono,1,theorem,0,0,Logic_Function_Basic,0,0,0,0,0,0,0,0
Set.uIcc,0,def,1,0,Analysis_SpecialFunctions_Log_Basic,0,0,0,0,0,0,0,0
Set.union_eq_iUnion,0,axiom,1,0,Topology_Basic,0,0,0,0,0,0,0,0
Set.univ,0,def,1,0,Analysis_SpecialFunctions_Log_Basic|Topology_Basic,0,0,0,0,0,0,0,0
Set.univ_inter,0,axiom,1,0,Topology_Basic,0,0,0,0,0,0,0,0
SetLike.coe,0,def,1,1,Topology_Basic,0,0,1,0,0,0,0,0
SetLike.instMembership,0,def,1,1,Analysis_SpecialFunctions_Log_Basic|Topology_Basic,1,0,0,0,0,0,0,0
Sigma,0,inductive,1,0,Logic_Function_Basic,0,0,0,0,0,0,0,0
Sigma.fst,0,def,1,1,Logic_Function_Basic,0,0,1,0,0,0,0,0
Sigma.mk,0,constructor,1,0,Logic_Function_Basic,0,0,0,0,0,0,0,0
Sigma.snd,0,def,1,1,Logic_Function_Basic,0,0,1,0,0,0,0,0
Singleton.singleton,0,def,1,1,Analysis_SpecialFunctions_Log_Basic,0,0,1,0,0,0,0,0
StarOrderedRing.toExistsAddOfLE,0,axiom,1,1,Analysis_SpecialFunctions_Log_Basic,1,0,0,0,0,0,0,0
StateRefT',0,def,1,0,Analysis_SpecialFunctions_Log_Basic,0,0,0,0,0,0,0,0
StateRefT'.instMonad,0,def,1,1,Analysis_SpecialFunctions_Log_Basic,1,0,0,0,0,0,0,0
StateRefT'.instMonadExceptOf,0,def,1,1,Analysis_SpecialFunctions_Log_Basic,1,0,0,0,0,0,0,0
StateRefT'.instMonadFunctor,0,def,1,1,Analysis_SpecialFunctions_Log_Basic,1,0,0,0,0,0,0,0
StateRefT'.instMonadLift,0,def,1,1,Analysis_SpecialFunctions_Log_Basic,1,0,0,0,0,0,0,0
Std.Antisymm,0,inductive,1,0,Logic_Function_Basic,0,0,0,0,0,0,0,0
Std.Antisymm.mk,0,constructor,1,0,Logic_Function_Basic,0,0,0,0,0,0,0,0
Std.Associative,0,inductive,1,0,Algebra_Group_Basic|Order_Lattice,0,0,0,0,0,0,0,0
Std.Associative.mk,0,constructor,1,0,Algebra_Group_Basic|Order_Lattice,0,0,0,0,0,0,0,0
Std.Asymm,0,inductive,1,0,Logic_Function_Basic,0,0,0,0,0,0,0,0
Std.Asymm.mk,0,constructor,1,0,Logic_Function_Basic,0,0,0,0,0,0,0,0
Std.Commutative,0,inductive,1,0,Order_Lattice,0,0,0,0,0,0,0,0
Std.Commutative.mk,0,constructor,1,0,Order_Lattice,0,0,0,0,0,0,0,0
Std.IdempotentOp,0,inductive,1,0,Order_Lattice,0,0,0,0,0,0,0,0
Std.IdempotentOp.mk,0,constructor,1,0,Order_Lattice,0,0,0,0,0,0,0,0
Std.Identity.mk,0,constructor,1,0,Algebra_Group_Basic,0,0,0,0,0,0,0,0
Std.Irrefl,0,inductive,1,0,Logic_Function_Basic,0,0,0,0,0,0,0,0
Std.Irrefl.mk,0,constructor,1,0,Logic_Function_Basic,0,0,0,0,0,0,0,0
Std.IsLinearOrder.toIsLinearPreorder,0,axiom,1,1,Order_Lattice,1,0,0,0,0,0,0,0
Std.LawfulIdentity,0,inductive,1,0,Algebra_Group_Basic,0,0,0,0,0,0,0,0
Std.LawfulIdentity.mk,0,constructor,1,0,Algebra_Group_Basic,0,0,0,0,0,0,0,0
Std.LawfulLeftIdentity.mk,0,constructor,1,0,Algebra_Group_Basic,0,0,0,0,0,0,0,0
Std.LawfulRightIdentity.mk,0,constructor,1,0,Algebra_Group_Basic,0,0,0,0,0,0,0,0
Std.LeftIdentity.mk,0,constructor,1,0,Algebra_Group_Basic,0,0,0,0,0,0,0,0
Std.Refl,0,inductive,1,0,Logic_Function_Basic,0,0,0,0,0,0,0,0
Std.Refl.mk,0,constructor,1,0,Logic_Function_Basic,0,0,0,0,0,0,0,0
Std.RightIdentity.mk,0,constructor,1,0,Algebra_Group_Basic,0,0,0,0,0,0,0,0
Std.Symm,0,inductive,1,0,Algebra_Group_Basic|Data_Nat_GCD_Basic|Logic_Function_Basic|Order_Lattice,0,0,0,0,0,0,0,0
Std.Symm.forall_existsUnique_iff,1,theorem,1,0,Logic_Function_Basic,0,0,0,0,0,0,0,0
Std.Symm.forall_existsUnique_iff',1,theorem,1,0,Logic_Function_Basic,0,0,0,0,0,0,0,0
Std.Symm.mk,0,constructor,1,0,Algebra_Group_Basic|Data_Nat_GCD_Basic|Logic_Function_Basic,0,0,0,0,0,0,0,0
Std.Total,0,inductive,1,0,Algebra_Group_Basic|Logic_Function_Basic|Order_Lattice,0,0,0,0,0,0,0,0
Std.Total.mk,0,constructor,1,0,Logic_Function_Basic,0,0,0,0,0,0,0,0
Std.Total.total,0,axiom,1,1,Order_Lattice,0,0,1,0,0,0,0,0
Std.Trichotomous,0,inductive,1,0,Logic_Function_Basic,0,0,0,0,0,0,0,0
Std.Trichotomous.mk,0,constructor,1,0,Logic_Function_Basic,0,0,0,0,0,0,0,0
Std.Trichotomous.trichotomous,0,axiom,1,1,Logic_Function_Basic,0,0,1,0,0,0,0,0
Std.ge_refl,0,axiom,1,0,Order_Lattice,0,0,0,0,0,0,0,0
Std.le_refl._simp_1,0,theorem,1,1,Analysis_SpecialFunctions_Log_Basic|Order_Lattice,0,0,0,0,1,0,0,0
StrictAntiOn,0,def,1,0,Analysis_SpecialFunctions_Log_Basic,0,0,0,0,0,0,0,0
StrictMonoOn,0,def,1,0,Analysis_SpecialFunctions_Log_Basic,0,0,0,0,0,0,0,0
StrictMonoOn.injOn,0,axiom,1,0,Analysis_SpecialFunctions_Log_Basic,0,0,0,0,0,0,0,0
StrictMonoOn.mono,0,axiom,1,0,Analysis_SpecialFunctions_Log_Basic,0,0,0,0,0,0,0,0
StrictMonoOn.monotoneOn,0,axiom,1,0,Analysis_SpecialFunctions_Log_Basic,0,0,0,0,0,0,0,0
String,0,inductive,1,0,Analysis_SpecialFunctions_Log_Basic|Logic_Function_Basic,0,0,0,0,0,0,0,0
String.toRawSubstring',0,def,1,0,Logic_Function_Basic,0,0,0,0,0,0,0,0
SubNegMonoid,0,inductive,1,0,Algebra_Group_Basic,0,0,0,0,0,0,0,0
SubNegMonoid.sub_eq_add_neg,0,axiom,1,1,Algebra_Group_Basic,0,0,1,0,0,0,0,0
SubNegMonoid.toAddMonoid,0,def,1,1,Algebra_Group_Basic|Analysis_SpecialFunctions_Log_Basic,1,0,1,0,0,0,0,0
SubNegMonoid.toNeg,0,def,1,1,Algebra_Group_Basic|Analysis_SpecialFunctions_Log_Basic,1,0,1,0,0,0,0,0
SubNegMonoid.toSub,0,def,1,1,Algebra_Group_Basic|Analysis_SpecialFunctions_Log_Basic,1,0,1,0,0,0,0,0
SubNegMonoid.toZSMul,0,def,1,1,Algebra_Group_Basic,1,0,1,0,0,0,0,0
SubNegMonoid.zsmul_neg',0,axiom,1,1,Algebra_Group_Basic,0,0,1,0,0,0,0,0
SubNegMonoid.zsmul_zero',0,axiom,1,1,Algebra_Group_Basic,0,0,1,0,0,0,0,0
SubNegZeroMonoid,0,inductive,1,0,Algebra_Group_Basic,0,0,0,0,0,0,0,0
SubNegZeroMonoid.mk,0,constructor,1,0,Algebra_Group_Basic,0,0,0,0,0,0,0,0
SubNegZeroMonoid.toNegZeroClass,0,def,1,1,Algebra_Group_Basic|Analysis_SpecialFunctions_Log_Basic,1,0,0,0,0,0,0,0
SubNegZeroMonoid.toSubNegMonoid,0,def,1,1,Algebra_Group_Basic,1,0,1,0,0,0,0,0
Subsingleton,0,inductive,1,0,Logic_Function_Basic,0,0,0,0,0,0,0,0
Subsingleton.elim,0,axiom,1,0,Logic_Function_Basic,0,0,0,0,0,0,0,0
Subsingleton.intro,0,constructor,1,0,Logic_Function_Basic,0,0,0,0,0,0,0,0
SubtractionCommMonoid,0,inductive,1,0,Algebra_Group_Basic,0,0,0,0,0,0,0,0
SubtractionCommMonoid.toAddCommMonoid,0,def,1,1,Algebra_Group_Basic,1,0,0,0,0,0,0,0
SubtractionCommMonoid.toSubtractionMonoid,0,def,1,1,Algebra_Group_Basic|Analysis_SpecialFunctions_Log_Basic,1,0,1,0,0,0,0,0
SubtractionMonoid,0,inductive,1,0,Algebra_Group_Basic,0,0,0,0,0,0,0,0
SubtractionMonoid.toInvolutiveNeg,0,def,1,1,Algebra_Group_Basic,1,0,0,0,0,0,0,0
SubtractionMonoid.toSubNegMonoid,0,def,1,1,Algebra_Group_Basic,1,0,1,0,0,0,0,0
SubtractionMonoid.toSubNegZeroMonoid,1,def,1,1,Algebra_Group_Basic|Analysis_SpecialFunctions_Log_Basic,1,0,0,0,0,0,0,0
SubtractionMonoid.toSubNegZeroMonoid._proof_1,1,theorem,1,1,Algebra_Group_Basic,0,0,0,0,1,0,0,0
SubtractionMonoid.toSubNegZeroMonoid.eq_1,1,theorem,0,0,Algebra_Group_Basic,0,0,0,0,0,0,0,0
Subtype,0,inductive,1,0,Analysis_SpecialFunctions_Log_Basic|Logic_Function_Basic|Order_Lattice|Topology_Basic,0,0,0,0,0,0,0,0
Subtype.coe_inf,1,theorem,1,0,Order_Lattice,0,0,0,0,0,0,0,0
Subtype.coe_inf._simp_1,1,theorem,0,0,Order_Lattice,0,0,0,0,0,0,0,0
Subtype.coe_injective,0,axiom,1,0,Order_Lattice,0,0,0,0,0,0,0,0
Subtype.coe_le_coe,0,axiom,1,0,Order_Lattice,0,0,0,0,0,0,0,0
Subtype.coe_lt_coe,0,axiom,1,0,Order_Lattice,0,0,0,0,0,0,0,0
Subtype.coe_mk,0,axiom,1,0,Analysis_SpecialFunctions_Log_Basic,0,0,0,0,0,0,0,0
Subtype.coe_sup,1,theorem,1,0,Order_Lattice,0,0,0,0,0,0,0,0
Subtype.coe_sup._simp_1,1,theorem,0,0,Order_Lattice,0,0,0,0,0,0,0,0
Subtype.distribLattice,1,def,0,0,Order_Lattice,0,0,0,0,0,0,0,0
Subtype.distribLattice._proof_1,1,theorem,1,1,Order_Lattice,0,0,0,0,1,0,0,0
Subtype.distribLattice._proof_2,1,theorem,1,1,Order_Lattice,0,0,0,0,1,0,0,0
Subtype.distribLattice._proof_3,1,theorem,1,1,Order_Lattice,0,0,0,0,1,0,0,0
Subtype.distribLattice._proof_4,1,theorem,1,1,Order_Lattice,0,0,0,0,1,0,0,0
Subtype.instLE,0,def,1,1,Analysis_SpecialFunctions_Log_Basic|Order_Lattice,1,0,0,0,0,0,0,0
Subtype.instLT,0,def,1,1,Order_Lattice,1,0,0,0,0,0,0,0
Subtype.lattice,1,def,0,0,Order_Lattice,0,0,0,0,0,0,0,0
Subtype.lattice._proof_1,1,theorem,1,1,Order_Lattice,0,0,0,0,1,0,0,0
Subtype.lattice._proof_2,1,theorem,1,1,Order_Lattice,0,0,0,0,1,0,0,0
Subtype.lattice._proof_3,1,theorem,1,1,Order_Lattice,0,0,0,0,1,0,0,0
Subtype.lattice._proof_4,1,theorem,1,1,Order_Lattice,0,0,0,0,1,0,0,0
Subtype.lattice._proof_5,1,theorem,1,1,Order_Lattice,0,0,0,0,1,0,0,0
Subtype.lattice._proof_6,1,theorem,1,1,Order_Lattice,0,0,0,0,1,0,0,0
Subtype.mk,0,constructor,1,0,Analysis_SpecialFunctions_Log_Basic|Logic_Function_Basic|Order_Lattice|Topology_Basic,0,0,0,0,0,0,0,0
Subtype.mk.hcongr_4,1,theorem,1,0,Logic_Function_Basic,0,0,0,0,0,0,0,0
Subtype.mk.inj,0,axiom,1,0,Logic_Function_Basic,0,0,0,0,0,0,0,0
Subtype.mk_inf_mk,1,theorem,0,0,Order_Lattice,0,0,0,0,0,0,0,0
Subtype.mk_sup_mk,1,theorem,0,0,Order_Lattice,0,0,0,0,0,0,0,0
Subtype.partialOrder,0,def,1,1,Order_Lattice,1,0,0,0,0,0,0,0
Subtype.preorder,0,def,1,1,Analysis_SpecialFunctions_Log_Basic,1,0,0,0,0,0,0,0
Subtype.property,0,axiom,1,1,Analysis_SpecialFunctions_Log_Basic|Logic_Function_Basic|Order_Lattice,0,0,1,0,0,0,0,0
Subtype.semilatticeInf,1,def,1,0,Order_Lattice,0,0,0,0,0,0,0,0
Subtype.semilatticeInf._proof_1,1,theorem,1,1,Order_Lattice,0,0,0,0,1,0,0,0
Subtype.semilatticeInf._proof_2,1,theorem,1,1,Order_Lattice,0,0,0,0,1,0,0,0
Subtype.semilatticeInf._proof_3,1,theorem,1,1,Order_Lattice,0,0,0,0,1,0,0,0
Subtype.semilatticeInf._proof_4,1,theorem,1,1,Order_Lattice,0,0,0,0,1,0,0,0
Subtype.semilatticeInf.eq_1,1,theorem,0,0,Order_Lattice,0,0,0,0,0,0,0,0
Subtype.semilatticeSup,1,def,1,0,Order_Lattice,0,0,0,0,0,0,0,0
Subtype.semilatticeSup._proof_1,1,theorem,1,1,Order_Lattice,0,0,0,0,1,0,0,0
Subtype.semilatticeSup._proof_2,1,theorem,1,1,Order_Lattice,0,0,0,0,1,0,0,0
Subtype.semilatticeSup._proof_3,1,theorem,1,1,Order_Lattice,0,0,0,0,1,0,0,0
Subtype.semilatticeSup._proof_4,1,theorem,1,1,Order_Lattice,0,0,0,0,1,0,0,0
Subtype.semilatticeSup.eq_1,1,theorem,0,0,Order_Lattice,0,0,0,0,0,0,0,0
Subtype.val,0,def,1,1,Analysis_SpecialFunctions_Log_Basic|Logic_Function_Basic|Order_Lattice|Topology_Basic,0,0,1,0,0,0,0,0
Symmetric.forall_existsUnique_iff,1,theorem,0,0,Logic_Function_Basic,0,0,0,0,0,0,0,0
Symmetric.forall_existsUnique_iff',1,theorem,0,0,Logic_Function_Basic,0,0,0,0,0,0,0,0
T5Space.toT1Space,0,axiom,1,1,Analysis_SpecialFunctions_Log_Basic,1,0,1,0,0,0,0,0
TopologicalSpace,0,inductive,1,0,Analysis_SpecialFunctions_Log_Basic|Topology_Basic,0,0,0,0,0,0,0,0
TopologicalSpace.IsOpen,0,def,1,1,Topology_Basic,0,0,1,0,0,0,0,0
TopologicalSpace.casesOn,0,def,1,1,Topology_Basic,0,0,0,1,0,0,0,0
TopologicalSpace.ext,1,theorem,1,0,Topology_Basic,0,0,0,0,0,0,0,0
TopologicalSpace.ext_iff,1,theorem,1,0,Topology_Basic,0,0,0,0,0,0,0,0
TopologicalSpace.ext_iff_isClosed,1,theorem,1,0,Topology_Basic,0,0,0,0,0,0,0,0
TopologicalSpace.ext_isClosed,1,theorem,0,0,Topology_Basic,0,0,0,0,0,0,0,0
TopologicalSpace.mk,0,constructor,1,0,Topology_Basic,0,0,0,0,0,0,0,0
TopologicalSpace.ofClosed,1,def,0,0,Topology_Basic,0,0,0,0,0,0,0,0
TopologicalSpace.ofClosed._proof_1,1,theorem,1,1,Topology_Basic,0,0,0,0,1,0,0,0
TopologicalSpace.ofClosed._proof_2,1,theorem,1,1,Topology_Basic,0,0,0,0,1,0,0,0
TopologicalSpace.ofClosed._proof_3,1,theorem,1,1,Topology_Basic,0,0,0,0,1,0,0,0
Trans.trans,0,def,1,1,Algebra_Group_Basic|Logic_Function_Basic|Order_Lattice,0,0,1,0,0,1,0,0
True,0,inductive,1,0,Algebra_Group_Basic|Analysis_SpecialFunctions_Log_Basic|Data_Nat_GCD_Basic|Logic_Function_Basic|Order_Lattice|Topology_Basic,0,0,0,0,0,0,0,0
True.intro,0,constructor,1,1,Analysis_SpecialFunctions_Log_Basic|Logic_Function_Basic,0,0,0,0,0,0,1,0
ULift,0,inductive,1,0,Order_Lattice,0,0,0,0,0,0,0,0
ULift.down,0,def,1,1,Order_Lattice,0,0,1,0,0,0,0,0
ULift.down_compare,0,axiom,1,0,Order_Lattice,0,0,0,0,0,0,0,0
ULift.down_inf,0,axiom,1,0,Order_Lattice,0,0,0,0,0,0,0,0
ULift.down_injective,0,axiom,1,0,Order_Lattice,0,0,0,0,0,0,0,0
ULift.down_le,0,axiom,1,0,Order_Lattice,0,0,0,0,0,0,0,0
ULift.down_lt,0,axiom,1,0,Order_Lattice,0,0,0,0,0,0,0,0
ULift.down_sup,0,axiom,1,0,Order_Lattice,0,0,0,0,0,0,0,0
ULift.instDistribLattice,1,def,0,0,Order_Lattice,0,0,0,0,0,0,0,0
ULift.instDistribLattice._proof_1,1,theorem,1,1,Order_Lattice,0,0,0,0,1,0,0,0
ULift.instDistribLattice._proof_2,1,theorem,1,1,Order_Lattice,0,0,0,0,1,0,0,0
ULift.instDistribLattice._proof_3,1,theorem,1,1,Order_Lattice,0,0,0,0,1,0,0,0
ULift.instDistribLattice._proof_4,1,theorem,1,1,Order_Lattice,0,0,0,0,1,0,0,0
ULift.instLE_mathlib,0,def,1,1,Order_Lattice,1,0,0,0,0,0,0,0
ULift.instLT_mathlib,0,def,1,1,Order_Lattice,1,0,0,0,0,0,0,0
ULift.instLattice,1,def,0,0,Order_Lattice,0,0,0,0,0,0,0,0
ULift.instLattice._proof_1,1,theorem,1,1,Order_Lattice,0,0,0,0,1,0,0,0
ULift.instLattice._proof_2,1,theorem,1,1,Order_Lattice,0,0,0,0,1,0,0,0
ULift.instLattice._proof_3,1,theorem,1,1,Order_Lattice,0,0,0,0,1,0,0,0
ULift.instLinearOrder_lattice,1,def,0,0,Order_Lattice,0,0,0,0,0,0,0,0
ULift.instLinearOrder_lattice._proof_1,1,theorem,1,1,Order_Lattice,0,0,0,0,1,0,0,0
ULift.instLinearOrder_lattice._proof_2,1,theorem,1,1,Order_Lattice,0,0,0,0,1,0,0,0
ULift.instLinearOrder_lattice._proof_3,1,theorem,1,1,Order_Lattice,0,0,0,0,1,0,0,0
ULift.instLinearOrder_lattice._proof_4,1,theorem,1,1,Order_Lattice,0,0,0,0,1,0,0,0
ULift.instLinearOrder_lattice._proof_5,1,theorem,1,1,Order_Lattice,0,0,0,0,1,0,0,0
ULift.instMax_mathlib,0,def,1,1,Order_Lattice,1,0,0,0,0,0,0,0
ULift.instMin_mathlib,0,def,1,1,Order_Lattice,1,0,0,0,0,0,0,0
ULift.instOrd_mathlib,0,def,1,1,Order_Lattice,1,0,0,0,0,0,0,0
ULift.instSemilatticeInf,1,def,1,1,Order_Lattice,1,0,0,0,0,0,0,0
ULift.instSemilatticeInf._proof_1,1,theorem,1,1,Order_Lattice,0,0,0,0,1,0,0,0
ULift.instSemilatticeInf._proof_2,1,theorem,1,1,Order_Lattice,0,0,0,0,1,0,0,0
ULift.instSemilatticeInf._proof_3,1,theorem,1,1,Order_Lattice,0,0,0,0,1,0,0,0
ULift.instSemilatticeInf.eq_1,1,theorem,0,0,Order_Lattice,0,0,0,0,0,0,0,0
ULift.instSemilatticeSup,1,def,1,1,Order_Lattice,1,0,0,0,0,0,0,0
ULift.instSemilatticeSup._proof_1,1,theorem,1,1,Order_Lattice,0,0,0,0,1,0,0,0
ULift.instSemilatticeSup._proof_2,1,theorem,1,1,Order_Lattice,0,0,0,0,1,0,0,0
ULift.instSemilatticeSup._proof_3,1,theorem,1,1,Order_Lattice,0,0,0,0,1,0,0,0
ULift.instSemilatticeSup.eq_1,1,theorem,0,0,Order_Lattice,0,0,0,0,0,0,0,0
UniformSpace.toTopologicalSpace,0,def,1,1,Analysis_SpecialFunctions_Log_Basic,1,0,1,0,0,0,0,0
Union.union,0,def,1,1,Topology_Basic,0,0,1,0,0,0,0,0
Unique.instSubsingleton,0,axiom,1,1,Data_Nat_GCD_Basic,1,0,0,0,0,0,0,0
Unit,0,def,1,0,Algebra_Group_Basic|Analysis_SpecialFunctions_Log_Basic|Logic_Function_Basic,0,0,0,0,0,0,0,0
Unit.unit,0,def,1,0,Algebra_Group_Basic|Analysis_SpecialFunctions_Log_Basic|Logic_Function_Basic,0,0,0,0,0,0,0,0
Units,0,inductive,1,0,Data_Nat_GCD_Basic,0,0,0,0,0,0,0,0
VAdd,0,inductive,1,0,Algebra_Group_Basic,0,0,0,0,0,0,0,0
WellFounded.Nat.fix,0,def,1,0,Data_Nat_GCD_Basic,0,0,0,0,0,0,0,0
ZPow.toPow,0,def,1,1,Algebra_Group_Basic|Analysis_SpecialFunctions_Log_Basic,1,0,0,0,0,0,0,0
ZSMul.toSMul,0,def,1,1,Algebra_Group_Basic,1,0,0,0,0,0,0,0
ZSMul.zsmul,0,def,1,1,Algebra_Group_Basic,0,0,1,0,0,0,0,0
Zero,0,inductive,1,0,Analysis_SpecialFunctions_Log_Basic,0,0,0,0,0,0,0,0
Zero.toOfNat0,0,def,1,1,Algebra_Group_Basic|Analysis_SpecialFunctions_Log_Basic|Data_Nat_GCD_Basic,1,0,0,0,0,0,0,0
ZeroLEOneClass,0,inductive,1,0,Analysis_SpecialFunctions_Log_Basic,0,0,0,0,0,0,0,0
_private.Basic.0.Function.Bijective.existsUnique_iff.match_1,1,def,1,1,Logic_Function_Basic,0,0,0,1,1,0,0,0
_private.Basic.0.Function.Bijective.existsUnique_iff.match_2,1,def,1,1,Logic_Function_Basic,0,0,0,1,1,0,0,0
_private.Basic.0.Function.FactorsThrough.extend_apply._simp_1,1,theorem,1,1,Logic_Function_Basic,0,0,0,0,1,0,0,0
_private.Basic.0.Function.Injective.dite._proof_2,1,theorem,1,1,Logic_Function_Basic,0,0,0,0,1,0,0,0
_private.Basic.0.Function.Injective.dite._proof_3,1,theorem,0,0,Logic_Function_Basic,0,0,0,0,0,0,0,0
_private.Basic.0.Function.Injective.dite._proof_4,1,theorem,1,1,Logic_Function_Basic,0,0,0,0,1,0,0,0
_private.Basic.0.Function.Injective.dite._proof_5,1,theorem,1,1,Logic_Function_Basic,0,0,0,0,1,0,0,0
_private.Basic.0.Function.Injective.dite._proof_6,1,theorem,0,0,Logic_Function_Basic,0,0,0,0,0,0,0,0
_private.Basic.0.Function.Injective.dite._proof_7,1,theorem,1,1,Logic_Function_Basic,0,0,0,0,1,0,0,0
_private.Basic.0.Function.Injective.isPartialInv.match_1,1,def,1,1,Logic_Function_Basic,0,0,0,1,1,0,0,0
_private.Basic.0.Function.Injective2.eq_iff.match_1,1,def,1,1,Logic_Function_Basic,0,0,0,1,1,0,0,0
_private.Basic.0.Function.Injective2.uncurry.match_1,1,def,1,1,Logic_Function_Basic,0,0,0,1,1,0,0,0
_private.Basic.0.Function.Injective2.uncurry.match_2,1,def,1,1,Logic_Function_Basic,0,0,0,1,1,0,0,0
_private.Basic.0.Function.IsPartialInv.comp._simp_1,1,theorem,1,1,Logic_Function_Basic,0,0,0,0,1,0,0,0
_private.Basic.0.Function.LeftInverse.cast_eq._proof_1,1,theorem,1,1,Logic_Function_Basic,0,0,0,0,1,0,0,0
_private.Basic.0.Function.LeftInverse.cast_eq._proof_2,1,theorem,1,1,Logic_Function_Basic,0,0,0,0,1,0,0,0
_private.Basic.0.Function.LeftInverse.rightInverse_of_surjective.match_1,1,def,1,1,Logic_Function_Basic,0,0,0,1,1,0,0,0
_private.Basic.0.Function.Surjective.exists.match_1,1,def,1,1,Logic_Function_Basic,0,0,0,1,1,0,0,0
_private.Basic.0.Function.Surjective.exists.match_2,1,def,1,1,Logic_Function_Basic,0,0,0,1,1,0,0,0
_private.Basic.0.Function.Surjective.forall.match_1,1,def,1,1,Logic_Function_Basic,0,0,0,1,1,0,0,0
_private.Basic.0.Function.Surjective.of_comp.match_1,1,def,1,1,Logic_Function_Basic,0,0,0,1,1,0,0,0
_private.Basic.0.Function.Surjective.of_comp_left.match_1,1,def,1,1,Logic_Function_Basic,0,0,0,1,1,0,0,0
_private.Basic.0.Function.apply_update._proof_1,1,theorem,1,1,Logic_Function_Basic,0,0,0,0,1,0,0,0
_private.Basic.0.Function.apply_update₂._proof_1,1,theorem,1,1,Logic_Function_Basic,0,0,0,0,1,0,0,0
_private.Basic.0.Function.bijective_iff_has_inverse.match_1,1,def,1,1,Logic_Function_Basic,0,0,0,1,1,0,0,0
_private.Basic.0.Function.cantor_surjective.match_1,1,def,1,1,Logic_Function_Basic,0,0,0,1,1,0,0,0
_private.Basic.0.Function.const_injective.match_1,1,def,1,1,Logic_Function_Basic,0,0,0,1,1,0,0,0
_private.Basic.0.Function.curry_update.match_1,1,def,1,1,Logic_Function_Basic,0,0,0,1,1,0,0,0
_private.Basic.0.Function.exists_fixed_point_of_surjective.match_1,1,def,1,1,Logic_Function_Basic,0,0,0,1,1,0,0,0
_private.Basic.0.Function.exists_update_iff._simp_1,1,theorem,1,1,Logic_Function_Basic,0,0,0,0,1,0,0,0
_private.Basic.0.Function.hfunext._proof_1,1,theorem,1,1,Logic_Function_Basic,0,0,0,0,1,0,0,0
_private.Basic.0.Function.injective_comp_right_iff_surjective.match_1,1,def,1,1,Logic_Function_Basic,0,0,0,1,1,0,0,0
_private.Basic.0.Function.not_injective_iff._simp_2,1,theorem,1,1,Logic_Function_Basic,0,0,0,0,1,0,0,0
_private.Basic.0.Function.not_injective_iff._simp_3,1,theorem,1,1,Logic_Function_Basic,0,0,0,0,1,0,0,0
_private.Basic.0.Function.pred_update._proof_1,1,theorem,1,1,Logic_Function_Basic,0,0,0,0,1,0,0,0
_private.Basic.0.Function.rec_update._proof_1,1,theorem,1,1,Logic_Function_Basic,0,0,0,0,1,0,0,0
_private.Basic.0.Function.rec_update._proof_2,1,theorem,1,1,Logic_Function_Basic,0,0,0,0,1,0,0,0
_private.Basic.0.Function.rec_update._proof_3,1,theorem,1,1,Logic_Function_Basic,0,0,0,0,1,0,0,0
_private.Basic.0.Function.surjective_comp_left_iff.match_1,1,def,1,1,Logic_Function_Basic,0,0,0,1,1,0,0,0
_private.Basic.0.Function.surjective_comp_right_iff_injective.match_1,1,def,1,1,Logic_Function_Basic,0,0,0,1,1,0,0,0
_private.Basic.0.Function.surjective_comp_right_iff_injective.match_2,1,def,1,1,Logic_Function_Basic,0,0,0,1,1,0,0,0
_private.Basic.0.Function.symm_apply_eq_iff._simp_1,1,theorem,1,1,Logic_Function_Basic,0,0,0,0,1,0,0,0
_private.Basic.0.Function.update_comm._proof_1,1,theorem,1,1,Logic_Function_Basic,0,0,0,0,1,0,0,0
_private.Basic.0.Function.update_eq_self_iff._simp_1,1,theorem,1,1,Logic_Function_Basic,0,0,0,0,1,0,0,0
_private.Basic.0.Function.update_idem._proof_1,1,theorem,1,1,Logic_Function_Basic,0,0,0,0,1,0,0,0
_private.Basic.0.IsClosed.union._simp_1,1,theorem,1,1,Topology_Basic,0,0,0,0,1,0,0,0
_private.Basic.0.Mathlib.Meta.Positivity.evalLogNatCast._proof_1,1,theorem,1,1,Analysis_SpecialFunctions_Log_Basic,0,0,0,0,1,0,0,0
_private.Basic.0.Mathlib.Meta.Positivity.evalLogNatCast._proof_2,1,theorem,1,1,Analysis_SpecialFunctions_Log_Basic,0,0,0,0,1,0,0,0
_private.Basic.0.Mathlib.Meta.Positivity.evalLogNatCast._sparseCasesOn_1,1,def,1,1,Analysis_SpecialFunctions_Log_Basic,0,0,0,0,1,0,0,0
_private.Basic.0.Mathlib.Meta.Positivity.evalLogNatCast.match_1,1,def,1,1,Analysis_SpecialFunctions_Log_Basic,0,0,0,1,1,0,0,0
_private.Basic.0.Mathlib.Meta.Positivity.evalLogNatCast.match_2,1,def,1,1,Analysis_SpecialFunctions_Log_Basic,0,0,0,1,1,0,0,0
_private.Basic.0.Mathlib.Meta.Positivity.evalLogNatLit._proof_1,1,theorem,1,1,Analysis_SpecialFunctions_Log_Basic,0,0,0,0,1,0,0,0
_private.Basic.0.Mathlib.Meta.Positivity.evalLogNatLit._proof_2,1,theorem,1,1,Analysis_SpecialFunctions_Log_Basic,0,0,0,0,1,0,0,0
_private.Basic.0.Mathlib.Meta.Positivity.evalLogNatLit._proof_3,1,theorem,1,1,Analysis_SpecialFunctions_Log_Basic,0,0,0,0,1,0,0,0
_private.Basic.0.Mathlib.Meta.Positivity.evalLogNatLit._proof_4,1,theorem,1,1,Analysis_SpecialFunctions_Log_Basic,0,0,0,0,1,0,0,0
_private.Basic.0.Mathlib.Meta.Positivity.evalLogNatLit._proof_5,1,theorem,1,1,Analysis_SpecialFunctions_Log_Basic,0,0,0,0,1,0,0,0
_private.Basic.0.Mathlib.Meta.Positivity.evalLogNatLit._proof_6,1,theorem,1,1,Analysis_SpecialFunctions_Log_Basic,0,0,0,0,1,0,0,0
_private.Basic.0.Mathlib.Meta.Positivity.evalLogNatLit._sparseCasesOn_1,1,def,1,1,Analysis_SpecialFunctions_Log_Basic,0,0,0,0,1,0,0,0
_private.Basic.0.Mathlib.Meta.Positivity.evalLogNatLit.match_1,1,def,1,1,Analysis_SpecialFunctions_Log_Basic,0,0,0,1,1,0,0,0
_private.Basic.0.Mathlib.Meta.Positivity.log_nz_of_isNNRat.match_1,1,def,1,1,Analysis_SpecialFunctions_Log_Basic,0,0,0,1,1,0,0,0
_private.Basic.0.Mathlib.Meta.Positivity.log_nz_of_isRat_neg.match_1,1,def,1,1,Analysis_SpecialFunctions_Log_Basic,0,0,0,1,1,0,0,0
_private.Basic.0.Mathlib.Meta.Positivity.log_pos_of_isNNRat.match_1,1,def,1,1,Analysis_SpecialFunctions_Log_Basic,0,0,0,1,1,0,0,0
_private.Basic.0.Mathlib.Meta.Positivity.log_pos_of_isRat_neg.match_1,1,def,1,1,Analysis_SpecialFunctions_Log_Basic,0,0,0,1,1,0,0,0
_private.Basic.0.Nat.coprime_iff_isRelPrime._simp_1,1,theorem,1,1,Data_Nat_GCD_Basic,0,0,0,0,1,0,0,0
_private.Basic.0.Nat.coprime_iff_isRelPrime._simp_2,1,theorem,1,1,Data_Nat_GCD_Basic,0,0,0,0,1,0,0,0
_private.Basic.0.Nat.coprime_iff_isRelPrime._simp_3,1,theorem,1,1,Data_Nat_GCD_Basic,0,0,0,0,1,0,0,0
_private.Basic.0.Nat.coprime_iff_isRelPrime._simp_4,1,theorem,1,1,Data_Nat_GCD_Basic,0,0,0,0,1,0,0,0
_private.Basic.0.Option.rec_update.match_1,1,def,1,1,Logic_Function_Basic,0,0,0,1,1,0,0,0
_private.Basic.0.Real.abs_log_mul_self_lt._simp_1,1,theorem,1,1,Analysis_SpecialFunctions_Log_Basic,0,0,0,0,1,0,0,0
_private.Basic.0.Real.continuousOn_log._simp_1,1,theorem,1,1,Analysis_SpecialFunctions_Log_Basic,0,0,0,0,1,0,0,0
_private.Basic.0.Real.le_log_one_add_of_nonneg._proof_1,1,theorem,1,1,Analysis_SpecialFunctions_Log_Basic,0,0,0,0,1,0,0,0
_private.Basic.0.Real.le_log_one_add_of_nonneg._proof_7,1,theorem,0,0,Analysis_SpecialFunctions_Log_Basic,0,0,0,0,0,0,0,0
_private.Basic.0.Real.le_log_one_add_of_nonneg._proof_8,1,theorem,1,1,Analysis_SpecialFunctions_Log_Basic,0,0,0,0,1,0,0,0
_private.Basic.0.Real.le_log_one_add_of_nonneg._proof_9,1,theorem,1,1,Analysis_SpecialFunctions_Log_Basic,0,0,0,0,1,0,0,0
_private.Basic.0.Real.le_log_one_add_of_nonneg._simp_1,1,theorem,1,1,Analysis_SpecialFunctions_Log_Basic,0,0,0,0,1,0,0,0
_private.Basic.0.Real.le_log_one_add_of_nonneg._simp_2,1,theorem,0,0,Analysis_SpecialFunctions_Log_Basic,0,0,0,0,0,0,0,0
_private.Basic.0.Real.le_log_one_add_of_nonneg._simp_3,1,theorem,0,0,Analysis_SpecialFunctions_Log_Basic,0,0,0,0,0,0,0,0
_private.Basic.0.Real.le_log_one_add_of_nonneg._simp_4,1,theorem,0,0,Analysis_SpecialFunctions_Log_Basic,0,0,0,0,0,0,0,0
_private.Basic.0.Real.le_log_one_add_of_nonneg._simp_5,1,theorem,0,0,Analysis_SpecialFunctions_Log_Basic,0,0,0,0,0,0,0,0
_private.Basic.0.Real.le_log_one_add_of_nonneg._simp_6,1,theorem,0,0,Analysis_SpecialFunctions_Log_Basic,0,0,0,0,0,0,0,0
_private.Basic.0.Real.le_log_one_add_of_nonneg._simp_7,1,theorem,0,0,Analysis_SpecialFunctions_Log_Basic,0,0,0,0,0,0,0,0
_private.Basic.0.Real.log_finprod._proof_1,1,theorem,1,1,Analysis_SpecialFunctions_Log_Basic,0,0,0,0,1,0,0,0
_private.Basic.0.Real.log_list_prod._proof_3,1,theorem,1,1,Analysis_SpecialFunctions_Log_Basic,0,0,0,0,1,0,0,0
_private.Basic.0.Real.log_list_prod._simp_1,1,theorem,1,1,Analysis_SpecialFunctions_Log_Basic,0,0,0,0,1,0,0,0
_private.Basic.0.Real.log_list_prod._simp_2,1,theorem,1,1,Analysis_SpecialFunctions_Log_Basic,0,0,0,0,1,0,0,0
_private.Basic.0.Real.log_list_prod._simp_3,1,theorem,1,1,Analysis_SpecialFunctions_Log_Basic,0,0,0,0,1,0,0,0
_private.Basic.0.Real.log_nat_eq_sum_factorization._simp_1,1,theorem,1,1,Analysis_SpecialFunctions_Log_Basic,0,0,0,0,1,0,0,0
_private.Basic.0.Real.log_ne_zero._simp_1,1,theorem,1,1,Analysis_SpecialFunctions_Log_Basic,0,0,0,0,1,0,0,0
_private.Basic.0.Real.log_pos_iff._simp_1,1,theorem,0,0,Analysis_SpecialFunctions_Log_Basic,0,0,0,0,0,0,0,0
_private.Basic.0.Real.lt_log_one_add_of_pos._proof_1,1,theorem,1,1,Analysis_SpecialFunctions_Log_Basic,0,0,0,0,1,0,0,0
_private.Basic.0.Real.tendsto_log_nhdsGT_zero._simp_1,1,theorem,1,1,Analysis_SpecialFunctions_Log_Basic,0,0,0,0,1,0,0,0
_private.Basic.0.Real.two_mul_le_exp._simp_1,1,theorem,1,1,Analysis_SpecialFunctions_Log_Basic,0,0,0,0,1,0,0,0
_private.Basic.0.Set.Finite.isOpen_sInter._simp_1,1,theorem,1,1,Topology_Basic,0,0,0,0,1,0,0,0
_private.Basic.0.Std.Symm.forall_existsUnique_iff'.match_1,1,def,1,1,Logic_Function_Basic,0,0,0,1,1,0,0,0
_private.Basic.0.Std.Symm.forall_existsUnique_iff._simp_1,1,theorem,1,1,Logic_Function_Basic,0,0,0,0,1,0,0,0
_private.Basic.0.TopologicalSpace.ext.match_1,1,def,1,1,Topology_Basic,0,0,0,1,1,0,0,0
_private.Basic.0.TopologicalSpace.ofClosed.match_2,1,def,1,1,Topology_Basic,0,0,0,1,1,0,0,0
_private.Basic.0.add_add_add_comm'._proof_1,1,theorem,1,1,Algebra_Group_Basic,0,0,0,0,1,0,0,0
_private.Basic.0.add_left_iterate.match_1,1,def,1,1,Algebra_Group_Basic,0,0,0,1,1,0,0,0
_private.Basic.0.add_one_zsmul.match_1,1,def,1,1,Algebra_Group_Basic,0,0,0,1,1,0,0,0
_private.Basic.0.div_eq_div_iff_mul_eq_mul._simp_1,1,theorem,1,1,Algebra_Group_Basic,0,0,0,0,1,0,0,0
_private.Basic.0.eq_rec_on_bijective.match_1,1,def,1,1,Logic_Function_Basic,0,0,0,1,1,0,0,0
_private.Basic.0.forall_existsUnique_iff'._simp_1,1,theorem,1,1,Logic_Function_Basic,0,0,0,0,1,0,0,0
_private.Basic.0.forall_existsUnique_iff'._simp_2,1,theorem,1,1,Logic_Function_Basic,0,0,0,0,1,0,0,0
_private.Basic.0.isClosed_imp._simp_1,1,theorem,1,1,Topology_Basic,0,0,0,0,1,0,0,0
_private.Basic.0.mul_left_iterate.match_1,1,def,1,1,Algebra_Group_Basic,0,0,0,1,1,0,0,0
_private.Basic.0.mul_mul_mul_comm'._proof_1,1,theorem,1,1,Algebra_Group_Basic,0,0,0,0,1,0,0,0
_private.Basic.0.mul_zpow._simp_1,1,theorem,1,1,Algebra_Group_Basic,0,0,0,0,1,0,0,0
_private.Basic.0.mul_zpow_mul._simp_1,1,theorem,1,1,Algebra_Group_Basic,0,0,0,0,1,0,0,0
_private.Basic.0.mul_zpow_mul._simp_2,1,theorem,1,1,Algebra_Group_Basic,0,0,0,0,1,0,0,0
_private.Basic.0.mul_zsmul'.match_1,1,def,1,1,Algebra_Group_Basic,0,0,0,1,1,0,0,0
_private.Basic.0.multiplicative_of_total._simp_1,1,theorem,1,1,Algebra_Group_Basic,0,0,0,0,1,0,0,0
_private.Basic.0.neg_zsmul.match_1,1,def,1,1,Algebra_Group_Basic,0,0,0,1,1,0,0,0
_private.Basic.0.nsmul_add_nsmul_eq_zero.match_1,1,def,1,1,Algebra_Group_Basic,0,0,0,1,1,0,0,0
_private.Basic.0.one_zpow.match_1,1,def,1,1,Algebra_Group_Basic,0,0,0,1,1,0,0,0
_private.Basic.0.pow_mul_pow_eq_one.match_1,1,def,1,1,Algebra_Group_Basic,0,0,0,1,1,0,0,0
_private.Basic.0.zpow_add._simp_1,1,theorem,1,1,Algebra_Group_Basic,0,0,0,0,1,0,0,0
_private.Basic.0.zpow_add_one._simp_1,1,theorem,0,0,Algebra_Group_Basic,0,0,0,0,0,0,0,0
_private.Basic.0.zpow_add_one.match_1,1,def,1,1,Algebra_Group_Basic,0,0,0,1,1,0,0,0
_private.Basic.0.zpow_mul.match_1,1,def,1,1,Algebra_Group_Basic,0,0,0,1,1,0,0,0
_private.Basic.0.zpow_neg.match_1,1,def,1,1,Algebra_Group_Basic,0,0,0,1,1,0,0,0
_private.Basic.0.zsmul_zero.match_1,1,def,1,1,Algebra_Group_Basic,0,0,0,1,1,0,0,0
_private.Lattice.0.exists_and_iff_of_monotone.match_1,1,def,1,1,Order_Lattice,0,0,0,1,1,0,0,0
_private.Lattice.0.exists_and_iff_of_monotone.match_2,1,def,1,1,Order_Lattice,0,0,0,1,1,0,0,0
_private.Lattice.0.exists_ge_and_iff_exists.match_1,1,def,1,1,Order_Lattice,0,0,0,1,1,0,0,0
_private.Lattice.0.inf_le_iff._proof_1,1,theorem,1,1,Order_Lattice,0,0,0,0,1,0,0,0
_private.Lattice.0.inf_lt_iff._proof_1,1,theorem,1,1,Order_Lattice,0,0,0,0,1,0,0,0
_private.Lattice.0.le_inf_iff.match_1,1,def,1,1,Order_Lattice,0,0,0,1,1,0,0,0
_private.Lattice.0.le_sup_iff._proof_1,1,theorem,1,1,Order_Lattice,0,0,0,0,1,0,0,0
_private.Lattice.0.lt_sup_iff._proof_1,1,theorem,1,1,Order_Lattice,0,0,0,0,1,0,0,0
_private.Lattice.0.pairwise_iff_lt._simp_2,1,theorem,1,1,Order_Lattice,0,0,0,0,1,0,0,0
_private.Lattice.0.pairwise_iff_lt._simp_3,1,theorem,1,1,Order_Lattice,0,0,0,0,1,0,0,0
_private.Lattice.0.pairwise_iff_lt._simp_4,1,theorem,1,1,Order_Lattice,0,0,0,0,1,0,0,0
_private.Lattice.0.sup_le_iff.match_1,1,def,1,1,Order_Lattice,0,0,0,1,1,0,0,0
_private.Lattice.0.sup_le_inf._simp_1,1,theorem,1,1,Order_Lattice,0,0,0,0,1,0,0,0
_private.Lattice.0.sup_le_inf._simp_2,1,theorem,1,1,Order_Lattice,0,0,0,0,1,0,0,0
_private.Mathlib.Data.Real.Basic.0.Real.le,0,def,1,1,Analysis_SpecialFunctions_Log_Basic,0,0,0,0,1,0,0,0
abs,0,def,1,0,Analysis_SpecialFunctions_Log_Basic,0,0,0,0,0,0,0,0
abs_abs,0,axiom,1,0,Analysis_SpecialFunctions_Log_Basic,0,0,0,0,0,0,0,0
abs_div,0,axiom,1,0,Analysis_SpecialFunctions_Log_Basic,0,0,0,0,0,0,0,0
abs_inv,0,axiom,1,0,Analysis_SpecialFunctions_Log_Basic,0,0,0,0,0,0,0,0
abs_mul,0,axiom,1,0,Analysis_SpecialFunctions_Log_Basic,0,0,0,0,0,0,0,0
abs_neg,0,axiom,1,0,Analysis_SpecialFunctions_Log_Basic,0,0,0,0,0,0,0,0
abs_of_neg,0,axiom,1,0,Analysis_SpecialFunctions_Log_Basic,0,0,0,0,0,0,0,0
abs_of_nonneg,0,axiom,1,0,Analysis_SpecialFunctions_Log_Basic,0,0,0,0,0,0,0,0
abs_of_pos,0,axiom,1,0,Analysis_SpecialFunctions_Log_Basic,0,0,0,0,0,0,0,0
abs_pos,0,axiom,1,0,Analysis_SpecialFunctions_Log_Basic,0,0,0,0,0,0,0,0
abs_zero,0,axiom,1,0,Analysis_SpecialFunctions_Log_Basic,0,0,0,0,0,0,0,0
addConj_eq_zero_iff,1,theorem,1,0,Algebra_Group_Basic,0,0,0,0,0,0,0,0
addConj_eq_zero_iff._simp_1,1,theorem,0,0,Algebra_Group_Basic,0,0,0,0,0,0,0,0
addRightReflectLE_of_addLeftReflectLE,0,axiom,1,1,Analysis_SpecialFunctions_Log_Basic,1,0,0,0,0,0,0,0
add_add_add_comm,1,theorem,1,0,Algebra_Group_Basic,0,0,0,0,0,0,0,0
add_add_add_comm',1,theorem,0,0,Algebra_Group_Basic,0,0,0,0,0,0,0,0
add_add_neg_add_cancel,1,theorem,0,0,Algebra_Group_Basic,0,0,0,0,0,0,0,0
add_add_neg_cancel'_right,1,theorem,0,0,Algebra_Group_Basic,0,0,0,0,0,0,0,0
add_add_sub_cancel,1,theorem,0,0,Algebra_Group_Basic,0,0,0,0,0,0,0,0
add_assoc,0,axiom,1,0,Algebra_Group_Basic,0,0,0,0,0,0,0,0
add_comm,0,axiom,1,0,Algebra_Group_Basic|Analysis_SpecialFunctions_Log_Basic|Data_Nat_GCD_Basic,0,0,0,0,0,0,0,0
add_comm_sub,1,theorem,0,0,Algebra_Group_Basic,0,0,0,0,0,0,0,0
add_eq_left,1,theorem,1,0,Algebra_Group_Basic,0,0,0,0,0,0,0,0
add_eq_left._simp_1,1,theorem,0,0,Algebra_Group_Basic,0,0,0,0,0,0,0,0
add_eq_of_eq_add_neg,1,theorem,0,0,Algebra_Group_Basic,0,0,0,0,0,0,0,0
add_eq_of_eq_neg_add,1,theorem,0,0,Algebra_Group_Basic,0,0,0,0,0,0,0,0
add_eq_of_eq_sub,1,theorem,0,0,Algebra_Group_Basic,0,0,0,0,0,0,0,0
add_eq_of_eq_sub',1,theorem,0,0,Algebra_Group_Basic,0,0,0,0,0,0,0,0
add_eq_right,1,theorem,1,0,Algebra_Group_Basic,0,0,0,0,0,0,0,0
add_eq_right._simp_1,1,theorem,0,0,Algebra_Group_Basic,0,0,0,0,0,0,0,0
add_eq_zero_iff_eq_neg,1,theorem,1,0,Algebra_Group_Basic,0,0,0,0,0,0,0,0
add_eq_zero_iff_eq_neg',1,theorem,0,0,Algebra_Group_Basic,0,0,0,0,0,0,0,0
add_eq_zero_iff_neg_eq,1,theorem,1,0,Algebra_Group_Basic,0,0,0,0,0,0,0,0
add_eq_zero_iff_neg_eq',1,theorem,0,0,Algebra_Group_Basic,0,0,0,0,0,0,0,0
add_left_cancel_iff,0,axiom,1,0,Algebra_Group_Basic,0,0,0,0,0,0,0,0
add_left_comm,1,theorem,1,0,Algebra_Group_Basic,0,0,0,0,0,0,0,0
add_left_inj,0,axiom,1,0,Algebra_Group_Basic,0,0,0,0,0,0,0,0
add_left_injective,0,axiom,1,0,Algebra_Group_Basic,0,0,0,0,0,0,0,0
add_left_iterate,1,theorem,1,0,Algebra_Group_Basic,0,0,0,0,0,0,0,0
add_left_iterate._f,1,def,1,1,Algebra_Group_Basic,0,0,0,0,1,0,0,0
add_left_iterate_apply,1,theorem,0,0,Algebra_Group_Basic,0,0,0,0,0,0,0,0
add_left_iterate_apply_zero,1,theorem,0,0,Algebra_Group_Basic,0,0,0,0,0,0,0,0
add_left_surjective,1,theorem,0,0,Algebra_Group_Basic,0,0,0,0,0,0,0,0
add_mul,0,axiom,1,0,Analysis_SpecialFunctions_Log_Basic,0,0,0,0,0,0,0,0
add_ne_left,1,theorem,0,0,Algebra_Group_Basic,0,0,0,0,0,0,0,0
add_ne_right,1,theorem,0,0,Algebra_Group_Basic,0,0,0,0,0,0,0,0
add_neg_add_add_cancel,1,theorem,0,0,Algebra_Group_Basic,0,0,0,0,0,0,0,0
add_neg_cancel,0,axiom,1,0,Algebra_Group_Basic,0,0,0,0,0,0,0,0
add_neg_cancel_comm_assoc,0,axiom,1,0,Algebra_Group_Basic,0,0,0,0,0,0,0,0
add_neg_cancel_left,0,axiom,1,0,Algebra_Group_Basic,0,0,0,0,0,0,0,0
add_neg_cancel_right,0,axiom,1,0,Algebra_Group_Basic,0,0,0,0,0,0,0,0
add_neg_eq_add_neg_iff_add_eq_add,1,theorem,0,0,Algebra_Group_Basic,0,0,0,0,0,0,0,0
add_neg_eq_iff_eq_add,1,theorem,1,0,Algebra_Group_Basic,0,0,0,0,0,0,0,0
add_neg_eq_of_eq_add,1,theorem,0,0,Algebra_Group_Basic,0,0,0,0,0,0,0,0
add_neg_eq_zero,1,theorem,1,0,Algebra_Group_Basic,0,0,0,0,0,0,0,0
add_nsmul,0,axiom,1,0,Algebra_Group_Basic,0,0,0,0,0,0,0,0
add_nsmul_add,0,axiom,1,0,Algebra_Group_Basic,0,0,0,0,0,0,0,0
add_one_zsmul,1,theorem,1,0,Algebra_Group_Basic,0,0,0,0,0,0,0,0
add_pos',0,axiom,1,0,Analysis_SpecialFunctions_Log_Basic,0,0,0,0,0,0,0,0
add_right_cancel,0,axiom,1,0,Algebra_Group_Basic,0,0,0,0,0,0,0,0
add_right_cancel_iff,0,axiom,1,0,Algebra_Group_Basic,0,0,0,0,0,0,0,0
add_right_comm,1,theorem,0,0,Algebra_Group_Basic,0,0,0,0,0,0,0,0
add_right_inj,0,axiom,1,0,Algebra_Group_Basic|Analysis_SpecialFunctions_Log_Basic,0,0,0,0,0,0,0,0
add_right_injective,0,axiom,1,0,Algebra_Group_Basic,0,0,0,0,0,0,0,0
add_right_iterate,1,theorem,1,0,Algebra_Group_Basic,0,0,0,0,0,0,0,0
add_right_iterate._f,1,def,1,1,Algebra_Group_Basic,0,0,0,0,1,0,0,0
add_right_iterate_apply,1,theorem,0,0,Algebra_Group_Basic,0,0,0,0,0,0,0,0
add_right_iterate_apply_zero,1,theorem,0,0,Algebra_Group_Basic,0,0,0,0,0,0,0,0
add_right_surjective,1,theorem,0,0,Algebra_Group_Basic,0,0,0,0,0,0,0,0
add_rotate,1,theorem,0,0,Algebra_Group_Basic,0,0,0,0,0,0,0,0
add_rotate',1,theorem,0,0,Algebra_Group_Basic,0,0,0,0,0,0,0,0
add_self_zsmul,1,theorem,0,0,Algebra_Group_Basic,0,0,0,0,0,0,0,0
add_sub,1,theorem,0,0,Algebra_Group_Basic,0,0,0,0,0,0,0,0
add_sub_add_comm,1,theorem,0,0,Algebra_Group_Basic,0,0,0,0,0,0,0,0
add_sub_add_left_eq_sub,1,theorem,0,0,Algebra_Group_Basic,0,0,0,0,0,0,0,0
add_sub_add_right_eq_sub,1,theorem,0,0,Algebra_Group_Basic,0,0,0,0,0,0,0,0
add_sub_assoc,0,axiom,1,0,Algebra_Group_Basic,0,0,0,0,0,0,0,0
add_sub_assoc',1,theorem,0,0,Algebra_Group_Basic,0,0,0,0,0,0,0,0
add_sub_cancel,1,theorem,1,0,Algebra_Group_Basic,0,0,0,0,0,0,0,0
add_sub_cancel_left,1,theorem,1,0,Algebra_Group_Basic|Analysis_SpecialFunctions_Log_Basic,0,0,0,0,0,0,0,0
add_sub_cancel_right,0,axiom,1,0,Algebra_Group_Basic,0,0,0,0,0,0,0,0
add_sub_left_comm,1,theorem,0,0,Algebra_Group_Basic,0,0,0,0,0,0,0,0
add_sub_one_nsmul,1,theorem,0,0,Algebra_Group_Basic,0,0,0,0,0,0,0,0
add_sub_right_comm,1,theorem,0,0,Algebra_Group_Basic,0,0,0,0,0,0,0,0
add_sub_sub_cancel,1,theorem,0,0,Algebra_Group_Basic,0,0,0,0,0,0,0,0
add_zero,0,axiom,1,0,Algebra_Group_Basic|Analysis_SpecialFunctions_Log_Basic,0,0,0,0,0,0,0,0
add_zero_eq_id,1,theorem,0,0,Algebra_Group_Basic,0,0,0,0,0,0,0,0
add_zero_sub,1,theorem,0,0,Algebra_Group_Basic,0,0,0,0,0,0,0,0
add_zsmul,1,theorem,1,0,Algebra_Group_Basic,0,0,0,0,0,0,0,0
add_zsmul_add,1,theorem,0,0,Algebra_Group_Basic,0,0,0,0,0,0,0,0
add_zsmul_self,1,theorem,0,0,Algebra_Group_Basic,0,0,0,0,0,0,0,0
additive_of_isTotal,1,theorem,0,0,Algebra_Group_Basic,0,0,0,0,0,0,0,0
additive_of_symm_of_total,1,theorem,1,0,Algebra_Group_Basic,0,0,0,0,0,0,0,0
additive_of_symmetric_of_isTotal,1,theorem,0,0,Algebra_Group_Basic,0,0,0,0,0,0,0,0
additive_of_symmetric_of_total,1,theorem,0,0,Algebra_Group_Basic,0,0,0,0,0,0,0,0
additive_of_total,1,theorem,1,0,Algebra_Group_Basic,0,0,0,0,0,0,0,0
and_assoc,0,axiom,1,0,Order_Lattice,0,0,0,0,0,0,0,0
and_comm,0,axiom,1,0,Order_Lattice,0,0,0,0,0,0,0,0
and_congr,0,axiom,1,0,Logic_Function_Basic,0,0,0,0,0,0,0,0
and_false,0,axiom,1,0,Analysis_SpecialFunctions_Log_Basic|Logic_Function_Basic,0,0,0,0,0,0,0,0
and_forall_ne,0,axiom,1,0,Logic_Function_Basic,0,0,0,0,0,0,0,0
and_iff_left_iff_imp._simp_1,0,theorem,1,1,Order_Lattice,0,0,0,0,1,0,0,0
and_iff_right_iff_imp._simp_1,0,theorem,1,1,Order_Lattice,0,0,0,0,1,0,0,0
and_imp,0,axiom,1,0,Algebra_Group_Basic|Data_Nat_GCD_Basic,0,0,0,0,0,0,0,0
and_imp._simp_1,0,theorem,1,1,Analysis_SpecialFunctions_Log_Basic,0,0,0,0,1,0,0,0
and_self,0,axiom,1,0,Logic_Function_Basic|Order_Lattice,0,0,0,0,0,0,0,0
and_true,0,axiom,1,0,Logic_Function_Basic|Order_Lattice,0,0,0,0,0,0,0,0
antisymm_of,0,axiom,1,0,Logic_Function_Basic,0,0,0,0,0,0,0,0
apply_dite,0,axiom,1,0,Logic_Function_Basic,0,0,0,0,0,0,0,0
apply_ite,0,axiom,1,0,Logic_Function_Basic,0,0,0,0,0,0,0,0
asymm_of,0,axiom,1,0,Logic_Function_Basic,0,0,0,0,0,0,0,0
autoParam,0,def,1,0,Order_Lattice,0,0,0,0,0,0,0,0
boole_nsmul,1,theorem,0,0,Algebra_Group_Basic,0,0,0,0,0,0,0,0
cast,0,def,1,1,Analysis_SpecialFunctions_Log_Basic|Logic_Function_Basic,0,0,0,0,0,1,0,0
cast_bijective,1,theorem,1,0,Logic_Function_Basic,0,0,0,0,0,0,0,0
cast_cast,0,axiom,1,0,Logic_Function_Basic,0,0,0,0,0,0,0,0
cast_heq,0,axiom,1,0,Logic_Function_Basic,0,0,0,0,0,0,0,0
cast_inj,1,theorem,1,0,Logic_Function_Basic,0,0,0,0,0,0,0,0
cast_inj._simp_1,1,theorem,0,0,Logic_Function_Basic,0,0,0,0,0,0,0,0
comp_add_left,1,theorem,1,0,Algebra_Group_Basic,0,0,0,0,0,0,0,0
comp_add_right,1,theorem,1,0,Algebra_Group_Basic,0,0,0,0,0,0,0,0
comp_mul_left,1,theorem,1,0,Algebra_Group_Basic,0,0,0,0,0,0,0,0
comp_mul_right,1,theorem,1,0,Algebra_Group_Basic,0,0,0,0,0,0,0,0
compareOfLessAndEq,0,def,1,0,Order_Lattice,0,0,0,0,0,0,0,0
compl_compl,0,axiom,1,0,Topology_Basic,0,0,0,0,0,0,0,0
compl_surjective,0,axiom,1,0,Topology_Basic,0,0,0,0,0,0,0,0
cond,0,def,1,0,Logic_Function_Basic|Topology_Basic,0,0,0,0,0,0,0,0
congr,0,axiom,1,1,Algebra_Group_Basic|Analysis_SpecialFunctions_Log_Basic|Data_Nat_GCD_Basic|Logic_Function_Basic|Order_Lattice|Topology_Basic,0,0,0,0,0,1,0,0
congrArg,0,axiom,1,1,Algebra_Group_Basic|Analysis_SpecialFunctions_Log_Basic|Data_Nat_GCD_Basic|Logic_Function_Basic|Order_Lattice|Topology_Basic,0,0,0,0,0,1,0,0
congrFun,0,axiom,1,1,Algebra_Group_Basic|Logic_Function_Basic,0,0,0,0,0,1,0,0
congrFun',0,axiom,1,0,Algebra_Group_Basic|Analysis_SpecialFunctions_Log_Basic|Data_Nat_GCD_Basic|Logic_Function_Basic|Order_Lattice|Topology_Basic,0,0,0,0,0,0,0,0
congr_arg,0,axiom,1,1,Data_Nat_GCD_Basic|Logic_Function_Basic,0,0,0,0,0,1,0,0
congr_arg₂,0,axiom,1,0,Analysis_SpecialFunctions_Log_Basic|Logic_Function_Basic,0,0,0,0,0,0,0,0
congr_fun,0,axiom,1,1,Logic_Function_Basic,0,0,0,0,0,1,0,0
congr_fun₂,0,axiom,1,0,Order_Lattice,0,0,0,0,0,0,0,0
conj_eq_one_iff,1,theorem,1,0,Algebra_Group_Basic,0,0,0,0,0,0,0,0
conj_eq_one_iff._simp_1,1,theorem,0,0,Algebra_Group_Basic,0,0,0,0,0,0,0,0
const_div_involutive,1,theorem,1,0,Algebra_Group_Basic,0,0,0,0,0,0,0,0
const_div_involutive._simp_1,1,theorem,0,0,Algebra_Group_Basic,0,0,0,0,0,0,0,0
const_sub_involutive,1,theorem,1,0,Algebra_Group_Basic,0,0,0,0,0,0,0,0
const_sub_involutive._simp_1,1,theorem,0,0,Algebra_Group_Basic,0,0,0,0,0,0,0,0
continuousOn_iff_continuous_domRestrict,0,axiom,1,0,Analysis_SpecialFunctions_Log_Basic,0,0,0,0,0,0,0,0
continuous_subtype_val,0,axiom,1,0,Analysis_SpecialFunctions_Log_Basic,0,0,0,0,0,0,0,0
contravariant_lt_of_covariant_le,0,axiom,1,1,Analysis_SpecialFunctions_Log_Basic,1,0,0,0,0,0,0,0
covariant_swap_add_of_covariant_add,0,axiom,1,1,Analysis_SpecialFunctions_Log_Basic,1,0,0,0,0,0,0,0
decidable_of_iff,0,def,1,0,Logic_Function_Basic,0,0,0,0,0,0,0,0
dif_neg,0,axiom,1,0,Algebra_Group_Basic|Analysis_SpecialFunctions_Log_Basic|Logic_Function_Basic|Topology_Basic,0,0,0,0,0,0,0,0
dif_pos,0,axiom,1,0,Algebra_Group_Basic|Analysis_SpecialFunctions_Log_Basic|Logic_Function_Basic,0,0,0,0,0,0,0,0
dite,0,def,1,0,Algebra_Group_Basic|Analysis_SpecialFunctions_Log_Basic|Data_Nat_GCD_Basic|Logic_Function_Basic|Order_Lattice|Topology_Basic,0,0,0,0,0,0,0,0
dite_cond_eq_false,0,axiom,1,0,Analysis_SpecialFunctions_Log_Basic|Logic_Function_Basic,0,0,0,0,0,0,0,0
dite_cond_eq_true,0,axiom,1,0,Analysis_SpecialFunctions_Log_Basic|Logic_Function_Basic,0,0,0,0,0,0,0,0
dite_congr,0,axiom,1,0,Logic_Function_Basic,0,0,0,0,0,0,0,0
dite_pow,1,theorem,1,0,Algebra_Group_Basic,0,0,0,0,0,0,0,0
dite_smul,1,theorem,1,0,Algebra_Group_Basic,0,0,0,0,0,0,0,0
dite_vadd,1,theorem,1,0,Algebra_Group_Basic,0,0,0,0,0,0,0,0
div_div,1,theorem,0,0,Algebra_Group_Basic,0,0,0,0,0,0,0,0
div_div_cancel,1,theorem,1,0,Algebra_Group_Basic,0,0,0,0,0,0,0,0
div_div_cancel_left,1,theorem,0,0,Algebra_Group_Basic,0,0,0,0,0,0,0,0
div_div_div_cancel_left,1,theorem,0,0,Algebra_Group_Basic,0,0,0,0,0,0,0,0
div_div_div_cancel_right,1,theorem,0,0,Algebra_Group_Basic,0,0,0,0,0,0,0,0
div_div_div_comm,1,theorem,0,0,Algebra_Group_Basic,0,0,0,0,0,0,0,0
div_div_div_eq,1,theorem,0,0,Algebra_Group_Basic,0,0,0,0,0,0,0,0
div_div_eq_mul_div,1,theorem,0,0,Algebra_Group_Basic,0,0,0,0,0,0,0,0
div_div_self',1,theorem,1,0,Algebra_Group_Basic,0,0,0,0,0,0,0,0
div_eq_div_iff_comm,1,theorem,0,0,Algebra_Group_Basic,0,0,0,0,0,0,0,0
div_eq_div_iff_div_eq_div,1,theorem,0,0,Algebra_Group_Basic,0,0,0,0,0,0,0,0
div_eq_div_iff_mul_eq_mul,1,theorem,1,0,Algebra_Group_Basic,0,0,0,0,0,0,0,0
div_eq_div_mul_div,1,theorem,0,0,Algebra_Group_Basic,0,0,0,0,0,0,0,0
div_eq_iff_comm,1,theorem,0,0,Algebra_Group_Basic,0,0,0,0,0,0,0,0
div_eq_iff_eq_mul,1,theorem,1,0,Algebra_Group_Basic,0,0,0,0,0,0,0,0
div_eq_iff_eq_mul',1,theorem,1,0,Algebra_Group_Basic,0,0,0,0,0,0,0,0
div_eq_inv_mul,1,theorem,1,0,Algebra_Group_Basic,0,0,0,0,0,0,0,0
div_eq_inv_self,1,theorem,1,0,Algebra_Group_Basic,0,0,0,0,0,0,0,0
div_eq_inv_self._simp_1,1,theorem,0,0,Algebra_Group_Basic,0,0,0,0,0,0,0,0
div_eq_mul_inv,0,axiom,1,0,Algebra_Group_Basic|Analysis_SpecialFunctions_Log_Basic,0,0,0,0,0,0,0,0
div_eq_mul_one_div,1,theorem,0,0,Algebra_Group_Basic,0,0,0,0,0,0,0,0
div_eq_of_eq_mul',1,theorem,0,0,Algebra_Group_Basic,0,0,0,0,0,0,0,0
div_eq_of_eq_mul'',1,theorem,0,0,Algebra_Group_Basic,0,0,0,0,0,0,0,0
div_eq_one,1,theorem,1,0,Algebra_Group_Basic,0,0,0,0,0,0,0,0
div_eq_one_of_eq,1,theorem,0,0,Algebra_Group_Basic,0,0,0,0,0,0,0,0
div_eq_self,1,theorem,1,0,Algebra_Group_Basic,0,0,0,0,0,0,0,0
div_eq_self._simp_1,1,theorem,0,0,Algebra_Group_Basic,0,0,0,0,0,0,0,0
div_inv_eq_mul,1,theorem,1,0,Algebra_Group_Basic,0,0,0,0,0,0,0,0
div_left_inj,1,theorem,1,0,Algebra_Group_Basic,0,0,0,0,0,0,0,0
div_left_inj._simp_1,1,theorem,0,0,Algebra_Group_Basic,0,0,0,0,0,0,0,0
div_left_injective,1,theorem,0,0,Algebra_Group_Basic,0,0,0,0,0,0,0,0
div_mul,1,theorem,1,0,Algebra_Group_Basic,0,0,0,0,0,0,0,0
div_mul_cancel,0,axiom,1,0,Algebra_Group_Basic,0,0,0,0,0,0,0,0
div_mul_cancel_left,1,theorem,0,0,Algebra_Group_Basic,0,0,0,0,0,0,0,0
div_mul_cancel_right,1,theorem,0,0,Algebra_Group_Basic,0,0,0,0,0,0,0,0
div_mul_comm,1,theorem,0,0,Algebra_Group_Basic,0,0,0,0,0,0,0,0
div_mul_div_cancel,1,theorem,1,0,Algebra_Group_Basic,0,0,0,0,0,0,0,0
div_mul_div_cancel',1,theorem,0,0,Algebra_Group_Basic,0,0,0,0,0,0,0,0
div_mul_div_comm,1,theorem,0,0,Algebra_Group_Basic,0,0,0,0,0,0,0,0
div_mul_eq_div_div,1,theorem,0,0,Algebra_Group_Basic,0,0,0,0,0,0,0,0
div_mul_eq_div_div_swap,1,theorem,1,0,Algebra_Group_Basic,0,0,0,0,0,0,0,0
div_mul_eq_div_mul_one_div,1,theorem,0,0,Algebra_Group_Basic,0,0,0,0,0,0,0,0
div_mul_eq_mul_div,1,theorem,1,0,Algebra_Group_Basic,0,0,0,0,0,0,0,0
div_mul_mul_cancel,1,theorem,0,0,Algebra_Group_Basic,0,0,0,0,0,0,0,0
div_ne_one,1,theorem,0,0,Algebra_Group_Basic,0,0,0,0,0,0,0,0
div_ne_one_of_ne,1,theorem,0,0,Algebra_Group_Basic,0,0,0,0,0,0,0,0
div_ne_zero,0,axiom,1,0,Analysis_SpecialFunctions_Log_Basic,0,0,0,0,0,0,0,0
div_one,1,theorem,1,0,Algebra_Group_Basic|Analysis_SpecialFunctions_Log_Basic,0,0,0,0,0,0,0,0
div_pos,0,axiom,1,0,Analysis_SpecialFunctions_Log_Basic,0,0,0,0,0,0,0,0
div_pow,1,theorem,0,0,Algebra_Group_Basic,0,0,0,0,0,0,0,0
div_right_comm,1,theorem,0,0,Algebra_Group_Basic,0,0,0,0,0,0,0,0
div_right_inj,1,theorem,1,0,Algebra_Group_Basic,0,0,0,0,0,0,0,0
div_right_inj._simp_1,1,theorem,0,0,Algebra_Group_Basic,0,0,0,0,0,0,0,0
div_right_injective,1,theorem,1,0,Algebra_Group_Basic,0,0,0,0,0,0,0,0
div_self,0,axiom,1,0,Analysis_SpecialFunctions_Log_Basic,0,0,0,0,0,0,0,0
div_self',0,axiom,1,0,Algebra_Group_Basic,0,0,0,0,0,0,0,0
div_zero,0,axiom,1,0,Analysis_SpecialFunctions_Log_Basic,0,0,0,0,0,0,0,0
div_zpow,1,theorem,0,0,Algebra_Group_Basic,0,0,0,0,0,0,0,0
dvd_antisymm,0,axiom,1,0,Data_Nat_GCD_Basic,0,0,0,0,0,0,0,0
dvd_mul_of_dvd_left,0,axiom,1,0,Data_Nat_GCD_Basic,0,0,0,0,0,0,0,0
dvd_mul_of_dvd_right,0,axiom,1,0,Data_Nat_GCD_Basic,0,0,0,0,0,0,0,0
dvd_refl._simp_1,0,theorem,1,1,Data_Nat_GCD_Basic,0,0,0,0,1,0,0,0
dvd_rfl,0,axiom,1,0,Data_Nat_GCD_Basic,0,0,0,0,0,0,0,0
eagerReduce,0,def,1,0,Algebra_Group_Basic|Analysis_SpecialFunctions_Log_Basic,0,0,0,0,0,0,0,0
eqRec_heq,0,axiom,1,0,Logic_Function_Basic,0,0,0,0,0,0,0,0
eq_add_neg_iff_add_eq,1,theorem,1,0,Algebra_Group_Basic,0,0,0,0,0,0,0,0
eq_add_neg_of_add_eq,1,theorem,1,0,Algebra_Group_Basic,0,0,0,0,0,0,0,0
eq_add_of_add_neg_eq,1,theorem,0,0,Algebra_Group_Basic,0,0,0,0,0,0,0,0
eq_add_of_neg_add_eq,1,theorem,0,0,Algebra_Group_Basic,0,0,0,0,0,0,0,0
eq_add_of_sub_eq,1,theorem,0,0,Algebra_Group_Basic,0,0,0,0,0,0,0,0
eq_add_of_sub_eq',1,theorem,0,0,Algebra_Group_Basic,0,0,0,0,0,0,0,0
eq_comm,0,axiom,1,1,Algebra_Group_Basic|Order_Lattice,0,0,0,0,0,1,0,0
eq_comm_eq,0,axiom,1,0,Logic_Function_Basic,0,0,0,0,0,0,0,0
eq_div_iff,0,axiom,1,0,Analysis_SpecialFunctions_Log_Basic,0,0,0,0,0,0,0,0
eq_div_iff_mul_eq',1,theorem,1,0,Algebra_Group_Basic,0,0,0,0,0,0,0,0
eq_div_iff_mul_eq'',1,theorem,0,0,Algebra_Group_Basic,0,0,0,0,0,0,0,0
eq_div_of_mul_eq',1,theorem,0,0,Algebra_Group_Basic,0,0,0,0,0,0,0,0
eq_div_of_mul_eq'',1,theorem,0,0,Algebra_Group_Basic,0,0,0,0,0,0,0,0
eq_false,0,axiom,1,0,Algebra_Group_Basic|Analysis_SpecialFunctions_Log_Basic|Logic_Function_Basic|Order_Lattice|Topology_Basic,0,0,0,0,0,0,0,0
eq_iff_eq_of_add_eq_add,1,theorem,0,0,Algebra_Group_Basic,0,0,0,0,0,0,0,0
eq_iff_eq_of_div_eq_div,1,theorem,0,0,Algebra_Group_Basic,0,0,0,0,0,0,0,0
eq_iff_eq_of_mul_eq_mul,1,theorem,0,0,Algebra_Group_Basic,0,0,0,0,0,0,0,0
eq_iff_eq_of_sub_eq_sub,1,theorem,0,0,Algebra_Group_Basic,0,0,0,0,0,0,0,0
eq_iff_iff._simp_1,0,theorem,1,1,Logic_Function_Basic,0,0,0,0,1,0,0,0
eq_inv_iff_mul_eq_one,1,theorem,0,0,Algebra_Group_Basic,0,0,0,0,0,0,0,0
eq_inv_mul_iff_mul_eq,1,theorem,0,0,Algebra_Group_Basic,0,0,0,0,0,0,0,0
eq_inv_mul_of_mul_eq,1,theorem,0,0,Algebra_Group_Basic,0,0,0,0,0,0,0,0
eq_inv_of_mul_eq_one_left,0,axiom,1,0,Algebra_Group_Basic,0,0,0,0,0,0,0,0
eq_inv_of_mul_eq_one_right,1,theorem,1,0,Algebra_Group_Basic,0,0,0,0,0,0,0,0
eq_mp_bijective,1,theorem,0,0,Logic_Function_Basic,0,0,0,0,0,0,0,0
eq_mpr_bijective,1,theorem,0,0,Logic_Function_Basic,0,0,0,0,0,0,0,0
eq_mul_inv_iff_mul_eq,1,theorem,1,0,Algebra_Group_Basic,0,0,0,0,0,0,0,0
eq_mul_inv_of_mul_eq,1,theorem,1,0,Algebra_Group_Basic,0,0,0,0,0,0,0,0
eq_mul_of_div_eq,1,theorem,0,0,Algebra_Group_Basic,0,0,0,0,0,0,0,0
eq_mul_of_div_eq',1,theorem,0,0,Algebra_Group_Basic,0,0,0,0,0,0,0,0
eq_mul_of_inv_mul_eq,1,theorem,0,0,Algebra_Group_Basic,0,0,0,0,0,0,0,0
eq_mul_of_mul_inv_eq,1,theorem,0,0,Algebra_Group_Basic,0,0,0,0,0,0,0,0
eq_neg_add_iff_add_eq,1,theorem,0,0,Algebra_Group_Basic,0,0,0,0,0,0,0,0
eq_neg_add_of_add_eq,1,theorem,0,0,Algebra_Group_Basic,0,0,0,0,0,0,0,0
eq_neg_iff_add_eq_zero,1,theorem,0,0,Algebra_Group_Basic,0,0,0,0,0,0,0,0
eq_neg_of_add_eq_zero_left,0,axiom,1,0,Algebra_Group_Basic,0,0,0,0,0,0,0,0
eq_neg_of_add_eq_zero_right,1,theorem,1,0,Algebra_Group_Basic,0,0,0,0,0,0,0,0
eq_of_add_neg_eq_zero,1,theorem,0,0,Algebra_Group_Basic,0,0,0,0,0,0,0,0
eq_of_div_eq_one,1,theorem,1,0,Algebra_Group_Basic,0,0,0,0,0,0,0,0
eq_of_forall_ge_iff,0,axiom,1,0,Order_Lattice,0,0,0,0,0,0,0,0
eq_of_forall_le_iff,0,axiom,1,0,Order_Lattice,0,0,0,0,0,0,0,0
eq_of_heq,0,axiom,1,0,Analysis_SpecialFunctions_Log_Basic|Data_Nat_GCD_Basic|Logic_Function_Basic|Order_Lattice|Topology_Basic,0,0,0,0,0,0,0,0
eq_of_inf_eq_sup_eq,1,theorem,0,0,Order_Lattice,0,0,0,0,0,0,0,0
eq_of_inv_mul_eq_one,1,theorem,0,0,Algebra_Group_Basic,0,0,0,0,0,0,0,0
eq_of_mul_inv_eq_one,1,theorem,0,0,Algebra_Group_Basic,0,0,0,0,0,0,0,0
eq_of_neg_add_eq_zero,1,theorem,0,0,Algebra_Group_Basic,0,0,0,0,0,0,0,0
eq_of_one_div_eq_one_div,1,theorem,0,0,Algebra_Group_Basic,0,0,0,0,0,0,0,0
eq_of_sub_eq_zero,1,theorem,1,0,Algebra_Group_Basic,0,0,0,0,0,0,0,0
eq_of_zero_sub_eq_zero_sub,1,theorem,0,0,Algebra_Group_Basic,0,0,0,0,0,0,0,0
eq_one_div_of_mul_eq_one_left,1,theorem,0,0,Algebra_Group_Basic,0,0,0,0,0,0,0,0
eq_one_div_of_mul_eq_one_right,1,theorem,0,0,Algebra_Group_Basic,0,0,0,0,0,0,0,0
eq_one_iff_eq_one_of_mul_eq_one,1,theorem,0,0,Algebra_Group_Basic,0,0,0,0,0,0,0,0
eq_or_ne,0,axiom,1,0,Analysis_SpecialFunctions_Log_Basic|Logic_Function_Basic|Order_Lattice,0,0,0,0,0,0,0,0
eq_rec_inj,1,theorem,1,0,Logic_Function_Basic,0,0,0,0,0,0,0,0
eq_rec_inj._simp_1,1,theorem,0,0,Logic_Function_Basic,0,0,0,0,0,0,0,0
eq_rec_on_bijective,1,theorem,1,0,Logic_Function_Basic,0,0,0,0,0,0,0,0
eq_self,0,axiom,1,0,Algebra_Group_Basic|Analysis_SpecialFunctions_Log_Basic|Data_Nat_GCD_Basic|Logic_Function_Basic|Order_Lattice|Topology_Basic,0,0,0,0,0,0,0,0
eq_sub_iff_add_eq,1,theorem,1,0,Algebra_Group_Basic,0,0,0,0,0,0,0,0
eq_sub_iff_add_eq',1,theorem,0,0,Algebra_Group_Basic,0,0,0,0,0,0,0,0
eq_sub_of_add_eq,1,theorem,0,0,Algebra_Group_Basic,0,0,0,0,0,0,0,0
eq_sub_of_add_eq',1,theorem,0,0,Algebra_Group_Basic,0,0,0,0,0,0,0,0
eq_true,0,axiom,1,0,Algebra_Group_Basic|Analysis_SpecialFunctions_Log_Basic|Logic_Function_Basic|Order_Lattice|Topology_Basic,0,0,0,0,0,0,0,0
eq_zero_iff_eq_zero_of_add_eq_zero,1,theorem,0,0,Algebra_Group_Basic,0,0,0,0,0,0,0,0
eq_zero_of_mul_eq_self_left,0,axiom,1,0,Data_Nat_GCD_Basic,0,0,0,0,0,0,0,0
eq_zero_of_pow_eq_zero,0,axiom,1,0,Analysis_SpecialFunctions_Log_Basic,0,0,0,0,0,0,0,0
eq_zero_sub_of_add_eq_zero_left,1,theorem,0,0,Algebra_Group_Basic,0,0,0,0,0,0,0,0
eq_zero_sub_of_add_eq_zero_right,1,theorem,0,0,Algebra_Group_Basic,0,0,0,0,0,0,0,0
existsUnique_eq'._simp_1,0,theorem,1,1,Logic_Function_Basic,0,0,0,0,1,0,0,0
exists_and_iff_of_antitone,1,theorem,0,0,Order_Lattice,0,0,0,0,0,0,0,0
exists_and_iff_of_monotone,1,theorem,0,0,Order_Lattice,0,0,0,0,0,0,0,0
exists_apply_eq_apply,0,axiom,1,0,Logic_Function_Basic,0,0,0,0,0,0,0,0
exists_congr,0,axiom,1,0,Logic_Function_Basic,0,0,0,0,0,0,0,0
exists_eq_mul_left_of_dvd,0,axiom,1,0,Data_Nat_GCD_Basic,0,0,0,0,0,0,0,0
exists_eq_right'._simp_1,0,theorem,1,1,Logic_Function_Basic,0,0,0,0,1,0,0,0
exists_ge_and_iff_exists,1,theorem,1,0,Order_Lattice,0,0,0,0,0,0,0,0
exists_le_and_iff_exists,1,theorem,0,0,Order_Lattice,0,0,0,0,0,0,0,0
exists_pair_ne,0,axiom,1,0,Logic_Function_Basic,0,0,0,0,0,0,0,0
exists_prop,0,axiom,1,0,Logic_Function_Basic,0,0,0,0,0,0,0,0
false_iff,0,axiom,1,0,Analysis_SpecialFunctions_Log_Basic,0,0,0,0,0,0,0,0
finprod,0,def,1,0,Analysis_SpecialFunctions_Log_Basic,0,0,0,0,0,0,0,0
finprod_def,0,axiom,1,0,Analysis_SpecialFunctions_Log_Basic,0,0,0,0,0,0,0,0
finsum,0,def,1,0,Analysis_SpecialFunctions_Log_Basic,0,0,0,0,0,0,0,0
finsum_def,0,axiom,1,0,Analysis_SpecialFunctions_Log_Basic,0,0,0,0,0,0,0,0
flip,0,def,1,0,Logic_Function_Basic,0,0,0,0,0,0,0,0
forall_and,0,axiom,1,0,Order_Lattice,0,0,0,0,0,0,0,0
forall_apply_eq_imp_iff₂._simp_1,0,theorem,1,1,Analysis_SpecialFunctions_Log_Basic,0,0,0,0,1,0,0,0
forall_congr,0,axiom,1,0,Algebra_Group_Basic|Analysis_SpecialFunctions_Log_Basic|Data_Nat_GCD_Basic|Logic_Function_Basic|Order_Lattice|Topology_Basic,0,0,0,0,0,0,0,0
forall_congr',0,axiom,1,0,Logic_Function_Basic,0,0,0,0,0,0,0,0
forall_const,0,axiom,1,0,Analysis_SpecialFunctions_Log_Basic,0,0,0,0,0,0,0,0
forall_eq'._simp_1,0,theorem,1,1,Logic_Function_Basic,0,0,0,0,1,0,0,0
forall_eq_or_imp,0,axiom,1,0,Analysis_SpecialFunctions_Log_Basic,0,0,0,0,0,0,0,0
forall_existsUnique_iff,1,theorem,1,0,Logic_Function_Basic,0,0,0,0,0,0,0,0
forall_existsUnique_iff',1,theorem,1,0,Logic_Function_Basic,0,0,0,0,0,0,0,0
forall_exists_index._simp_1,0,theorem,1,1,Analysis_SpecialFunctions_Log_Basic,0,0,0,0,1,0,0,0
forall_prop_decidable,0,def,1,1,Logic_Function_Basic,1,0,0,0,0,0,0,0
four_ne_zero,0,axiom,1,0,Analysis_SpecialFunctions_Log_Basic,0,0,0,0,0,0,0,0
funext,0,axiom,1,1,Algebra_Group_Basic|Analysis_SpecialFunctions_Log_Basic|Logic_Function_Basic|Order_Lattice|Topology_Basic,0,0,0,0,0,1,0,0
funext_iff,0,axiom,1,0,Logic_Function_Basic,0,0,0,0,0,0,0,0
ge_antisymm,0,axiom,1,0,Order_Lattice,0,0,0,0,0,0,0,0
ge_antisymm_iff,0,axiom,1,0,Order_Lattice,0,0,0,0,0,0,0,0
ge_trans,0,axiom,1,0,Order_Lattice,0,0,0,0,0,0,0,0
heq_eq_eq,0,axiom,1,0,Logic_Function_Basic,0,0,0,0,0,0,0,0
heq_of_eq,0,axiom,1,0,Analysis_SpecialFunctions_Log_Basic|Logic_Function_Basic|Order_Lattice,0,0,0,0,0,0,0,0
hom_coe_nsmul,1,theorem,0,0,Algebra_Group_Basic,0,0,0,0,0,0,0,0
hom_coe_nsmul._f,1,def,1,1,Algebra_Group_Basic,0,0,0,0,1,0,0,0
hom_coe_pow,1,theorem,0,0,Algebra_Group_Basic,0,0,0,0,0,0,0,0
hom_coe_pow._f,1,def,1,1,Algebra_Group_Basic,0,0,0,0,1,0,0,0
id,0,def,1,1,Algebra_Group_Basic|Analysis_SpecialFunctions_Log_Basic|Data_Nat_GCD_Basic|Logic_Function_Basic|Order_Lattice|Topology_Basic,0,0,0,0,0,1,0,0
if_neg,0,axiom,1,0,Data_Nat_GCD_Basic|Logic_Function_Basic|Order_Lattice,0,0,0,0,0,0,0,0
if_pos,0,axiom,1,0,Data_Nat_GCD_Basic|Order_Lattice,0,0,0,0,0,0,0,0
iff_not_self,0,axiom,1,0,Logic_Function_Basic,0,0,0,0,0,0,0,0
iff_self,0,axiom,1,0,Algebra_Group_Basic|Analysis_SpecialFunctions_Log_Basic|Data_Nat_GCD_Basic|Logic_Function_Basic|Order_Lattice|Topology_Basic,0,0,0,0,0,0,0,0
imp_iff_not_or,0,axiom,1,0,Topology_Basic,0,0,0,0,0,0,0,0
implies_congr,0,axiom,1,0,Analysis_SpecialFunctions_Log_Basic|Data_Nat_GCD_Basic|Logic_Function_Basic|Order_Lattice|Topology_Basic,0,0,0,0,0,0,0,0
implies_congr_ctx,0,axiom,1,0,Analysis_SpecialFunctions_Log_Basic|Logic_Function_Basic,0,0,0,0,0,0,0,0
implies_true,0,axiom,1,0,Analysis_SpecialFunctions_Log_Basic|Logic_Function_Basic,0,0,0,0,0,0,0,0
inf_assoc,1,theorem,1,0,Order_Lattice,0,0,0,0,0,0,0,0
inf_comm,1,theorem,1,0,Order_Lattice,0,0,0,0,0,0,0,0
inf_congr_left,1,theorem,1,0,Order_Lattice,0,0,0,0,0,0,0,0
inf_congr_right,1,theorem,1,0,Order_Lattice,0,0,0,0,0,0,0,0
inf_eq_and_sup_eq_iff,1,theorem,0,0,Order_Lattice,0,0,0,0,0,0,0,0
inf_eq_iff_sup_eq,1,theorem,0,0,Order_Lattice,0,0,0,0,0,0,0,0
inf_eq_inf_iff_left,1,theorem,0,0,Order_Lattice,0,0,0,0,0,0,0,0
inf_eq_inf_iff_right,1,theorem,0,0,Order_Lattice,0,0,0,0,0,0,0,0
inf_eq_left,1,theorem,1,0,Order_Lattice,0,0,0,0,0,0,0,0
inf_eq_left._simp_1,1,theorem,0,0,Order_Lattice,0,0,0,0,0,0,0,0
inf_eq_minDefault,1,theorem,1,0,Order_Lattice,0,0,0,0,0,0,0,0
inf_eq_right,1,theorem,1,0,Order_Lattice,0,0,0,0,0,0,0,0
inf_eq_right._simp_1,1,theorem,0,0,Order_Lattice,0,0,0,0,0,0,0,0
inf_eq_sup,1,theorem,1,0,Order_Lattice,0,0,0,0,0,0,0,0
inf_eq_sup._simp_1,1,theorem,0,0,Order_Lattice,0,0,0,0,0,0,0,0
inf_idem,1,theorem,1,0,Order_Lattice,0,0,0,0,0,0,0,0
inf_ind,1,theorem,1,0,Order_Lattice,0,0,0,0,0,0,0,0
inf_inf_distrib_left,1,theorem,0,0,Order_Lattice,0,0,0,0,0,0,0,0
inf_inf_distrib_right,1,theorem,0,0,Order_Lattice,0,0,0,0,0,0,0,0
inf_inf_inf_comm,1,theorem,1,0,Order_Lattice,0,0,0,0,0,0,0,0
inf_le_iff,1,theorem,1,0,Order_Lattice,0,0,0,0,0,0,0,0
inf_le_iff._simp_1,1,theorem,0,0,Order_Lattice,0,0,0,0,0,0,0,0
inf_le_inf,1,theorem,1,0,Order_Lattice,0,0,0,0,0,0,0,0
inf_le_inf_left,1,theorem,1,0,Order_Lattice,0,0,0,0,0,0,0,0
inf_le_inf_right,1,theorem,0,0,Order_Lattice,0,0,0,0,0,0,0,0
inf_le_ite,1,theorem,0,0,Order_Lattice,0,0,0,0,0,0,0,0
inf_le_left,1,theorem,1,0,Order_Lattice,0,0,0,0,0,0,0,0
inf_le_left._simp_1,1,theorem,0,0,Order_Lattice,0,0,0,0,0,0,0,0
inf_le_of_left_le,1,theorem,1,0,Order_Lattice,0,0,0,0,0,0,0,0
inf_le_of_right_le,1,theorem,1,0,Order_Lattice,0,0,0,0,0,0,0,0
inf_le_right,1,theorem,1,0,Order_Lattice,0,0,0,0,0,0,0,0
inf_le_right._simp_1,1,theorem,0,0,Order_Lattice,0,0,0,0,0,0,0,0
inf_le_sup,1,theorem,1,0,Order_Lattice,0,0,0,0,0,0,0,0
inf_left_comm,1,theorem,1,0,Order_Lattice,0,0,0,0,0,0,0,0
inf_left_idem,1,theorem,0,0,Order_Lattice,0,0,0,0,0,0,0,0
inf_left_le_sup_left,1,theorem,1,0,Order_Lattice,0,0,0,0,0,0,0,0
inf_left_le_sup_left._simp_1,1,theorem,0,0,Order_Lattice,0,0,0,0,0,0,0,0
inf_left_le_sup_right,1,theorem,1,0,Order_Lattice,0,0,0,0,0,0,0,0
inf_left_le_sup_right._simp_1,1,theorem,0,0,Order_Lattice,0,0,0,0,0,0,0,0
inf_left_right_swap,1,theorem,0,0,Order_Lattice,0,0,0,0,0,0,0,0
inf_lt_iff,1,theorem,1,0,Order_Lattice,0,0,0,0,0,0,0,0
inf_lt_iff._simp_1,1,theorem,0,0,Order_Lattice,0,0,0,0,0,0,0,0
inf_lt_left,1,theorem,1,0,Order_Lattice,0,0,0,0,0,0,0,0
inf_lt_left._simp_1,1,theorem,0,0,Order_Lattice,0,0,0,0,0,0,0,0
inf_lt_left_or_right,1,theorem,0,0,Order_Lattice,0,0,0,0,0,0,0,0
inf_lt_of_left_lt,1,theorem,0,0,Order_Lattice,0,0,0,0,0,0,0,0
inf_lt_of_right_lt,1,theorem,0,0,Order_Lattice,0,0,0,0,0,0,0,0
inf_lt_right,1,theorem,1,0,Order_Lattice,0,0,0,0,0,0,0,0
inf_lt_right._simp_1,1,theorem,0,0,Order_Lattice,0,0,0,0,0,0,0,0
inf_lt_sup,1,theorem,1,0,Order_Lattice,0,0,0,0,0,0,0,0
inf_lt_sup._simp_1,1,theorem,0,0,Order_Lattice,0,0,0,0,0,0,0,0
inf_of_le_left,1,theorem,1,0,Order_Lattice,0,0,0,0,0,0,0,0
inf_of_le_right,1,theorem,1,0,Order_Lattice,0,0,0,0,0,0,0,0
inf_right_comm,1,theorem,0,0,Order_Lattice,0,0,0,0,0,0,0,0
inf_right_idem,1,theorem,0,0,Order_Lattice,0,0,0,0,0,0,0,0
inf_right_le_sup_left,1,theorem,1,0,Order_Lattice,0,0,0,0,0,0,0,0
inf_right_le_sup_left._simp_1,1,theorem,0,0,Order_Lattice,0,0,0,0,0,0,0,0
inf_right_le_sup_right,1,theorem,1,0,Order_Lattice,0,0,0,0,0,0,0,0
inf_right_le_sup_right._simp_1,1,theorem,0,0,Order_Lattice,0,0,0,0,0,0,0,0
inf_rotate,1,theorem,0,0,Order_Lattice,0,0,0,0,0,0,0,0
inf_rotate',1,theorem,0,0,Order_Lattice,0,0,0,0,0,0,0,0
inf_sup_le,1,theorem,1,0,Order_Lattice,0,0,0,0,0,0,0,0
inf_sup_left,1,theorem,1,0,Order_Lattice,0,0,0,0,0,0,0,0
inf_sup_right,1,theorem,0,0,Order_Lattice,0,0,0,0,0,0,0,0
inf_sup_self,1,theorem,1,0,Order_Lattice,0,0,0,0,0,0,0,0
inferInstance,0,def,1,0,Analysis_SpecialFunctions_Log_Basic|Logic_Function_Basic|Order_Lattice,0,0,0,0,0,0,0,0
instAddNat,0,def,1,1,Algebra_Group_Basic|Analysis_SpecialFunctions_Log_Basic|Data_Nat_GCD_Basic,1,0,0,0,0,0,0,0
instAssociativeMax_lattice,1,theorem,0,0,Order_Lattice,0,0,0,0,0,0,0,0
instAssociativeMin_lattice,1,theorem,0,0,Order_Lattice,0,0,0,0,0,0,0,0
instClosedIicTopology,0,axiom,1,1,Analysis_SpecialFunctions_Log_Basic,1,0,0,0,0,0,0,0
instCommutativeMax_lattice,1,theorem,0,0,Order_Lattice,0,0,0,0,0,0,0,0
instCommutativeMin_lattice,1,theorem,0,0,Order_Lattice,0,0,0,0,0,0,0,0
instDecidableCurryOfMk_basic,1,def,0,0,Logic_Function_Basic,0,0,0,0,0,0,0,0
instDecidableEqBool,0,def,1,1,Analysis_SpecialFunctions_Log_Basic|Data_Nat_GCD_Basic|Logic_Function_Basic,1,0,0,0,0,0,0,0
instDecidableEqNat,0,def,1,1,Analysis_SpecialFunctions_Log_Basic|Data_Nat_GCD_Basic,1,0,0,0,0,0,0,0
instDecidableEqProd,0,def,1,1,Logic_Function_Basic,1,0,0,0,0,0,0,0
instDecidableEqULift,0,def,1,1,Order_Lattice,1,0,0,0,0,0,0,0
instDecidableNot,0,def,1,1,Logic_Function_Basic,1,0,0,0,0,0,0,0
instDecidableTrue,0,def,1,1,Logic_Function_Basic,1,0,0,0,0,0,0,0
instDecidableUncurryOfFstSnd_basic,1,def,0,0,Logic_Function_Basic,0,0,0,0,0,0,0,0
instDistribLatticeNat,1,def,0,0,Order_Lattice,0,0,0,0,0,0,0,0
instDistribLatticeOfLinearOrder,1,def,1,1,Analysis_SpecialFunctions_Log_Basic|Order_Lattice,1,0,0,0,0,0,0,0
instDistribLatticeOfLinearOrder._proof_1,1,theorem,1,1,Order_Lattice,0,0,0,0,1,0,0,0
instDistribLatticeOfLinearOrder._proof_2,1,theorem,1,1,Order_Lattice,0,0,0,0,1,0,0,0
instDistribLatticeOfLinearOrder._proof_3,1,theorem,1,1,Order_Lattice,0,0,0,0,1,0,0,0
instDistribLatticeOfLinearOrder._proof_4,1,theorem,1,1,Order_Lattice,0,0,0,0,1,0,0,0
instDistribLatticeOfLinearOrder.match_1,1,def,1,1,Order_Lattice,0,0,0,1,1,0,0,0
instDistribOfSemiring,0,def,1,1,Analysis_SpecialFunctions_Log_Basic,1,0,0,0,0,0,0,0
instFunLikeOrderIso,0,def,1,1,Analysis_SpecialFunctions_Log_Basic,1,0,0,0,0,0,0,0
instHAdd,0,def,1,1,Algebra_Group_Basic|Analysis_SpecialFunctions_Log_Basic|Data_Nat_GCD_Basic,1,0,0,0,0,0,0,0
instHDiv,0,def,1,1,Algebra_Group_Basic|Analysis_SpecialFunctions_Log_Basic|Data_Nat_GCD_Basic,1,0,0,0,0,0,0,0
instHMod,0,def,1,1,Algebra_Group_Basic|Data_Nat_GCD_Basic,1,0,0,0,0,0,0,0
instHMul,0,def,1,1,Algebra_Group_Basic|Analysis_SpecialFunctions_Log_Basic|Data_Nat_GCD_Basic,1,0,0,0,0,0,0,0
instHPow,0,def,1,1,Algebra_Group_Basic|Analysis_SpecialFunctions_Log_Basic|Data_Nat_GCD_Basic,1,0,0,0,0,0,0,0
instHSMul,0,def,1,1,Algebra_Group_Basic,1,0,0,0,0,0,0,0
instHSub,0,def,1,1,Algebra_Group_Basic|Analysis_SpecialFunctions_Log_Basic|Data_Nat_GCD_Basic,1,0,0,0,0,0,0,0
instHVAdd,0,def,1,1,Algebra_Group_Basic,1,0,0,0,0,0,0,0
instHasSolidNormReal,0,axiom,1,1,Analysis_SpecialFunctions_Log_Basic,1,0,0,0,0,0,0,0
instIdempotentOpMax_lattice,1,theorem,0,0,Order_Lattice,0,0,0,0,0,0,0,0
instIdempotentOpMin_lattice,1,theorem,0,0,Order_Lattice,0,0,0,0,0,0,0,0
instInhabitedTrue,0,def,1,1,Analysis_SpecialFunctions_Log_Basic,1,0,0,0,0,0,0,0
instIsCancelMulZero,0,axiom,1,1,Analysis_SpecialFunctions_Log_Basic,1,0,0,0,0,0,0,0
instIsDirectedOrder,0,axiom,1,1,Analysis_SpecialFunctions_Log_Basic,1,0,0,0,0,0,0,0
instIsLeftCancelAddOfAddLeftReflectLE,0,axiom,1,1,Analysis_SpecialFunctions_Log_Basic,1,0,0,0,0,0,0,0
instIsLinearOrder_mathlib,0,axiom,1,1,Order_Lattice,1,0,0,0,0,0,0,0
instIsPreorder_mathlib,0,axiom,1,1,Analysis_SpecialFunctions_Log_Basic|Order_Lattice,1,0,0,0,0,0,0,0
instIsRightCancelAddOfAddRightReflectLE,0,axiom,1,1,Analysis_SpecialFunctions_Log_Basic,1,0,0,0,0,0,0,0
instIsTopologicalRingReal,0,axiom,1,1,Analysis_SpecialFunctions_Log_Basic,1,0,0,0,0,0,0,0
instLENat,0,def,1,1,Algebra_Group_Basic|Analysis_SpecialFunctions_Log_Basic|Data_Nat_GCD_Basic,1,0,0,0,0,0,0,0
instLTNat,0,def,1,1,Analysis_SpecialFunctions_Log_Basic|Data_Nat_GCD_Basic,1,0,0,0,0,0,0,0
instLatticeInt,1,def,0,0,Order_Lattice,0,0,0,0,0,0,0,0
instLawfulOrderLT_mathlib,0,axiom,1,1,Analysis_SpecialFunctions_Log_Basic|Order_Lattice,1,0,0,0,0,0,0,0
instMonadControlTOfPure,0,def,1,1,Analysis_SpecialFunctions_Log_Basic,1,0,0,0,0,0,0,0
instMonadExceptOfMonadExceptOf,0,def,1,1,Logic_Function_Basic,1,0,0,0,0,0,0,0
instMonadLiftT,0,def,1,1,Analysis_SpecialFunctions_Log_Basic,1,0,0,0,0,0,0,0
instMulNat,0,def,1,1,Algebra_Group_Basic|Data_Nat_GCD_Basic,1,0,0,0,0,0,0,0
instMulZeroClassOfSemiring,0,def,1,1,Analysis_SpecialFunctions_Log_Basic,1,0,0,0,0,0,0,0
instMulZeroOneClassOfSemiring,0,def,1,1,Analysis_SpecialFunctions_Log_Basic,1,0,0,0,0,0,0,0
instNatCastInt,0,def,1,1,Algebra_Group_Basic|Analysis_SpecialFunctions_Log_Basic|Data_Nat_GCD_Basic,1,0,0,0,0,0,0,0
instNatPowNat,0,def,1,1,Algebra_Group_Basic|Data_Nat_GCD_Basic,1,0,0,0,0,0,0,0
instNoBotOrderOfNoMinOrder,0,axiom,1,1,Analysis_SpecialFunctions_Log_Basic,1,0,0,0,0,0,0,0
instNoMaxOrderOfNontrivial,0,axiom,1,1,Analysis_SpecialFunctions_Log_Basic,1,0,0,0,0,0,0,0
instNoMinOrderOfNontrivial,0,axiom,1,1,Analysis_SpecialFunctions_Log_Basic,1,0,0,0,0,0,0,0
instNoTopOrderOfNoMaxOrder,0,axiom,1,1,Analysis_SpecialFunctions_Log_Basic,1,0,0,0,0,0,0,0
instNonemptyOfInhabited,0,axiom,1,1,Analysis_SpecialFunctions_Log_Basic,1,0,0,0,0,0,0,0
instNontrivialProp,0,axiom,1,1,Logic_Function_Basic,1,0,0,0,0,0,0,0
instOfNat,0,def,1,1,Algebra_Group_Basic|Analysis_SpecialFunctions_Log_Basic|Data_Nat_GCD_Basic,1,0,0,0,0,0,0,0
instOfNatAtLeastTwo,0,def,1,1,Analysis_SpecialFunctions_Log_Basic,1,0,0,0,0,0,0,0
instOfNatNat,0,def,1,1,Algebra_Group_Basic|Analysis_SpecialFunctions_Log_Basic|Data_Nat_GCD_Basic|Logic_Function_Basic,1,0,0,0,0,0,0,0
instOrderTopologyReal,0,axiom,1,1,Analysis_SpecialFunctions_Log_Basic,1,0,0,0,0,0,0,0
instOrderedAddOfIsOrderedCancelAddMonoid,0,axiom,1,1,Analysis_SpecialFunctions_Log_Basic,1,0,0,0,0,0,0,0
instOrderedRingOfIsStrictOrderedRing,0,axiom,1,1,Analysis_SpecialFunctions_Log_Basic,1,0,0,0,0,0,0,0
instPowNat,0,def,1,1,Algebra_Group_Basic|Data_Nat_GCD_Basic,1,0,0,0,0,0,0,0
instReflGe,0,axiom,1,1,Order_Lattice,1,0,0,0,0,0,0,0
instReflLe,0,axiom,1,1,Analysis_SpecialFunctions_Log_Basic|Order_Lattice,1,0,0,0,0,0,0,0
instSubNat,0,def,1,1,Algebra_Group_Basic|Data_Nat_GCD_Basic,1,0,0,0,0,0,0,0
instSubsingletonDecidable,0,axiom,1,1,Logic_Function_Basic,1,0,0,0,0,0,0,0
instTopologicalSpaceSubtype,0,def,1,1,Analysis_SpecialFunctions_Log_Basic,1,0,0,0,0,0,0,0
instTransEq,0,def,1,1,Algebra_Group_Basic|Logic_Function_Basic|Order_Lattice,1,0,0,0,0,0,0,0
instTransEq_1,0,def,1,1,Order_Lattice,1,0,0,0,0,0,0,0
instTransIff,0,def,1,1,Algebra_Group_Basic,1,0,0,0,0,0,0,0
instTransLE,0,def,1,1,Order_Lattice,1,0,0,0,0,0,0,0
invOf_eq_inv,0,axiom,1,0,Analysis_SpecialFunctions_Log_Basic,0,0,0,0,0,0,0,0
inv_bijective,1,theorem,0,0,Algebra_Group_Basic,0,0,0,0,0,0,0,0
inv_comp_inv,1,theorem,0,0,Algebra_Group_Basic,0,0,0,0,0,0,0,0
inv_div,1,theorem,1,0,Algebra_Group_Basic,0,0,0,0,0,0,0,0
inv_div',1,theorem,0,0,Algebra_Group_Basic,0,0,0,0,0,0,0,0
inv_div_comm,1,theorem,0,0,Algebra_Group_Basic,0,0,0,0,0,0,0,0
inv_div_inv,1,theorem,0,0,Algebra_Group_Basic,0,0,0,0,0,0,0,0
inv_div_left,1,theorem,0,0,Algebra_Group_Basic,0,0,0,0,0,0,0,0
inv_eq_iff_eq_inv,1,theorem,1,0,Algebra_Group_Basic,0,0,0,0,0,0,0,0
inv_eq_iff_mul_eq_one,1,theorem,0,0,Algebra_Group_Basic,0,0,0,0,0,0,0,0
inv_eq_of_mul_eq_one_right,0,axiom,1,0,Algebra_Group_Basic,0,0,0,0,0,0,0,0
inv_eq_one,1,theorem,1,0,Algebra_Group_Basic,0,0,0,0,0,0,0,0
inv_eq_one._simp_1,1,theorem,1,1,Algebra_Group_Basic,0,0,0,0,1,0,0,0
inv_inj,1,theorem,1,0,Algebra_Group_Basic,0,0,0,0,0,0,0,0
inv_inj._simp_1,1,theorem,1,1,Algebra_Group_Basic,0,0,0,0,1,0,0,0
inv_injective,1,theorem,1,0,Algebra_Group_Basic,0,0,0,0,0,0,0,0
inv_inv,0,axiom,1,0,Algebra_Group_Basic,0,0,0,0,0,0,0,0
inv_inv_div_inv,1,theorem,0,0,Algebra_Group_Basic,0,0,0,0,0,0,0,0
inv_involutive,1,theorem,1,0,Algebra_Group_Basic,0,0,0,0,0,0,0,0
inv_involutive._simp_1,1,theorem,0,0,Algebra_Group_Basic,0,0,0,0,0,0,0,0
inv_mul',1,theorem,0,0,Algebra_Group_Basic,0,0,0,0,0,0,0,0
inv_mul_cancel,0,axiom,1,0,Algebra_Group_Basic,0,0,0,0,0,0,0,0
inv_mul_cancel_left,0,axiom,1,0,Algebra_Group_Basic,0,0,0,0,0,0,0,0
inv_mul_cancel_right,0,axiom,1,0,Algebra_Group_Basic,0,0,0,0,0,0,0,0
inv_mul_eq_div,1,theorem,0,0,Algebra_Group_Basic,0,0,0,0,0,0,0,0
inv_mul_eq_iff_eq_mul,1,theorem,1,0,Algebra_Group_Basic,0,0,0,0,0,0,0,0
inv_mul_eq_inv_mul_iff_mul_eq_mul,1,theorem,0,0,Algebra_Group_Basic,0,0,0,0,0,0,0,0
inv_mul_eq_of_eq_mul,1,theorem,0,0,Algebra_Group_Basic,0,0,0,0,0,0,0,0
inv_mul_eq_one,1,theorem,0,0,Algebra_Group_Basic,0,0,0,0,0,0,0,0
inv_ne_one,1,theorem,0,0,Algebra_Group_Basic,0,0,0,0,0,0,0,0
inv_ne_zero,0,axiom,1,0,Analysis_SpecialFunctions_Log_Basic,0,0,0,0,0,0,0,0
inv_nonneg,0,axiom,1,0,Analysis_SpecialFunctions_Log_Basic,0,0,0,0,0,0,0,0
inv_one,0,axiom,1,0,Algebra_Group_Basic|Analysis_SpecialFunctions_Log_Basic,0,0,0,0,0,0,0,0
inv_pos,0,axiom,1,0,Analysis_SpecialFunctions_Log_Basic,0,0,0,0,0,0,0,0
inv_pow,1,theorem,1,0,Algebra_Group_Basic,0,0,0,0,0,0,0,0
inv_pow._f,1,def,1,1,Algebra_Group_Basic,0,0,0,0,1,0,0,0
inv_pow_sub,1,theorem,0,0,Algebra_Group_Basic,0,0,0,0,0,0,0,0
inv_surjective,1,theorem,1,0,Algebra_Group_Basic,0,0,0,0,0,0,0,0
inv_surjective._simp_1,1,theorem,0,0,Algebra_Group_Basic,0,0,0,0,0,0,0,0
inv_unique,1,theorem,0,0,Algebra_Group_Basic,0,0,0,0,0,0,0,0
inv_zero,0,axiom,1,0,Analysis_SpecialFunctions_Log_Basic,0,0,0,0,0,0,0,0
inv_zpow,1,theorem,1,0,Algebra_Group_Basic,0,0,0,0,0,0,0,0
inv_zpow',1,theorem,0,0,Algebra_Group_Basic,0,0,0,0,0,0,0,0
irrefl_of,0,axiom,1,0,Logic_Function_Basic,0,0,0,0,0,0,0,0
isClosed_biInter,1,theorem,0,0,Topology_Basic,0,0,0,0,0,0,0,0
isClosed_biUnion_finset,1,theorem,0,0,Topology_Basic,0,0,0,0,0,0,0,0
isClosed_compl_iff,1,theorem,1,0,Topology_Basic,0,0,0,0,0,0,0,0
isClosed_compl_iff._simp_1,1,theorem,0,0,Topology_Basic,0,0,0,0,0,0,0,0
isClosed_const,1,theorem,1,0,Topology_Basic,0,0,0,0,0,0,0,0
isClosed_empty,1,theorem,1,0,Topology_Basic,0,0,0,0,0,0,0,0
isClosed_empty._simp_1,1,theorem,0,0,Topology_Basic,0,0,0,0,0,0,0,0
isClosed_iInter,1,theorem,1,0,Topology_Basic,0,0,0,0,0,0,0,0
isClosed_iUnion_of_finite,1,theorem,0,0,Topology_Basic,0,0,0,0,0,0,0,0
isClosed_imp,1,theorem,0,0,Topology_Basic,0,0,0,0,0,0,0,0
isClosed_sInter,1,theorem,1,0,Topology_Basic,0,0,0,0,0,0,0,0
isClosed_univ,1,theorem,1,0,Topology_Basic,0,0,0,0,0,0,0,0
isClosed_univ._simp_1,1,theorem,0,0,Topology_Basic,0,0,0,0,0,0,0,0
isOpen_Ioi,0,axiom,1,0,Analysis_SpecialFunctions_Log_Basic,0,0,0,0,0,0,0,0
isOpen_biInter_finset,1,theorem,0,0,Topology_Basic,0,0,0,0,0,0,0,0
isOpen_biUnion,1,theorem,1,0,Topology_Basic,0,0,0,0,0,0,0,0
isOpen_compl_iff,1,theorem,1,0,Topology_Basic,0,0,0,0,0,0,0,0
isOpen_compl_iff._simp_1,1,theorem,0,0,Topology_Basic,0,0,0,0,0,0,0,0
isOpen_compl_singleton,0,axiom,1,0,Analysis_SpecialFunctions_Log_Basic,0,0,0,0,0,0,0,0
isOpen_const,1,theorem,1,0,Topology_Basic,0,0,0,0,0,0,0,0
isOpen_const._simp_1,1,theorem,0,0,Topology_Basic,0,0,0,0,0,0,0,0
isOpen_empty,1,theorem,1,0,Topology_Basic,0,0,0,0,0,0,0,0
isOpen_empty._simp_1,1,theorem,1,1,Topology_Basic,0,0,0,0,1,0,0,0
isOpen_fold,1,theorem,0,0,Topology_Basic,0,0,0,0,0,0,0,0
isOpen_iInter_of_finite,1,theorem,1,0,Topology_Basic,0,0,0,0,0,0,0,0
isOpen_iUnion,1,theorem,1,0,Topology_Basic,0,0,0,0,0,0,0,0
isOpen_iff_of_cover,1,theorem,0,0,Topology_Basic,0,0,0,0,0,0,0,0
isOpen_mk,1,theorem,0,0,Topology_Basic,0,0,0,0,0,0,0,0
isOpen_sUnion,0,axiom,1,0,Topology_Basic,0,0,0,0,0,0,0,0
isOpen_univ,0,axiom,1,0,Analysis_SpecialFunctions_Log_Basic|Topology_Basic,0,0,0,0,0,0,0,0
isOpen_univ._simp_1,0,theorem,1,1,Topology_Basic,0,0,0,0,1,0,0,0
isReduced_of_noZeroDivisors,0,axiom,1,1,Analysis_SpecialFunctions_Log_Basic,1,0,0,0,0,0,0,0
isUnit_iff_dvd_one,0,axiom,1,0,Data_Nat_GCD_Basic,0,0,0,0,0,0,0,0
ite,0,def,1,0,Algebra_Group_Basic|Analysis_SpecialFunctions_Log_Basic|Data_Nat_GCD_Basic|Logic_Function_Basic|Order_Lattice,0,0,0,0,0,0,0,0
ite_add_zero,1,theorem,0,0,Algebra_Group_Basic,0,0,0,0,0,0,0,0
ite_cond_eq_false,0,axiom,1,0,Algebra_Group_Basic|Logic_Function_Basic|Order_Lattice,0,0,0,0,0,0,0,0
ite_cond_eq_true,0,axiom,1,0,Algebra_Group_Basic|Logic_Function_Basic|Order_Lattice,0,0,0,0,0,0,0,0
ite_congr,0,axiom,1,0,Algebra_Group_Basic|Logic_Function_Basic,0,0,0,0,0,0,0,0
ite_id,0,axiom,1,0,Logic_Function_Basic,0,0,0,0,0,0,0,0
ite_le_sup,1,theorem,0,0,Order_Lattice,0,0,0,0,0,0,0,0
ite_mul_one,1,theorem,0,0,Algebra_Group_Basic,0,0,0,0,0,0,0,0
ite_not,0,axiom,1,0,Logic_Function_Basic,0,0,0,0,0,0,0,0
ite_one_mul,1,theorem,0,0,Algebra_Group_Basic,0,0,0,0,0,0,0,0
ite_pow,1,theorem,0,0,Algebra_Group_Basic,0,0,0,0,0,0,0,0
ite_smul,1,theorem,1,0,Algebra_Group_Basic,0,0,0,0,0,0,0,0
ite_vadd,1,theorem,0,0,Algebra_Group_Basic,0,0,0,0,0,0,0,0
ite_zero_add,1,theorem,0,0,Algebra_Group_Basic,0,0,0,0,0,0,0,0
le_abs_self,0,axiom,1,0,Analysis_SpecialFunctions_Log_Basic,0,0,0,0,0,0,0,0
le_antisymm,0,axiom,1,0,Order_Lattice,0,0,0,0,0,0,0,0
le_antisymm_iff,0,axiom,1,0,Order_Lattice,0,0,0,0,0,0,0,0
le_iff_exists_inf,1,theorem,0,0,Order_Lattice,0,0,0,0,0,0,0,0
le_iff_exists_sup,1,theorem,0,0,Order_Lattice,0,0,0,0,0,0,0,0
le_inf,1,theorem,1,0,Order_Lattice,0,0,0,0,0,0,0,0
le_inf_iff,1,theorem,1,0,Order_Lattice,0,0,0,0,0,0,0,0
le_inf_iff._simp_1,1,theorem,1,1,Order_Lattice,0,0,0,0,1,0,0,0
le_inf_sup,1,theorem,0,0,Order_Lattice,0,0,0,0,0,0,0,0
le_inv_comm₀,0,axiom,1,0,Analysis_SpecialFunctions_Log_Basic,0,0,0,0,0,0,0,0
le_max_left,0,axiom,1,0,Order_Lattice,0,0,0,0,0,0,0,0
le_max_right,0,axiom,1,0,Order_Lattice,0,0,0,0,0,0,0,0
le_min,0,axiom,1,0,Order_Lattice,0,0,0,0,0,0,0,0
le_nhds_lim,1,theorem,1,0,Topology_Basic,0,0,0,0,0,0,0,0
le_of_eq,0,axiom,1,0,Order_Lattice,0,0,0,0,0,0,0,0
le_of_inf_eq,1,theorem,0,0,Order_Lattice,0,0,0,0,0,0,0,0
le_of_inf_eq',1,theorem,0,0,Order_Lattice,0,0,0,0,0,0,0,0
le_of_inf_le_sup_le,1,theorem,1,0,Order_Lattice,0,0,0,0,0,0,0,0
le_of_le_of_eq,0,axiom,1,0,Data_Nat_GCD_Basic,0,0,0,0,0,0,0,0
le_of_lt,0,axiom,1,0,Analysis_SpecialFunctions_Log_Basic,0,0,0,0,0,0,0,0
le_of_not_gt,0,axiom,1,0,Analysis_SpecialFunctions_Log_Basic,0,0,0,0,0,0,0,0
le_of_sup_eq,1,theorem,0,0,Order_Lattice,0,0,0,0,0,0,0,0
le_of_sup_eq',1,theorem,0,0,Order_Lattice,0,0,0,0,0,0,0,0
le_or_gt,0,axiom,1,0,Analysis_SpecialFunctions_Log_Basic,0,0,0,0,0,0,0,0
le_refl,0,axiom,1,0,Order_Lattice,0,0,0,0,0,0,0,0
le_rfl,0,axiom,1,0,Order_Lattice,0,0,0,0,0,0,0,0
le_sub_iff_add_le,0,axiom,1,0,Analysis_SpecialFunctions_Log_Basic,0,0,0,0,0,0,0,0
le_sup_iff,1,theorem,1,0,Order_Lattice,0,0,0,0,0,0,0,0
le_sup_iff._simp_1,1,theorem,0,0,Order_Lattice,0,0,0,0,0,0,0,0
le_sup_inf,1,theorem,1,0,Order_Lattice,0,0,0,0,0,0,0,0
le_sup_left,1,theorem,1,0,Order_Lattice,0,0,0,0,0,0,0,0
le_sup_left._simp_1,1,theorem,1,1,Order_Lattice,0,0,0,0,1,0,0,0
le_sup_of_le_left,1,theorem,1,0,Order_Lattice,0,0,0,0,0,0,0,0
le_sup_of_le_right,1,theorem,1,0,Order_Lattice,0,0,0,0,0,0,0,0
le_sup_right,1,theorem,1,0,Order_Lattice,0,0,0,0,0,0,0,0
le_sup_right._simp_1,1,theorem,1,1,Order_Lattice,0,0,0,0,1,0,0,0
le_total,0,axiom,1,0,Order_Lattice,0,0,0,0,0,0,0,0
le_trans,0,axiom,1,0,Analysis_SpecialFunctions_Log_Basic|Order_Lattice,0,0,0,0,0,0,0,0
leftInverse_add_left_sub,1,theorem,0,0,Algebra_Group_Basic,0,0,0,0,0,0,0,0
leftInverse_add_right_neg_add,1,theorem,0,0,Algebra_Group_Basic,0,0,0,0,0,0,0,0
leftInverse_div_mul_left,1,theorem,0,0,Algebra_Group_Basic,0,0,0,0,0,0,0,0
leftInverse_inv,1,theorem,0,0,Algebra_Group_Basic,0,0,0,0,0,0,0,0
leftInverse_inv_mul_mul_right,1,theorem,0,0,Algebra_Group_Basic,0,0,0,0,0,0,0,0
leftInverse_mul_left_div,1,theorem,0,0,Algebra_Group_Basic,0,0,0,0,0,0,0,0
leftInverse_mul_right_inv_mul,1,theorem,0,0,Algebra_Group_Basic,0,0,0,0,0,0,0,0
leftInverse_neg,1,theorem,0,0,Algebra_Group_Basic,0,0,0,0,0,0,0,0
leftInverse_neg_add_add_right,1,theorem,0,0,Algebra_Group_Basic,0,0,0,0,0,0,0,0
leftInverse_sub_add_left,1,theorem,0,0,Algebra_Group_Basic,0,0,0,0,0,0,0,0
left_eq_add,1,theorem,1,0,Algebra_Group_Basic,0,0,0,0,0,0,0,0
left_eq_add._simp_1,1,theorem,0,0,Algebra_Group_Basic,0,0,0,0,0,0,0,0
left_eq_inf,1,theorem,1,0,Order_Lattice,0,0,0,0,0,0,0,0
left_eq_inf._simp_1,1,theorem,0,0,Order_Lattice,0,0,0,0,0,0,0,0
left_eq_mul,1,theorem,1,0,Algebra_Group_Basic,0,0,0,0,0,0,0,0
left_eq_mul._simp_1,1,theorem,0,0,Algebra_Group_Basic,0,0,0,0,0,0,0,0
left_eq_sup,1,theorem,1,0,Order_Lattice,0,0,0,0,0,0,0,0
left_eq_sup._simp_1,1,theorem,0,0,Order_Lattice,0,0,0,0,0,0,0,0
left_inv_eq_right_inv,0,axiom,1,0,Algebra_Group_Basic,0,0,0,0,0,0,0,0
left_lt_sup,1,theorem,1,0,Order_Lattice,0,0,0,0,0,0,0,0
left_lt_sup._simp_1,1,theorem,0,0,Order_Lattice,0,0,0,0,0,0,0,0
left_ne_add,1,theorem,0,0,Algebra_Group_Basic,0,0,0,0,0,0,0,0
left_ne_mul,1,theorem,0,0,Algebra_Group_Basic,0,0,0,0,0,0,0,0
left_neg_eq_right_neg,0,axiom,1,0,Algebra_Group_Basic,0,0,0,0,0,0,0,0
left_or_right_lt_sup,1,theorem,0,0,Order_Lattice,0,0,0,0,0,0,0,0
liftM,0,def,1,0,Analysis_SpecialFunctions_Log_Basic,0,0,0,0,0,0,0,0
limUnder_of_not_tendsto,1,theorem,0,0,Topology_Basic,0,0,0,0,0,0,0,0
lt_div_iff₀,0,axiom,1,0,Analysis_SpecialFunctions_Log_Basic,0,0,0,0,0,0,0,0
lt_inf_iff,1,theorem,1,0,Order_Lattice,0,0,0,0,0,0,0,0
lt_inf_iff._simp_1,1,theorem,0,0,Order_Lattice,0,0,0,0,0,0,0,0
lt_min,0,axiom,1,0,Analysis_SpecialFunctions_Log_Basic,0,0,0,0,0,0,0,0
lt_neg,0,axiom,1,0,Analysis_SpecialFunctions_Log_Basic,0,0,0,0,0,0,0,0
lt_of_not_ge,0,axiom,1,0,Analysis_SpecialFunctions_Log_Basic,0,0,0,0,0,0,0,0
lt_or_ge,0,axiom,1,0,Data_Nat_GCD_Basic,0,0,0,0,0,0,0,0
lt_or_lt_iff_ne,0,axiom,1,0,Order_Lattice,0,0,0,0,0,0,0,0
lt_self_iff_false._simp_1,0,theorem,1,1,Analysis_SpecialFunctions_Log_Basic,0,0,0,0,1,0,0,0
lt_sup_iff,1,theorem,1,0,Order_Lattice,0,0,0,0,0,0,0,0
lt_sup_iff._simp_1,1,theorem,0,0,Order_Lattice,0,0,0,0,0,0,0,0
lt_sup_of_lt_left,1,theorem,0,0,Order_Lattice,0,0,0,0,0,0,0,0
lt_sup_of_lt_right,1,theorem,0,0,Order_Lattice,0,0,0,0,0,0,0,0
lt_trans,0,axiom,1,0,Analysis_SpecialFunctions_Log_Basic,0,0,0,0,0,0,0,0
lt_trichotomy,0,axiom,1,0,Analysis_SpecialFunctions_Log_Basic,0,0,0,0,0,0,0,0
maxDefault,0,def,1,0,Order_Lattice,0,0,0,0,0,0,0,0
max_def,0,axiom,1,0,Order_Lattice,0,0,0,0,0,0,0,0
max_le,0,axiom,1,0,Order_Lattice,0,0,0,0,0,0,0,0
max_max_max_comm,1,theorem,0,0,Order_Lattice,0,0,0,0,0,0,0,0
minDefault,0,def,1,0,Order_Lattice,0,0,0,0,0,0,0,0
min_def',0,axiom,1,0,Order_Lattice,0,0,0,0,0,0,0,0
min_le_left,0,axiom,1,0,Order_Lattice,0,0,0,0,0,0,0,0
min_le_right,0,axiom,1,0,Order_Lattice,0,0,0,0,0,0,0,0
min_min_min_comm,1,theorem,0,0,Order_Lattice,0,0,0,0,0,0,0,0
mt,0,axiom,1,0,Algebra_Group_Basic|Analysis_SpecialFunctions_Log_Basic,0,0,0,0,0,0,0,0
mul_assoc,0,axiom,1,0,Algebra_Group_Basic|Data_Nat_GCD_Basic,0,0,0,0,0,0,0,0
mul_comm,0,axiom,1,0,Algebra_Group_Basic|Analysis_SpecialFunctions_Log_Basic|Data_Nat_GCD_Basic,0,0,0,0,0,0,0,0
mul_comm_div,1,theorem,0,0,Algebra_Group_Basic,0,0,0,0,0,0,0,0
mul_div,1,theorem,0,0,Algebra_Group_Basic,0,0,0,0,0,0,0,0
mul_div_assoc,0,axiom,1,0,Algebra_Group_Basic,0,0,0,0,0,0,0,0
mul_div_assoc',1,theorem,0,0,Algebra_Group_Basic,0,0,0,0,0,0,0,0
mul_div_cancel,1,theorem,1,0,Algebra_Group_Basic,0,0,0,0,0,0,0,0
mul_div_cancel_left,1,theorem,1,0,Algebra_Group_Basic,0,0,0,0,0,0,0,0
mul_div_cancel_right,0,axiom,1,0,Algebra_Group_Basic,0,0,0,0,0,0,0,0
mul_div_div_cancel,1,theorem,0,0,Algebra_Group_Basic,0,0,0,0,0,0,0,0
mul_div_left_comm,1,theorem,0,0,Algebra_Group_Basic,0,0,0,0,0,0,0,0
mul_div_mul_comm,1,theorem,0,0,Algebra_Group_Basic,0,0,0,0,0,0,0,0
mul_div_mul_left_eq_div,1,theorem,0,0,Algebra_Group_Basic,0,0,0,0,0,0,0,0
mul_div_mul_right_eq_div,1,theorem,0,0,Algebra_Group_Basic,0,0,0,0,0,0,0,0
mul_div_right_comm,1,theorem,0,0,Algebra_Group_Basic,0,0,0,0,0,0,0,0
mul_eq_left,1,theorem,1,0,Algebra_Group_Basic,0,0,0,0,0,0,0,0
mul_eq_left._simp_1,1,theorem,0,0,Algebra_Group_Basic,0,0,0,0,0,0,0,0
mul_eq_of_eq_div,1,theorem,0,0,Algebra_Group_Basic,0,0,0,0,0,0,0,0
mul_eq_of_eq_div',1,theorem,0,0,Algebra_Group_Basic,0,0,0,0,0,0,0,0
mul_eq_of_eq_inv_mul,1,theorem,0,0,Algebra_Group_Basic,0,0,0,0,0,0,0,0
mul_eq_of_eq_mul_inv,1,theorem,0,0,Algebra_Group_Basic,0,0,0,0,0,0,0,0
mul_eq_one_iff_eq_inv,1,theorem,1,0,Algebra_Group_Basic,0,0,0,0,0,0,0,0
mul_eq_one_iff_eq_inv',1,theorem,0,0,Algebra_Group_Basic,0,0,0,0,0,0,0,0
mul_eq_one_iff_inv_eq,1,theorem,1,0,Algebra_Group_Basic,0,0,0,0,0,0,0,0
mul_eq_one_iff_inv_eq',1,theorem,0,0,Algebra_Group_Basic,0,0,0,0,0,0,0,0
mul_eq_right,1,theorem,1,0,Algebra_Group_Basic,0,0,0,0,0,0,0,0
mul_eq_right._simp_1,1,theorem,0,0,Algebra_Group_Basic,0,0,0,0,0,0,0,0
mul_inv,1,theorem,1,0,Algebra_Group_Basic,0,0,0,0,0,0,0,0
mul_inv_cancel,0,axiom,1,0,Algebra_Group_Basic,0,0,0,0,0,0,0,0
mul_inv_cancel_comm_assoc,0,axiom,1,0,Algebra_Group_Basic,0,0,0,0,0,0,0,0
mul_inv_cancel_left,0,axiom,1,0,Algebra_Group_Basic,0,0,0,0,0,0,0,0
mul_inv_cancel_right,0,axiom,1,0,Algebra_Group_Basic,0,0,0,0,0,0,0,0
mul_inv_eq_iff_eq_mul,1,theorem,1,0,Algebra_Group_Basic,0,0,0,0,0,0,0,0
mul_inv_eq_mul_inv_iff_mul_eq_mul,1,theorem,0,0,Algebra_Group_Basic,0,0,0,0,0,0,0,0
mul_inv_eq_of_eq_mul,1,theorem,0,0,Algebra_Group_Basic,0,0,0,0,0,0,0,0
mul_inv_eq_one,1,theorem,1,0,Algebra_Group_Basic,0,0,0,0,0,0,0,0
mul_inv_mul_mul_cancel,1,theorem,0,0,Algebra_Group_Basic,0,0,0,0,0,0,0,0
mul_inv_rev,0,axiom,1,0,Algebra_Group_Basic,0,0,0,0,0,0,0,0
mul_le_mul_of_nonneg_right,0,axiom,1,0,Analysis_SpecialFunctions_Log_Basic,0,0,0,0,0,0,0,0
mul_left_cancel_iff,0,axiom,1,0,Algebra_Group_Basic,0,0,0,0,0,0,0,0
mul_left_comm,1,theorem,1,0,Algebra_Group_Basic,0,0,0,0,0,0,0,0
mul_left_inj,0,axiom,1,0,Algebra_Group_Basic,0,0,0,0,0,0,0,0
mul_left_inj._simp_2,0,theorem,1,1,Algebra_Group_Basic,0,0,0,0,1,0,0,0
mul_left_injective,0,axiom,1,0,Algebra_Group_Basic,0,0,0,0,0,0,0,0
mul_left_iterate,1,theorem,1,0,Algebra_Group_Basic,0,0,0,0,0,0,0,0
mul_left_iterate._f,1,def,1,1,Algebra_Group_Basic,0,0,0,0,1,0,0,0
mul_left_iterate_apply,1,theorem,0,0,Algebra_Group_Basic,0,0,0,0,0,0,0,0
mul_left_iterate_apply_one,1,theorem,0,0,Algebra_Group_Basic,0,0,0,0,0,0,0,0
mul_left_surjective,1,theorem,0,0,Algebra_Group_Basic,0,0,0,0,0,0,0,0
mul_mul_div_cancel,1,theorem,0,0,Algebra_Group_Basic,0,0,0,0,0,0,0,0
mul_mul_inv_cancel'_right,1,theorem,0,0,Algebra_Group_Basic,0,0,0,0,0,0,0,0
mul_mul_inv_mul_cancel,1,theorem,0,0,Algebra_Group_Basic,0,0,0,0,0,0,0,0
mul_mul_mul_comm,1,theorem,1,0,Algebra_Group_Basic,0,0,0,0,0,0,0,0
mul_mul_mul_comm',1,theorem,0,0,Algebra_Group_Basic,0,0,0,0,0,0,0,0
mul_ne_left,1,theorem,0,0,Algebra_Group_Basic,0,0,0,0,0,0,0,0
mul_ne_right,1,theorem,0,0,Algebra_Group_Basic,0,0,0,0,0,0,0,0
mul_ne_zero,0,axiom,1,0,Analysis_SpecialFunctions_Log_Basic|Data_Nat_GCD_Basic,0,0,0,0,0,0,0,0
mul_ne_zero_iff,0,axiom,1,0,Data_Nat_GCD_Basic,0,0,0,0,0,0,0,0
mul_nonneg,0,axiom,1,0,Analysis_SpecialFunctions_Log_Basic,0,0,0,0,0,0,0,0
mul_nonpos_of_nonneg_of_nonpos,0,axiom,1,0,Analysis_SpecialFunctions_Log_Basic,0,0,0,0,0,0,0,0
mul_nsmul,0,axiom,1,0,Algebra_Group_Basic,0,0,0,0,0,0,0,0
mul_one,0,axiom,1,0,Algebra_Group_Basic|Analysis_SpecialFunctions_Log_Basic,0,0,0,0,0,0,0,0
mul_one_div,1,theorem,0,0,Algebra_Group_Basic,0,0,0,0,0,0,0,0
mul_one_eq_id,1,theorem,0,0,Algebra_Group_Basic,0,0,0,0,0,0,0,0
mul_pos,0,axiom,1,0,Analysis_SpecialFunctions_Log_Basic,0,0,0,0,0,0,0,0
mul_pow,1,theorem,1,0,Algebra_Group_Basic,0,0,0,0,0,0,0,0
mul_pow._f,1,def,1,1,Algebra_Group_Basic,0,0,0,0,1,0,0,0
mul_pow_mul,0,axiom,1,0,Algebra_Group_Basic,0,0,0,0,0,0,0,0
mul_pow_sub_one,1,theorem,0,0,Algebra_Group_Basic,0,0,0,0,0,0,0,0
mul_right_cancel_iff,0,axiom,1,0,Algebra_Group_Basic,0,0,0,0,0,0,0,0
mul_right_comm,1,theorem,0,0,Algebra_Group_Basic,0,0,0,0,0,0,0,0
mul_right_inj._simp_2,0,theorem,1,1,Algebra_Group_Basic,0,0,0,0,1,0,0,0
mul_right_injective,0,axiom,1,0,Algebra_Group_Basic,0,0,0,0,0,0,0,0
mul_right_iterate,1,theorem,1,0,Algebra_Group_Basic,0,0,0,0,0,0,0,0
mul_right_iterate._f,1,def,1,1,Algebra_Group_Basic,0,0,0,0,1,0,0,0
mul_right_iterate_apply,1,theorem,0,0,Algebra_Group_Basic,0,0,0,0,0,0,0,0
mul_right_iterate_apply_one,1,theorem,0,0,Algebra_Group_Basic,0,0,0,0,0,0,0,0
mul_right_surjective,1,theorem,0,0,Algebra_Group_Basic,0,0,0,0,0,0,0,0
mul_rotate,1,theorem,0,0,Algebra_Group_Basic,0,0,0,0,0,0,0,0
mul_rotate',1,theorem,0,0,Algebra_Group_Basic,0,0,0,0,0,0,0,0
mul_self_zpow,1,theorem,0,0,Algebra_Group_Basic,0,0,0,0,0,0,0,0
mul_zpow,1,theorem,1,0,Algebra_Group_Basic,0,0,0,0,0,0,0,0
mul_zpow_mul,1,theorem,0,0,Algebra_Group_Basic,0,0,0,0,0,0,0,0
mul_zpow_neg_one,1,theorem,0,0,Algebra_Group_Basic,0,0,0,0,0,0,0,0
mul_zpow_self,1,theorem,0,0,Algebra_Group_Basic,0,0,0,0,0,0,0,0
mul_zsmul,1,theorem,1,0,Algebra_Group_Basic,0,0,0,0,0,0,0,0
mul_zsmul',1,theorem,1,0,Algebra_Group_Basic,0,0,0,0,0,0,0,0
multiplicative_of_isTotal,1,theorem,0,0,Algebra_Group_Basic,0,0,0,0,0,0,0,0
multiplicative_of_symm_of_total,1,theorem,1,0,Algebra_Group_Basic,0,0,0,0,0,0,0,0
multiplicative_of_symmetric_of_isTotal,1,theorem,0,0,Algebra_Group_Basic,0,0,0,0,0,0,0,0
multiplicative_of_symmetric_of_total,1,theorem,0,0,Algebra_Group_Basic,0,0,0,0,0,0,0,0
multiplicative_of_total,1,theorem,1,0,Algebra_Group_Basic,0,0,0,0,0,0,0,0
natAbs_nsmul_eq_zero,1,theorem,1,0,Algebra_Group_Basic,0,0,0,0,0,0,0,0
natAbs_nsmul_eq_zero._simp_1,1,theorem,0,0,Algebra_Group_Basic,0,0,0,0,0,0,0,0
natCast_sub_natCast_zsmul,1,theorem,0,0,Algebra_Group_Basic,0,0,0,0,0,0,0,0
natCast_sub_one_zsmul,1,theorem,0,0,Algebra_Group_Basic,0,0,0,0,0,0,0,0
natCast_zsmul,0,axiom,1,0,Algebra_Group_Basic,0,0,0,0,0,0,0,0
ne_iff_ne_of_add_eq_add,1,theorem,0,0,Algebra_Group_Basic,0,0,0,0,0,0,0,0
ne_iff_ne_of_mul_eq_mul,1,theorem,0,0,Algebra_Group_Basic,0,0,0,0,0,0,0,0
ne_of_gt,0,axiom,1,0,Analysis_SpecialFunctions_Log_Basic|Data_Nat_GCD_Basic,0,0,0,0,0,0,0,0
ne_of_lt,0,axiom,1,0,Analysis_SpecialFunctions_Log_Basic,0,0,0,0,0,0,0,0
negSucc_zsmul,0,axiom,1,0,Algebra_Group_Basic,0,0,0,0,0,0,0,0
neg_add,1,theorem,1,0,Algebra_Group_Basic,0,0,0,0,0,0,0,0
neg_add',1,theorem,0,0,Algebra_Group_Basic,0,0,0,0,0,0,0,0
neg_add_cancel,0,axiom,1,0,Algebra_Group_Basic,0,0,0,0,0,0,0,0
neg_add_cancel_left,0,axiom,1,0,Algebra_Group_Basic,0,0,0,0,0,0,0,0
neg_add_cancel_right,0,axiom,1,0,Algebra_Group_Basic,0,0,0,0,0,0,0,0
neg_add_eq_iff_eq_add,1,theorem,1,0,Algebra_Group_Basic,0,0,0,0,0,0,0,0
neg_add_eq_neg_add_iff_add_eq_add,1,theorem,0,0,Algebra_Group_Basic,0,0,0,0,0,0,0,0
neg_add_eq_of_eq_add,1,theorem,0,0,Algebra_Group_Basic,0,0,0,0,0,0,0,0
neg_add_eq_sub,1,theorem,0,0,Algebra_Group_Basic,0,0,0,0,0,0,0,0
neg_add_eq_zero,1,theorem,0,0,Algebra_Group_Basic,0,0,0,0,0,0,0,0
neg_add_rev,0,axiom,1,0,Algebra_Group_Basic,0,0,0,0,0,0,0,0
neg_bijective,1,theorem,0,0,Algebra_Group_Basic,0,0,0,0,0,0,0,0
neg_comp_neg,1,theorem,0,0,Algebra_Group_Basic,0,0,0,0,0,0,0,0
neg_eq_iff_add_eq_zero,1,theorem,0,0,Algebra_Group_Basic,0,0,0,0,0,0,0,0
neg_eq_iff_eq_neg,1,theorem,1,0,Algebra_Group_Basic|Analysis_SpecialFunctions_Log_Basic,0,0,0,0,0,0,0,0
neg_eq_of_add_eq_zero_right,0,axiom,1,0,Algebra_Group_Basic,0,0,0,0,0,0,0,0
neg_eq_zero,1,theorem,1,0,Algebra_Group_Basic,0,0,0,0,0,0,0,0
neg_eq_zero._simp_1,1,theorem,0,0,Algebra_Group_Basic,0,0,0,0,0,0,0,0
neg_inj,1,theorem,1,0,Algebra_Group_Basic,0,0,0,0,0,0,0,0
neg_inj._simp_1,1,theorem,0,0,Algebra_Group_Basic,0,0,0,0,0,0,0,0
neg_injective,1,theorem,1,0,Algebra_Group_Basic,0,0,0,0,0,0,0,0
neg_involutive,1,theorem,1,0,Algebra_Group_Basic,0,0,0,0,0,0,0,0
neg_involutive._simp_1,1,theorem,0,0,Algebra_Group_Basic,0,0,0,0,0,0,0,0
neg_le,0,axiom,1,0,Analysis_SpecialFunctions_Log_Basic,0,0,0,0,0,0,0,0
neg_le_sub_iff_le_add._simp_1,0,theorem,1,1,Analysis_SpecialFunctions_Log_Basic,0,0,0,0,1,0,0,0
neg_lt_neg_iff,0,axiom,1,0,Analysis_SpecialFunctions_Log_Basic,0,0,0,0,0,0,0,0
neg_lt_zero,0,axiom,1,0,Analysis_SpecialFunctions_Log_Basic,0,0,0,0,0,0,0,0
neg_mul,0,axiom,1,0,Analysis_SpecialFunctions_Log_Basic,0,0,0,0,0,0,0,0
neg_mul_eq_neg_mul,0,axiom,1,0,Analysis_SpecialFunctions_Log_Basic,0,0,0,0,0,0,0,0
neg_ne_zero,1,theorem,0,0,Algebra_Group_Basic,0,0,0,0,0,0,0,0
neg_neg,0,axiom,1,0,Algebra_Group_Basic|Analysis_SpecialFunctions_Log_Basic,0,0,0,0,0,0,0,0
neg_neg_of_pos,0,axiom,1,0,Analysis_SpecialFunctions_Log_Basic,0,0,0,0,0,0,0,0
neg_neg_sub_neg,1,theorem,0,0,Algebra_Group_Basic,0,0,0,0,0,0,0,0
neg_nsmul,1,theorem,1,0,Algebra_Group_Basic,0,0,0,0,0,0,0,0
neg_nsmul._f,1,def,1,1,Algebra_Group_Basic,0,0,0,0,1,0,0,0
neg_one_zsmul,0,axiom,1,0,Algebra_Group_Basic,0,0,0,0,0,0,0,0
neg_one_zsmul_add,1,theorem,0,0,Algebra_Group_Basic,0,0,0,0,0,0,0,0
neg_pos,0,axiom,1,0,Analysis_SpecialFunctions_Log_Basic,0,0,0,0,0,0,0,0
neg_sub,1,theorem,1,0,Algebra_Group_Basic,0,0,0,0,0,0,0,0
neg_sub',1,theorem,0,0,Algebra_Group_Basic,0,0,0,0,0,0,0,0
neg_sub_comm,1,theorem,0,0,Algebra_Group_Basic,0,0,0,0,0,0,0,0
neg_sub_left,1,theorem,0,0,Algebra_Group_Basic,0,0,0,0,0,0,0,0
neg_sub_neg,1,theorem,0,0,Algebra_Group_Basic,0,0,0,0,0,0,0,0
neg_surjective,1,theorem,1,0,Algebra_Group_Basic,0,0,0,0,0,0,0,0
neg_surjective._simp_1,1,theorem,0,0,Algebra_Group_Basic,0,0,0,0,0,0,0,0
neg_unique,1,theorem,0,0,Algebra_Group_Basic,0,0,0,0,0,0,0,0
neg_zero,0,axiom,1,0,Algebra_Group_Basic|Analysis_SpecialFunctions_Log_Basic,0,0,0,0,0,0,0,0
neg_zsmul,1,theorem,1,0,Algebra_Group_Basic,0,0,0,0,0,0,0,0
nhds,0,def,1,0,Analysis_SpecialFunctions_Log_Basic|Topology_Basic,0,0,0,0,0,0,0,0
nhdsWithin,0,def,1,0,Analysis_SpecialFunctions_Log_Basic,0,0,0,0,0,0,0,0
nhdsWithin_le_nhds,0,axiom,1,0,Analysis_SpecialFunctions_Log_Basic,0,0,0,0,0,0,0,0
nhdsWithin_mono,0,axiom,1,0,Analysis_SpecialFunctions_Log_Basic,0,0,0,0,0,0,0,0
noConfusion_of_Nat,0,axiom,1,0,Logic_Function_Basic,0,0,0,0,0,0,0,0
not_and_or,0,axiom,1,0,Logic_Function_Basic,0,0,0,0,0,0,0,0
not_congr,0,axiom,1,0,Algebra_Group_Basic|Order_Lattice,0,0,0,0,0,0,0,0
not_false_eq_true,0,axiom,1,0,Analysis_SpecialFunctions_Log_Basic|Data_Nat_GCD_Basic|Logic_Function_Basic|Order_Lattice,0,0,0,0,0,0,0,0
not_forall_not,0,axiom,1,0,Logic_Function_Basic,0,0,0,0,0,0,0,0
not_imp_not,0,axiom,1,0,Logic_Function_Basic,0,0,0,0,0,0,0,0
not_lt,0,axiom,1,0,Analysis_SpecialFunctions_Log_Basic,0,0,0,0,0,0,0,0
not_lt._simp_1,0,theorem,1,1,Analysis_SpecialFunctions_Log_Basic,0,0,0,0,1,0,0,0
not_or,0,axiom,1,0,Analysis_SpecialFunctions_Log_Basic,0,0,0,0,0,0,0,0
not_subsingleton,0,axiom,1,0,Logic_Function_Basic,0,0,0,0,0,0,0,0
not_tendsto_nhds_of_tendsto_atBot,0,axiom,1,0,Analysis_SpecialFunctions_Log_Basic,0,0,0,0,0,0,0,0
nsmul_add,1,theorem,1,0,Algebra_Group_Basic,0,0,0,0,0,0,0,0
nsmul_add._f,1,def,1,1,Algebra_Group_Basic,0,0,0,0,1,0,0,0
nsmul_add_nsmul_eq_zero,1,theorem,0,0,Algebra_Group_Basic,0,0,0,0,0,0,0,0
nsmul_add_nsmul_eq_zero._f,1,def,1,1,Algebra_Group_Basic,0,0,0,0,1,0,0,0
nsmul_add_sub_nsmul,1,theorem,0,0,Algebra_Group_Basic,0,0,0,0,0,0,0,0
nsmul_eq_mod_nsmul,1,theorem,0,0,Algebra_Group_Basic,0,0,0,0,0,0,0,0
nsmul_iterate,1,theorem,0,0,Algebra_Group_Basic,0,0,0,0,0,0,0,0
nsmul_iterate._f,1,def,1,1,Algebra_Group_Basic,0,0,0,0,1,0,0,0
nsmul_sub,1,theorem,0,0,Algebra_Group_Basic,0,0,0,0,0,0,0,0
nsmul_zero,0,axiom,1,0,Algebra_Group_Basic,0,0,0,0,0,0,0,0
nsmul_zero_sub,1,theorem,0,0,Algebra_Group_Basic,0,0,0,0,0,0,0,0
ofDual_inf,1,theorem,0,0,Order_Lattice,0,0,0,0,0,0,0,0
ofDual_max,1,theorem,0,0,Order_Lattice,0,0,0,0,0,0,0,0
ofDual_min,1,theorem,0,0,Order_Lattice,0,0,0,0,0,0,0,0
ofDual_sup,1,theorem,0,0,Order_Lattice,0,0,0,0,0,0,0,0
ofNat_zsmul,0,axiom,1,0,Algebra_Group_Basic,0,0,0,0,0,0,0,0
of_decide_eq_true,0,axiom,1,0,Analysis_SpecialFunctions_Log_Basic|Data_Nat_GCD_Basic,0,0,0,0,0,0,0,0
of_eq_false,0,axiom,1,0,Order_Lattice,0,0,0,0,0,0,0,0
of_eq_true,0,axiom,1,0,Algebra_Group_Basic|Analysis_SpecialFunctions_Log_Basic|Data_Nat_GCD_Basic|Logic_Function_Basic|Order_Lattice|Topology_Basic,0,0,0,0,0,0,0,0
one_add_div,0,axiom,1,0,Analysis_SpecialFunctions_Log_Basic,0,0,0,0,0,0,0,0
one_add_one_eq_two,0,axiom,1,0,Analysis_SpecialFunctions_Log_Basic,0,0,0,0,0,0,0,0
one_add_zsmul,1,theorem,0,0,Algebra_Group_Basic,0,0,0,0,0,0,0,0
one_div,0,axiom,1,0,Algebra_Group_Basic|Analysis_SpecialFunctions_Log_Basic,0,0,0,0,0,0,0,0
one_div_div,1,theorem,0,0,Algebra_Group_Basic,0,0,0,0,0,0,0,0
one_div_mul_eq_div,1,theorem,0,0,Algebra_Group_Basic,0,0,0,0,0,0,0,0
one_div_mul_one_div,1,theorem,0,0,Algebra_Group_Basic,0,0,0,0,0,0,0,0
one_div_mul_one_div_rev,1,theorem,0,0,Algebra_Group_Basic,0,0,0,0,0,0,0,0
one_div_one,1,theorem,0,0,Algebra_Group_Basic,0,0,0,0,0,0,0,0
one_div_one_div,1,theorem,1,0,Algebra_Group_Basic,0,0,0,0,0,0,0,0
one_div_pow,1,theorem,0,0,Algebra_Group_Basic,0,0,0,0,0,0,0,0
one_div_zpow,1,theorem,0,0,Algebra_Group_Basic,0,0,0,0,0,0,0,0
one_eq_inv,1,theorem,1,0,Algebra_Group_Basic,0,0,0,0,0,0,0,0
one_eq_inv._simp_1,1,theorem,0,0,Algebra_Group_Basic,0,0,0,0,0,0,0,0
one_mul,0,axiom,1,0,Algebra_Group_Basic|Analysis_SpecialFunctions_Log_Basic|Data_Nat_GCD_Basic,0,0,0,0,0,0,0,0
one_mul_eq_id,1,theorem,0,0,Algebra_Group_Basic,0,0,0,0,0,0,0,0
one_ne_zero,0,axiom,1,0,Analysis_SpecialFunctions_Log_Basic,0,0,0,0,0,0,0,0
one_ne_zero._simp_1,0,theorem,1,1,Analysis_SpecialFunctions_Log_Basic,0,0,0,0,1,0,0,0
one_nsmul,0,axiom,1,0,Algebra_Group_Basic,0,0,0,0,0,0,0,0
one_pow,0,axiom,1,0,Algebra_Group_Basic|Data_Nat_GCD_Basic,0,0,0,0,0,0,0,0
one_sub_natCast_zsmul,1,theorem,0,0,Algebra_Group_Basic,0,0,0,0,0,0,0,0
one_zpow,1,theorem,1,0,Algebra_Group_Basic,0,0,0,0,0,0,0,0
one_zsmul,0,axiom,1,0,Algebra_Group_Basic,0,0,0,0,0,0,0,0
or_false,0,axiom,1,0,Analysis_SpecialFunctions_Log_Basic|Logic_Function_Basic,0,0,0,0,0,0,0,0
or_imp,0,axiom,1,0,Order_Lattice,0,0,0,0,0,0,0,0
or_true,0,axiom,1,0,Analysis_SpecialFunctions_Log_Basic,0,0,0,0,0,0,0,0
orderTopology_of_ordConnected,0,axiom,1,1,Analysis_SpecialFunctions_Log_Basic,1,0,0,0,0,0,0,0
outParam,0,def,1,0,Data_Nat_GCD_Basic|Logic_Function_Basic,0,0,0,0,0,0,0,0
pairwise_iff_gt,1,theorem,1,0,Order_Lattice,0,0,0,0,0,0,0,0
pairwise_iff_lt,1,theorem,1,0,Order_Lattice,0,0,0,0,0,0,0,0
pow_add,0,axiom,1,0,Algebra_Group_Basic|Data_Nat_GCD_Basic,0,0,0,0,0,0,0,0
pow_boole,1,theorem,0,0,Algebra_Group_Basic,0,0,0,0,0,0,0,0
pow_dite,1,theorem,1,0,Algebra_Group_Basic,0,0,0,0,0,0,0,0
pow_eq_pow_mod,1,theorem,0,0,Algebra_Group_Basic,0,0,0,0,0,0,0,0
pow_ite,1,theorem,1,0,Algebra_Group_Basic,0,0,0,0,0,0,0,0
pow_iterate,1,theorem,0,0,Algebra_Group_Basic,0,0,0,0,0,0,0,0
pow_iterate._f,1,def,1,1,Algebra_Group_Basic,0,0,0,0,1,0,0,0
pow_mul,0,axiom,1,0,Algebra_Group_Basic,0,0,0,0,0,0,0,0
pow_mul_pow_eq_one,1,theorem,0,0,Algebra_Group_Basic,0,0,0,0,0,0,0,0
pow_mul_pow_eq_one._f,1,def,1,1,Algebra_Group_Basic,0,0,0,0,1,0,0,0
pow_mul_pow_sub,1,theorem,0,0,Algebra_Group_Basic,0,0,0,0,0,0,0,0
pow_natAbs_eq_one,1,theorem,1,0,Algebra_Group_Basic,0,0,0,0,0,0,0,0
pow_natAbs_eq_one._simp_1,1,theorem,0,0,Algebra_Group_Basic,0,0,0,0,0,0,0,0
pow_ne_zero,0,axiom,1,0,Analysis_SpecialFunctions_Log_Basic,0,0,0,0,0,0,0,0
pow_one,0,axiom,1,0,Algebra_Group_Basic|Analysis_SpecialFunctions_Log_Basic,0,0,0,0,0,0,0,0
pow_sub,1,theorem,1,0,Algebra_Group_Basic,0,0,0,0,0,0,0,0
pow_sub_mul_pow,1,theorem,0,0,Algebra_Group_Basic,0,0,0,0,0,0,0,0
pow_sub_one_mul,1,theorem,0,0,Algebra_Group_Basic,0,0,0,0,0,0,0,0
pow_succ,0,axiom,1,0,Algebra_Group_Basic|Analysis_SpecialFunctions_Log_Basic,0,0,0,0,0,0,0,0
pow_succ',0,axiom,1,0,Algebra_Group_Basic,0,0,0,0,0,0,0,0
pow_zero,0,axiom,1,0,Algebra_Group_Basic|Analysis_SpecialFunctions_Log_Basic|Data_Nat_GCD_Basic,0,0,0,0,0,0,0,0
propext,0,axiom,1,1,Algebra_Group_Basic|Analysis_SpecialFunctions_Log_Basic|Data_Nat_GCD_Basic|Logic_Function_Basic|Order_Lattice|Topology_Basic,0,0,0,0,0,1,0,0
refl_of,0,axiom,1,0,Logic_Function_Basic,0,0,0,0,0,0,0,0
rfl,0,def,1,1,Analysis_SpecialFunctions_Log_Basic|Logic_Function_Basic|Order_Lattice|Topology_Basic,0,0,0,0,0,1,0,0
rightInverse_inv,1,theorem,0,0,Algebra_Group_Basic,0,0,0,0,0,0,0,0
rightInverse_neg,1,theorem,0,0,Algebra_Group_Basic,0,0,0,0,0,0,0,0
right_eq_add,1,theorem,1,0,Algebra_Group_Basic,0,0,0,0,0,0,0,0
right_eq_add._simp_1,1,theorem,0,0,Algebra_Group_Basic,0,0,0,0,0,0,0,0
right_eq_inf,1,theorem,1,0,Order_Lattice,0,0,0,0,0,0,0,0
right_eq_inf._simp_1,1,theorem,0,0,Order_Lattice,0,0,0,0,0,0,0,0
right_eq_mul,1,theorem,1,0,Algebra_Group_Basic,0,0,0,0,0,0,0,0
right_eq_mul._simp_1,1,theorem,0,0,Algebra_Group_Basic,0,0,0,0,0,0,0,0
right_eq_sup,1,theorem,1,0,Order_Lattice,0,0,0,0,0,0,0,0
right_eq_sup._simp_1,1,theorem,0,0,Order_Lattice,0,0,0,0,0,0,0,0
right_lt_sup,1,theorem,1,0,Order_Lattice,0,0,0,0,0,0,0,0
right_lt_sup._simp_1,1,theorem,0,0,Order_Lattice,0,0,0,0,0,0,0,0
right_ne_add,1,theorem,0,0,Algebra_Group_Basic,0,0,0,0,0,0,0,0
right_ne_mul,1,theorem,0,0,Algebra_Group_Basic,0,0,0,0,0,0,0,0
semigroupDvd,0,def,1,1,Data_Nat_GCD_Basic,1,0,0,0,0,0,0,0
semilatticeSup_mk'_partialOrder_eq_semilatticeInf_mk'_partialOrder,1,theorem,1,0,Order_Lattice,0,0,0,0,0,0,0,0
smul_dite,1,theorem,1,0,Algebra_Group_Basic,0,0,0,0,0,0,0,0
smul_ite,1,theorem,0,0,Algebra_Group_Basic,0,0,0,0,0,0,0,0
sub_add,1,theorem,1,0,Algebra_Group_Basic,0,0,0,0,0,0,0,0
sub_add_add_cancel,1,theorem,0,0,Algebra_Group_Basic,0,0,0,0,0,0,0,0
sub_add_cancel,0,axiom,1,0,Algebra_Group_Basic,0,0,0,0,0,0,0,0
sub_add_cancel_left,1,theorem,0,0,Algebra_Group_Basic,0,0,0,0,0,0,0,0
sub_add_cancel_right,1,theorem,0,0,Algebra_Group_Basic,0,0,0,0,0,0,0,0
sub_add_comm,1,theorem,0,0,Algebra_Group_Basic,0,0,0,0,0,0,0,0
sub_add_eq_add_sub,1,theorem,1,0,Algebra_Group_Basic,0,0,0,0,0,0,0,0
sub_add_eq_sub_add_zero_sub,1,theorem,0,0,Algebra_Group_Basic,0,0,0,0,0,0,0,0
sub_add_eq_sub_sub,1,theorem,0,0,Algebra_Group_Basic,0,0,0,0,0,0,0,0
sub_add_eq_sub_sub_swap,1,theorem,1,0,Algebra_Group_Basic,0,0,0,0,0,0,0,0
sub_add_sub_cancel,1,theorem,1,0,Algebra_Group_Basic,0,0,0,0,0,0,0,0
sub_add_sub_cancel',1,theorem,0,0,Algebra_Group_Basic,0,0,0,0,0,0,0,0
sub_add_sub_comm,1,theorem,0,0,Algebra_Group_Basic,0,0,0,0,0,0,0,0
sub_eq_add_neg,0,axiom,1,0,Algebra_Group_Basic,0,0,0,0,0,0,0,0
sub_eq_add_zero_sub,1,theorem,0,0,Algebra_Group_Basic,0,0,0,0,0,0,0,0
sub_eq_iff_comm,1,theorem,0,0,Algebra_Group_Basic,0,0,0,0,0,0,0,0
sub_eq_iff_eq_add,1,theorem,1,0,Algebra_Group_Basic,0,0,0,0,0,0,0,0
sub_eq_iff_eq_add',1,theorem,1,0,Algebra_Group_Basic,0,0,0,0,0,0,0,0
sub_eq_neg_add,1,theorem,1,0,Algebra_Group_Basic,0,0,0,0,0,0,0,0
sub_eq_neg_self,1,theorem,1,0,Algebra_Group_Basic,0,0,0,0,0,0,0,0
sub_eq_neg_self._simp_1,1,theorem,0,0,Algebra_Group_Basic,0,0,0,0,0,0,0,0
sub_eq_of_eq_add,1,theorem,0,0,Algebra_Group_Basic,0,0,0,0,0,0,0,0
sub_eq_of_eq_add',1,theorem,0,0,Algebra_Group_Basic,0,0,0,0,0,0,0,0
sub_eq_self,1,theorem,1,0,Algebra_Group_Basic,0,0,0,0,0,0,0,0
sub_eq_self._simp_1,1,theorem,0,0,Algebra_Group_Basic,0,0,0,0,0,0,0,0
sub_eq_sub_add_sub,1,theorem,0,0,Algebra_Group_Basic,0,0,0,0,0,0,0,0
sub_eq_sub_iff_add_eq_add,1,theorem,1,0,Algebra_Group_Basic,0,0,0,0,0,0,0,0
sub_eq_sub_iff_comm,1,theorem,0,0,Algebra_Group_Basic,0,0,0,0,0,0,0,0
sub_eq_sub_iff_sub_eq_sub,1,theorem,0,0,Algebra_Group_Basic,0,0,0,0,0,0,0,0
sub_eq_zero,1,theorem,1,0,Algebra_Group_Basic,0,0,0,0,0,0,0,0
sub_eq_zero_of_eq,1,theorem,1,0,Algebra_Group_Basic|Analysis_SpecialFunctions_Log_Basic,0,0,0,0,0,0,0,0
sub_left_inj,1,theorem,1,0,Algebra_Group_Basic,0,0,0,0,0,0,0,0
sub_left_inj._simp_1,1,theorem,0,0,Algebra_Group_Basic,0,0,0,0,0,0,0,0
sub_left_injective,1,theorem,0,0,Algebra_Group_Basic,0,0,0,0,0,0,0,0
sub_ne_zero,1,theorem,0,0,Algebra_Group_Basic,0,0,0,0,0,0,0,0
sub_ne_zero_of_ne,1,theorem,0,0,Algebra_Group_Basic,0,0,0,0,0,0,0,0
sub_neg_eq_add,1,theorem,1,0,Algebra_Group_Basic,0,0,0,0,0,0,0,0
sub_nsmul,1,theorem,1,0,Algebra_Group_Basic,0,0,0,0,0,0,0,0
sub_nsmul_neg,1,theorem,0,0,Algebra_Group_Basic,0,0,0,0,0,0,0,0
sub_nsmul_nsmul_add,1,theorem,0,0,Algebra_Group_Basic,0,0,0,0,0,0,0,0
sub_one_nsmul_add,1,theorem,0,0,Algebra_Group_Basic,0,0,0,0,0,0,0,0
sub_one_zsmul,1,theorem,1,0,Algebra_Group_Basic,0,0,0,0,0,0,0,0
sub_right_comm,1,theorem,0,0,Algebra_Group_Basic,0,0,0,0,0,0,0,0
sub_right_inj,1,theorem,1,0,Algebra_Group_Basic,0,0,0,0,0,0,0,0
sub_right_inj._simp_1,1,theorem,0,0,Algebra_Group_Basic,0,0,0,0,0,0,0,0
sub_right_injective,1,theorem,1,0,Algebra_Group_Basic,0,0,0,0,0,0,0,0
sub_self,0,axiom,1,0,Algebra_Group_Basic,0,0,0,0,0,0,0,0
sub_sub,1,theorem,0,0,Algebra_Group_Basic,0,0,0,0,0,0,0,0
sub_sub_cancel,1,theorem,1,0,Algebra_Group_Basic,0,0,0,0,0,0,0,0
sub_sub_cancel_left,1,theorem,0,0,Algebra_Group_Basic,0,0,0,0,0,0,0,0
sub_sub_eq_add_sub,1,theorem,0,0,Algebra_Group_Basic,0,0,0,0,0,0,0,0
sub_sub_self,1,theorem,1,0,Algebra_Group_Basic,0,0,0,0,0,0,0,0
sub_sub_sub_cancel_left,1,theorem,0,0,Algebra_Group_Basic,0,0,0,0,0,0,0,0
sub_sub_sub_cancel_right,1,theorem,0,0,Algebra_Group_Basic,0,0,0,0,0,0,0,0
sub_sub_sub_comm,1,theorem,0,0,Algebra_Group_Basic,0,0,0,0,0,0,0,0
sub_sub_sub_eq,1,theorem,0,0,Algebra_Group_Basic,0,0,0,0,0,0,0,0
sub_zero,1,theorem,1,0,Algebra_Group_Basic,0,0,0,0,0,0,0,0
sub_zsmul,1,theorem,1,0,Algebra_Group_Basic,0,0,0,0,0,0,0,0
succ_nsmul,0,axiom,1,0,Algebra_Group_Basic,0,0,0,0,0,0,0,0
succ_nsmul',0,axiom,1,0,Algebra_Group_Basic,0,0,0,0,0,0,0,0
sup_assoc,1,theorem,1,0,Order_Lattice,0,0,0,0,0,0,0,0
sup_comm,1,theorem,1,0,Order_Lattice,0,0,0,0,0,0,0,0
sup_congr_left,1,theorem,1,0,Order_Lattice,0,0,0,0,0,0,0,0
sup_congr_right,1,theorem,1,0,Order_Lattice,0,0,0,0,0,0,0,0
sup_eq_and_inf_eq_iff,1,theorem,0,0,Order_Lattice,0,0,0,0,0,0,0,0
sup_eq_iff_inf_eq,1,theorem,0,0,Order_Lattice,0,0,0,0,0,0,0,0
sup_eq_inf,1,theorem,1,0,Order_Lattice,0,0,0,0,0,0,0,0
sup_eq_inf._simp_1,1,theorem,0,0,Order_Lattice,0,0,0,0,0,0,0,0
sup_eq_left,1,theorem,1,0,Order_Lattice,0,0,0,0,0,0,0,0
sup_eq_left._simp_1,1,theorem,0,0,Order_Lattice,0,0,0,0,0,0,0,0
sup_eq_maxDefault,1,theorem,1,0,Order_Lattice,0,0,0,0,0,0,0,0
sup_eq_right,1,theorem,1,0,Order_Lattice,0,0,0,0,0,0,0,0
sup_eq_right._simp_1,1,theorem,0,0,Order_Lattice,0,0,0,0,0,0,0,0
sup_eq_sup_iff_left,1,theorem,0,0,Order_Lattice,0,0,0,0,0,0,0,0
sup_eq_sup_iff_right,1,theorem,0,0,Order_Lattice,0,0,0,0,0,0,0,0
sup_idem,1,theorem,1,0,Order_Lattice,0,0,0,0,0,0,0,0
sup_ind,1,theorem,1,0,Order_Lattice,0,0,0,0,0,0,0,0
sup_inf_le,1,theorem,1,0,Order_Lattice,0,0,0,0,0,0,0,0
sup_inf_left,1,theorem,1,0,Order_Lattice,0,0,0,0,0,0,0,0
sup_inf_right,1,theorem,1,0,Order_Lattice,0,0,0,0,0,0,0,0
sup_inf_self,1,theorem,1,0,Order_Lattice,0,0,0,0,0,0,0,0
sup_le,1,theorem,1,0,Order_Lattice,0,0,0,0,0,0,0,0
sup_le_iff,1,theorem,1,0,Order_Lattice,0,0,0,0,0,0,0,0
sup_le_iff._simp_1,1,theorem,1,1,Order_Lattice,0,0,0,0,1,0,0,0
sup_le_inf,1,theorem,1,0,Order_Lattice,0,0,0,0,0,0,0,0
sup_le_sup,1,theorem,1,0,Order_Lattice,0,0,0,0,0,0,0,0
sup_le_sup_left,1,theorem,1,0,Order_Lattice,0,0,0,0,0,0,0,0
sup_le_sup_right,1,theorem,0,0,Order_Lattice,0,0,0,0,0,0,0,0
sup_left_comm,1,theorem,1,0,Order_Lattice,0,0,0,0,0,0,0,0
sup_left_idem,1,theorem,0,0,Order_Lattice,0,0,0,0,0,0,0,0
sup_left_right_swap,1,theorem,0,0,Order_Lattice,0,0,0,0,0,0,0,0
sup_lt_iff,1,theorem,1,0,Order_Lattice,0,0,0,0,0,0,0,0
sup_lt_iff._simp_1,1,theorem,0,0,Order_Lattice,0,0,0,0,0,0,0,0
sup_of_le_left,1,theorem,1,0,Order_Lattice,0,0,0,0,0,0,0,0
sup_of_le_right,1,theorem,1,0,Order_Lattice,0,0,0,0,0,0,0,0
sup_right_comm,1,theorem,0,0,Order_Lattice,0,0,0,0,0,0,0,0
sup_right_idem,1,theorem,0,0,Order_Lattice,0,0,0,0,0,0,0,0
sup_rotate,1,theorem,0,0,Order_Lattice,0,0,0,0,0,0,0,0
sup_rotate',1,theorem,0,0,Order_Lattice,0,0,0,0,0,0,0,0
sup_sup_distrib_left,1,theorem,0,0,Order_Lattice,0,0,0,0,0,0,0,0
sup_sup_distrib_right,1,theorem,0,0,Order_Lattice,0,0,0,0,0,0,0,0
sup_sup_sup_comm,1,theorem,1,0,Order_Lattice,0,0,0,0,0,0,0,0
symm,0,axiom,1,0,Algebra_Group_Basic|Order_Lattice,0,0,0,0,0,0,0,0
symm_def,0,axiom,1,0,Logic_Function_Basic,0,0,0,0,0,0,0,0
symm_of,0,axiom,1,0,Logic_Function_Basic,0,0,0,0,0,0,0,0
tendsto_abs_nhdsNE_zero,0,axiom,1,0,Analysis_SpecialFunctions_Log_Basic,0,0,0,0,0,0,0,0
tendsto_const_nhds,0,axiom,1,0,Analysis_SpecialFunctions_Log_Basic,0,0,0,0,0,0,0,0
tendsto_const_nhds_iff._simp_1,0,theorem,1,1,Analysis_SpecialFunctions_Log_Basic,0,0,0,0,1,0,0,0
tendsto_natCast_atTop_atTop,0,axiom,1,0,Analysis_SpecialFunctions_Log_Basic,0,0,0,0,0,0,0,0
tendsto_nhds_limUnder,1,theorem,0,0,Topology_Basic,0,0,0,0,0,0,0,0
three_ne_zero,0,axiom,1,0,Analysis_SpecialFunctions_Log_Basic,0,0,0,0,0,0,0,0
toDual_inf,1,theorem,0,0,Order_Lattice,0,0,0,0,0,0,0,0
toDual_max,1,theorem,0,0,Order_Lattice,0,0,0,0,0,0,0,0
toDual_min,1,theorem,0,0,Order_Lattice,0,0,0,0,0,0,0,0
toDual_sup,1,theorem,0,0,Order_Lattice,0,0,0,0,0,0,0,0
total_of,0,axiom,1,0,Algebra_Group_Basic|Logic_Function_Basic|Order_Lattice,0,0,0,0,0,0,0,0
trans_of,0,axiom,1,0,Logic_Function_Basic,0,0,0,0,0,0,0,0
true_and,0,axiom,1,0,Order_Lattice,0,0,0,0,0,0,0,0
tsub_le_iff_right._simp_1,0,theorem,1,1,Analysis_SpecialFunctions_Log_Basic,0,0,0,0,1,0,0,0
two_ne_zero,0,axiom,1,0,Analysis_SpecialFunctions_Log_Basic,0,0,0,0,0,0,0,0
type_eq_of_heq,0,axiom,1,0,Logic_Function_Basic,0,0,0,0,0,0,0,0
vadd_dite,1,theorem,1,0,Algebra_Group_Basic,0,0,0,0,0,0,0,0
vadd_ite,1,theorem,0,0,Algebra_Group_Basic,0,0,0,0,0,0,0,0
zero_add,0,axiom,1,0,Algebra_Group_Basic|Data_Nat_GCD_Basic,0,0,0,0,0,0,0,0
zero_add_eq_id,1,theorem,0,0,Algebra_Group_Basic,0,0,0,0,0,0,0,0
zero_dvd_iff._simp_1,0,theorem,1,1,Data_Nat_GCD_Basic,0,0,0,0,1,0,0,0
zero_eq_neg,1,theorem,1,0,Algebra_Group_Basic,0,0,0,0,0,0,0,0
zero_eq_neg._simp_1,1,theorem,0,0,Algebra_Group_Basic,0,0,0,0,0,0,0,0
zero_le_one,0,axiom,1,0,Analysis_SpecialFunctions_Log_Basic,0,0,0,0,0,0,0,0
zero_le_one._simp_1,0,theorem,1,1,Analysis_SpecialFunctions_Log_Basic,0,0,0,0,1,0,0,0
zero_lt_one,0,axiom,1,0,Analysis_SpecialFunctions_Log_Basic,0,0,0,0,0,0,0,0
zero_ne_one._simp_1,0,theorem,1,1,Data_Nat_GCD_Basic,0,0,0,0,1,0,0,0
zero_nsmul,0,axiom,1,0,Algebra_Group_Basic,0,0,0,0,0,0,0,0
zero_pow,0,axiom,1,0,Analysis_SpecialFunctions_Log_Basic,0,0,0,0,0,0,0,0
zero_pow_eq,0,axiom,1,0,Data_Nat_GCD_Basic,0,0,0,0,0,0,0,0
zero_sub,0,axiom,1,0,Algebra_Group_Basic|Analysis_SpecialFunctions_Log_Basic,0,0,0,0,0,0,0,0
zero_sub_add_eq_sub,1,theorem,0,0,Algebra_Group_Basic,0,0,0,0,0,0,0,0
zero_sub_add_zero_sub,1,theorem,0,0,Algebra_Group_Basic,0,0,0,0,0,0,0,0
zero_sub_add_zero_sub_rev,1,theorem,0,0,Algebra_Group_Basic,0,0,0,0,0,0,0,0
zero_sub_sub,1,theorem,0,0,Algebra_Group_Basic,0,0,0,0,0,0,0,0
zero_sub_zero,1,theorem,0,0,Algebra_Group_Basic,0,0,0,0,0,0,0,0
zero_sub_zero_sub,1,theorem,1,0,Algebra_Group_Basic,0,0,0,0,0,0,0,0
zero_zsmul,0,axiom,1,0,Algebra_Group_Basic,0,0,0,0,0,0,0,0
zpow_add,1,theorem,1,0,Algebra_Group_Basic,0,0,0,0,0,0,0,0
zpow_add_one,1,theorem,1,0,Algebra_Group_Basic,0,0,0,0,0,0,0,0
zpow_comm,1,theorem,0,0,Algebra_Group_Basic,0,0,0,0,0,0,0,0
zpow_eq_zpow_emod,1,theorem,1,0,Algebra_Group_Basic,0,0,0,0,0,0,0,0
zpow_eq_zpow_emod',1,theorem,0,0,Algebra_Group_Basic,0,0,0,0,0,0,0,0
zpow_induction_left,1,theorem,0,0,Algebra_Group_Basic,0,0,0,0,0,0,0,0
zpow_induction_right,1,theorem,0,0,Algebra_Group_Basic,0,0,0,0,0,0,0,0
zpow_iterate,1,theorem,0,0,Algebra_Group_Basic,0,0,0,0,0,0,0,0
zpow_iterate._f,1,def,1,1,Algebra_Group_Basic,0,0,0,0,1,0,0,0
zpow_mul,1,theorem,1,0,Algebra_Group_Basic,0,0,0,0,0,0,0,0
zpow_mul',1,theorem,1,0,Algebra_Group_Basic,0,0,0,0,0,0,0,0
zpow_mul_comm,1,theorem,0,0,Algebra_Group_Basic,0,0,0,0,0,0,0,0
zpow_natCast,0,axiom,1,0,Algebra_Group_Basic|Analysis_SpecialFunctions_Log_Basic,0,0,0,0,0,0,0,0
zpow_natCast_sub_natCast,1,theorem,0,0,Algebra_Group_Basic,0,0,0,0,0,0,0,0
zpow_natCast_sub_one,1,theorem,0,0,Algebra_Group_Basic,0,0,0,0,0,0,0,0
zpow_ne_zero,0,axiom,1,0,Analysis_SpecialFunctions_Log_Basic,0,0,0,0,0,0,0,0
zpow_neg,1,theorem,1,0,Algebra_Group_Basic,0,0,0,0,0,0,0,0
zpow_negSucc,0,axiom,1,0,Algebra_Group_Basic|Analysis_SpecialFunctions_Log_Basic,0,0,0,0,0,0,0,0
zpow_neg_one,0,axiom,1,0,Algebra_Group_Basic,0,0,0,0,0,0,0,0
zpow_ofNat,0,axiom,1,0,Algebra_Group_Basic,0,0,0,0,0,0,0,0
zpow_one,0,axiom,1,0,Algebra_Group_Basic,0,0,0,0,0,0,0,0
zpow_one_add,1,theorem,0,0,Algebra_Group_Basic,0,0,0,0,0,0,0,0
zpow_one_sub_natCast,1,theorem,0,0,Algebra_Group_Basic,0,0,0,0,0,0,0,0
zpow_sub,1,theorem,1,0,Algebra_Group_Basic,0,0,0,0,0,0,0,0
zpow_sub_one,1,theorem,1,0,Algebra_Group_Basic,0,0,0,0,0,0,0,0
zpow_zero,0,axiom,1,0,Algebra_Group_Basic,0,0,0,0,0,0,0,0
zsmul_add,1,theorem,1,0,Algebra_Group_Basic,0,0,0,0,0,0,0,0
zsmul_add_comm,1,theorem,0,0,Algebra_Group_Basic,0,0,0,0,0,0,0,0
zsmul_comm,1,theorem,0,0,Algebra_Group_Basic,0,0,0,0,0,0,0,0
zsmul_induction_left,1,theorem,0,0,Algebra_Group_Basic,0,0,0,0,0,0,0,0
zsmul_induction_right,1,theorem,0,0,Algebra_Group_Basic,0,0,0,0,0,0,0,0
zsmul_iterate,1,theorem,0,0,Algebra_Group_Basic,0,0,0,0,0,0,0,0
zsmul_iterate._f,1,def,1,1,Algebra_Group_Basic,0,0,0,0,1,0,0,0
zsmul_neg,1,theorem,1,0,Algebra_Group_Basic,0,0,0,0,0,0,0,0
zsmul_neg',1,theorem,0,0,Algebra_Group_Basic,0,0,0,0,0,0,0,0
zsmul_sub,1,theorem,0,0,Algebra_Group_Basic,0,0,0,0,0,0,0,0
zsmul_zero,1,theorem,0,0,Algebra_Group_Basic,0,0,0,0,0,0,0,0
zsmul_zero_sub,1,theorem,0,0,Algebra_Group_Basic,0,0,0,0,0,0,0,0
